user_id|Name|Phone|Address|Country
1|Michael Jones|555-614-1039|212 Lakeview Dr, Riverside|MX
2|Mary Brown|555-157-4497|7991 Lakeview Dr, Bristol|CO
3|Jennifer Garcia|555-716-4875|6321 Pine St, Madison|PE
4|Jennifer Miller|555-597-3067|8313 Main St, Franklin|CL
5|Mary Brown|555-891-5991|1144 Main St, Springfield|MX
6|Michael Smith|555-931-8460|1483 Pine St, Madison|CO
7|Robert Johnson|555-771-1442|481 Cedar Rd, Madison|PE
8|John Davis|555-829-9971|1791 Maple St, Bristol|CL
9|Linda Williams|555-655-4634|2092 Oak Ave, Springfield|MX
10|Robert Jones|555-696-4575|2293 Oak Ave, Madison|CO
11|Patricia Smith|555-365-3055|9960 Oak Ave, Riverside|PE
12|Jennifer Smith|555-618-3617|781 Oak Ave, Springfield|CL
13|John Garcia|555-236-8548|3817 Lakeview Dr, Franklin|MX
14|James Miller|555-460-6768|4523 Oak Ave, Bristol|CO
15|Mary Smith|555-789-3924|1073 Pine St, Madison|PE
16|Jennifer Garcia|555-673-2884|6758 Lakeview Dr, Madison|CL
17|James Garcia|555-232-6689|4813 Pine St, Springfield|MX
18|Robert Johnson|555-114-2175|4334 Main St, Springfield|CO
19|Mary Williams|555-254-9714|9539 Oak Ave, Madison|PE
20|Patricia Brown|555-739-3895|3862 Cedar Rd, Greenville|CL
21|Mary Jones|555-748-2127|4705 Maple St, Riverside|MX
22|Robert Garcia|555-804-9532|9286 Cedar Rd, Bristol|CO
23|John Jones|555-182-8653|8578 Lakeview Dr, Riverside|PE
24|Linda Brown|555-963-8233|5677 Lakeview Dr, Riverside|CL
25|Michael Smith|555-565-4515|485 Oak Ave, Bristol|MX
26|Patricia Williams|555-290-5356|2563 Lakeview Dr, Franklin|CO
27|James Davis|555-186-8124|5685 Main St, Greenville|PE
28|Patricia Johnson|555-591-1712|4703 Maple St, Greenville|CL
29|Linda Jones|555-648-6397|1201 Cedar Rd, Greenville|MX
30|John Garcia|555-473-4832|7015 Main St, Madison|CO
31|Patricia Jones|555-548-6693|1948 Oak Ave, Madison|PE
32|James Jones|555-833-6758|2271 Lakeview Dr, Riverside|CL
33|Patricia Jones|555-214-4082|5274 Cedar Rd, Bristol|MX
34|Mary Davis|555-243-7345|5918 Cedar Rd, Madison|CO
35|Robert Jones|555-205-8996|5083 Maple St, Springfield|PE
36|Linda Jones|555-211-9432|1580 Pine St, Madison|CL
37|Patricia Johnson|555-963-7115|5840 Cedar Rd, Riverside|MX
38|Patricia Smith|555-963-5147|9360 Lakeview Dr, Springfield|CO
39|Michael Smith|555-304-6853|1051 Lakeview Dr, Greenville|PE
40|Patricia Garcia|555-632-7200|2237 Oak Ave, Greenville|CL
41|Michael Brown|555-254-1691|907 Lakeview Dr, Greenville|MX
42|John Smith|555-481-7983|3252 Main St, Franklin|CO
43|John Miller|555-814-8748|9384 Maple St, Riverside|PE
44|Linda Brown|555-843-7976|6915 Main St, Bristol|CL
45|Robert Brown|555-135-2024|1363 Main St, Bristol|MX
46|Michael Davis|555-763-2916|2344 Lakeview Dr, Springfield|CO
47|John Davis|555-185-3587|5559 Main St, Springfield|PE
48|Michael Jones|555-164-7293|9889 Maple St, Bristol|CL
49|Patricia Brown|555-342-1587|6436 Main St, Bristol|MX
50|Patricia Jones|555-134-3804|1769 Maple St, Greenville|CO
51|Jennifer Smith|555-386-6749|8295 Main St, Greenville|PE
52|Patricia Jones|555-303-9028|8115 Main St, Riverside|CL
53|Mary Williams|555-848-4071|7685 Main St, Riverside|MX
54|Jennifer Brown|555-695-3454|246 Lakeview Dr, Greenville|CO
55|Jennifer Williams|555-506-2325|6175 Cedar Rd, Springfield|PE
56|Linda Brown|555-955-1616|4825 Maple St, Riverside|CL
57|John Miller|555-818-1789|4513 Oak Ave, Greenville|MX
58|Linda Miller|555-657-6413|2734 Cedar Rd, Riverside|CO
59|James Jones|555-465-7505|4540 Oak Ave, Greenville|PE
60|Robert Jones|555-192-7148|1199 Pine St, Franklin|CL
61|Jennifer Davis|555-271-9902|1671 Oak Ave, Riverside|MX
62|Patricia Johnson|555-944-2597|5359 Pine St, Bristol|CO
63|Robert Johnson|555-915-5514|9544 Lakeview Dr, Franklin|PE
64|John Garcia|555-441-7332|9491 Oak Ave, Springfield|CL
65|Mary Smith|555-502-9952|5341 Oak Ave, Bristol|MX
66|James Smith|555-721-6420|8978 Maple St, Franklin|CO
67|Mary Smith|555-551-7290|4406 Maple St, Greenville|PE
68|Linda Jones|555-837-9394|2436 Maple St, Springfield|CL
69|Robert Miller|555-211-1411|1795 Maple St, Franklin|MX
70|Mary Johnson|555-710-8270|6608 Pine St, Greenville|CO
71|Michael Smith|555-546-3484|7339 Cedar Rd, Madison|PE
72|John Miller|555-998-2977|8015 Oak Ave, Riverside|CL
73|John Jones|555-466-3621|8146 Lakeview Dr, Madison|MX
74|Robert Williams|555-799-5685|6284 Main St, Franklin|CO
75|Michael Garcia|555-401-7773|6465 Cedar Rd, Springfield|PE
76|John Miller|555-309-1585|6231 Main St, Bristol|CL
77|James Johnson|555-415-2111|7844 Oak Ave, Bristol|MX
78|Robert Garcia|555-779-4443|2894 Pine St, Greenville|CO
79|Robert Jones|555-631-7192|6118 Cedar Rd, Bristol|PE
80|Michael Brown|555-666-5597|7140 Pine St, Franklin|CL
81|James Johnson|555-407-3406|6119 Maple St, Greenville|MX
82|Michael Jones|555-634-6535|5453 Main St, Riverside|CO
83|Michael Garcia|555-704-1933|2005 Maple St, Bristol|PE
84|Mary Jones|555-104-9882|1504 Cedar Rd, Springfield|CL
85|James Miller|555-222-6032|445 Cedar Rd, Springfield|MX
86|James Johnson|555-997-1575|1177 Maple St, Greenville|CO
87|Patricia Williams|555-672-3088|9661 Maple St, Madison|PE
88|Michael Smith|555-959-4651|3913 Main St, Franklin|CL
89|John Davis|555-179-3294|9986 Lakeview Dr, Franklin|MX
90|Linda Davis|555-470-9659|9019 Lakeview Dr, Madison|CO
91|Patricia Davis|555-284-5933|8302 Lakeview Dr, Greenville|PE
92|Robert Smith|555-579-6887|6925 Pine St, Greenville|CL
93|Robert Garcia|555-995-2223|2538 Main St, Greenville|MX
94|James Smith|555-987-4113|4577 Cedar Rd, Springfield|CO
95|Michael Jones|555-175-2530|4397 Pine St, Bristol|PE
96|Jennifer Williams|555-856-3943|394 Cedar Rd, Bristol|CL
97|Michael Smith|555-530-5978|1534 Maple St, Greenville|MX
98|Mary Davis|555-240-7414|6519 Pine St, Greenville|CO
99|Mary Brown|555-500-7082|8811 Oak Ave, Springfield|PE
100|James Williams|555-464-8966|5027 Main St, Franklin|CL
101|Michael Smith|555-317-3003|5756 Pine St, Riverside|MX
102|John Miller|555-349-4898|7167 Maple St, Madison|CO
103|John Jones|555-616-6996|5381 Maple St, Franklin|PE
104|Michael Davis|555-706-7384|6190 Main St, Greenville|CL
105|Patricia Brown|555-605-3308|1711 Maple St, Riverside|MX
106|Linda Williams|555-133-8660|378 Lakeview Dr, Bristol|CO
107|John Brown|555-168-8537|859 Main St, Riverside|PE
108|Robert Williams|555-339-5793|8624 Main St, Springfield|CL
109|Mary Brown|555-227-8618|4565 Maple St, Bristol|MX
110|Patricia Smith|555-866-3588|1126 Pine St, Greenville|CO
111|Michael Miller|555-379-9412|9372 Pine St, Madison|PE
112|Robert Miller|555-944-9325|7505 Oak Ave, Madison|CL
113|Patricia Johnson|555-519-1837|6587 Lakeview Dr, Franklin|MX
114|Jennifer Brown|555-498-2469|6887 Main St, Madison|CO
115|Linda Garcia|555-709-4507|2555 Maple St, Bristol|PE
116|John Williams|555-580-1504|2905 Cedar Rd, Springfield|CL
117|Robert Johnson|555-634-9759|6841 Lakeview Dr, Bristol|MX
118|John Jones|555-691-5275|844 Maple St, Franklin|CO
119|Robert Williams|555-478-1332|3896 Cedar Rd, Bristol|PE
120|John Smith|555-754-7029|175 Maple St, Springfield|CL
121|James Jones|555-379-7642|576 Maple St, Franklin|MX
122|Michael Davis|555-756-3457|7039 Cedar Rd, Riverside|CO
123|Michael Brown|555-955-8937|6221 Lakeview Dr, Madison|PE
124|James Garcia|555-492-9195|2903 Pine St, Bristol|CL
125|Linda Garcia|555-917-2238|2484 Lakeview Dr, Riverside|MX
126|John Johnson|555-694-6606|5789 Pine St, Madison|CO
127|John Davis|555-496-9002|7465 Lakeview Dr, Springfield|PE
128|Mary Miller|555-882-5219|9442 Main St, Madison|CL
129|James Davis|555-832-1809|2206 Lakeview Dr, Bristol|MX
130|Patricia Miller|555-675-5206|5086 Main St, Franklin|CO
131|Michael Davis|555-791-1393|3249 Pine St, Bristol|PE
132|James Brown|555-408-6680|4402 Main St, Springfield|CL
133|Robert Miller|555-989-7882|1336 Maple St, Bristol|MX
134|Robert Williams|555-942-1940|8418 Main St, Madison|CO
135|Robert Jones|555-393-6225|7246 Cedar Rd, Madison|PE
136|Robert Jones|555-406-9356|8833 Oak Ave, Franklin|CL
137|Patricia Miller|555-962-4634|3705 Pine St, Bristol|MX
138|Patricia Davis|555-153-2275|4184 Pine St, Springfield|CO
139|Michael Smith|555-625-2773|7475 Pine St, Springfield|PE
140|James Brown|555-556-9619|4593 Pine St, Bristol|CL
141|Jennifer Miller|555-607-1992|865 Cedar Rd, Madison|MX
142|Michael Johnson|555-407-7454|5549 Main St, Springfield|CO
143|Jennifer Garcia|555-798-5857|8837 Cedar Rd, Greenville|PE
144|Patricia Miller|555-471-2254|1244 Main St, Springfield|CL
145|Jennifer Brown|555-362-1102|8788 Maple St, Riverside|MX
146|Linda Smith|555-221-1728|6213 Lakeview Dr, Greenville|CO
147|Mary Davis|555-588-5523|9938 Cedar Rd, Franklin|PE
148|James Williams|555-188-8932|8014 Lakeview Dr, Franklin|CL
149|Mary Davis|555-583-5045|6613 Cedar Rd, Springfield|MX
150|Mary Jones|555-872-5508|2955 Main St, Bristol|CO
151|John Jones|555-888-4089|3913 Lakeview Dr, Riverside|PE
152|James Smith|555-855-7957|5092 Oak Ave, Springfield|CL
153|Patricia Smith|555-649-5995|5427 Lakeview Dr, Franklin|MX
154|Michael Davis|555-142-2554|7415 Oak Ave, Bristol|CO
155|Mary Garcia|555-669-7972|5525 Main St, Bristol|PE
156|Linda Brown|555-800-1428|3512 Pine St, Springfield|CL
157|Robert Jones|555-839-2352|2133 Main St, Madison|MX
158|James Williams|555-690-1755|6975 Pine St, Greenville|CO
159|James Garcia|555-659-6665|851 Pine St, Bristol|PE
160|Jennifer Jones|555-805-1291|4594 Cedar Rd, Franklin|CL
161|James Miller|555-388-8109|2409 Oak Ave, Springfield|MX
162|Mary Jones|555-660-3421|1011 Oak Ave, Madison|CO
163|Michael Johnson|555-110-2771|9668 Lakeview Dr, Franklin|PE
164|Mary Miller|555-591-6338|9627 Pine St, Franklin|CL
165|Jennifer Davis|555-361-1192|2089 Maple St, Riverside|MX
166|Patricia Davis|555-919-3196|8090 Maple St, Riverside|CO
167|Michael Johnson|555-129-6241|2075 Maple St, Springfield|PE
168|Jennifer Smith|555-739-9947|2891 Lakeview Dr, Franklin|CL
169|James Brown|555-133-1862|162 Maple St, Springfield|MX
170|Patricia Johnson|555-166-1665|9598 Main St, Riverside|CO
171|John Jones|555-817-9277|5491 Lakeview Dr, Madison|PE
172|Linda Jones|555-190-7568|1270 Main St, Madison|CL
173|Mary Williams|555-126-9669|8971 Pine St, Riverside|MX
174|Mary Brown|555-162-5590|2580 Pine St, Madison|CO
175|Michael Jones|555-661-4429|2402 Maple St, Springfield|PE
176|Michael Garcia|555-918-6079|9450 Oak Ave, Springfield|CL
177|John Garcia|555-291-4602|8955 Lakeview Dr, Madison|MX
178|Michael Davis|555-876-9744|3183 Cedar Rd, Franklin|CO
179|Mary Garcia|555-514-2918|206 Oak Ave, Riverside|PE
180|Robert Brown|555-697-7773|6389 Cedar Rd, Madison|CL
181|Robert Johnson|555-916-3093|5101 Pine St, Franklin|MX
182|Patricia Garcia|555-188-2154|1404 Cedar Rd, Madison|CO
183|Robert Davis|555-447-1097|1768 Main St, Madison|PE
184|Patricia Smith|555-302-3267|3446 Maple St, Riverside|CL
185|Michael Smith|555-901-4815|2407 Lakeview Dr, Springfield|MX
186|Patricia Brown|555-357-5153|3350 Maple St, Greenville|CO
187|Patricia Johnson|555-664-1442|8646 Maple St, Greenville|PE
188|James Smith|555-414-4302|3886 Maple St, Springfield|CL
189|James Davis|555-515-1930|2598 Maple St, Greenville|MX
190|Robert Smith|555-478-1438|6628 Pine St, Madison|CO
191|Robert Jones|555-442-5562|5713 Oak Ave, Greenville|PE
192|Mary Davis|555-717-3381|1793 Maple St, Riverside|CL
193|Jennifer Brown|555-925-7726|5582 Main St, Riverside|MX
194|Mary Brown|555-260-6646|3301 Main St, Madison|CO
195|Jennifer Garcia|555-428-9714|3215 Maple St, Bristol|PE
196|Mary Williams|555-355-6445|8233 Oak Ave, Franklin|CL
197|Patricia Davis|555-179-5037|413 Oak Ave, Franklin|MX
198|Mary Miller|555-145-4720|3198 Lakeview Dr, Madison|CO
199|Patricia Johnson|555-553-7617|4345 Oak Ave, Madison|PE
200|Robert Williams|555-621-5510|7996 Main St, Bristol|CL
201|John Williams|555-385-3560|8372 Oak Ave, Springfield|MX
202|John Williams|555-544-1822|2106 Main St, Greenville|CO
203|Linda Garcia|555-753-2203|2517 Cedar Rd, Springfield|PE
204|James Williams|555-669-1603|6761 Main St, Madison|CL
205|Patricia Garcia|555-112-6638|2567 Cedar Rd, Madison|MX
206|Jennifer Miller|555-689-5134|639 Oak Ave, Madison|CO
207|Patricia Miller|555-243-2351|2844 Pine St, Riverside|PE
208|Patricia Garcia|555-810-4738|9450 Pine St, Bristol|CL
209|Robert Smith|555-296-1229|5360 Pine St, Greenville|MX
210|Jennifer Johnson|555-754-7030|6117 Main St, Franklin|CO
211|Patricia Miller|555-302-1468|4085 Pine St, Greenville|PE
212|James Davis|555-370-8634|5616 Pine St, Riverside|CL
213|Patricia Brown|555-552-2028|4595 Cedar Rd, Springfield|MX
214|Patricia Miller|555-962-2562|5790 Maple St, Bristol|CO
215|Jennifer Davis|555-333-2122|7245 Pine St, Riverside|PE
216|Patricia Davis|555-295-2209|7279 Maple St, Madison|CL
217|Michael Williams|555-481-7932|1345 Pine St, Riverside|MX
218|Michael Miller|555-193-7474|6665 Lakeview Dr, Bristol|CO
219|James Miller|555-921-3860|8996 Pine St, Riverside|PE
220|James Jones|555-910-7213|9312 Lakeview Dr, Springfield|CL
221|James Brown|555-813-8661|3756 Cedar Rd, Bristol|MX
222|John Davis|555-638-4983|6132 Main St, Greenville|CO
223|Patricia Smith|555-493-8983|3541 Main St, Springfield|PE
224|John Jones|555-436-4930|5802 Pine St, Riverside|CL
225|Linda Williams|555-510-6264|5717 Maple St, Madison|MX
226|Patricia Johnson|555-599-7308|6321 Cedar Rd, Franklin|CO
227|John Johnson|555-830-1489|8081 Main St, Franklin|PE
228|Michael Miller|555-204-1836|9128 Cedar Rd, Franklin|CL
229|Robert Williams|555-927-6812|7475 Oak Ave, Springfield|MX
230|Jennifer Williams|555-472-4041|5314 Maple St, Franklin|CO
231|Robert Davis|555-836-6976|5551 Cedar Rd, Greenville|PE
232|Jennifer Johnson|555-262-9879|6223 Lakeview Dr, Greenville|CL
233|James Johnson|555-294-2747|9668 Lakeview Dr, Springfield|MX
234|Jennifer Miller|555-666-3757|4662 Main St, Madison|CO
235|Mary Davis|555-336-7101|5026 Main St, Riverside|PE
236|Robert Davis|555-377-2341|2230 Maple St, Riverside|CL
237|James Smith|555-138-3582|3032 Lakeview Dr, Bristol|MX
238|Jennifer Miller|555-552-3449|6674 Cedar Rd, Bristol|CO
239|Mary Davis|555-919-8982|1011 Main St, Greenville|PE
240|Patricia Garcia|555-335-5902|3806 Oak Ave, Greenville|CL
241|James Johnson|555-286-5861|2463 Cedar Rd, Bristol|MX
242|Patricia Brown|555-774-9275|2508 Cedar Rd, Springfield|CO
243|Robert Smith|555-542-4002|9967 Lakeview Dr, Springfield|PE
244|John Brown|555-361-4015|8399 Cedar Rd, Franklin|CL
245|Jennifer Williams|555-679-4299|8394 Lakeview Dr, Bristol|MX
246|Robert Brown|555-676-7780|7845 Main St, Franklin|CO
247|John Brown|555-730-8747|5553 Cedar Rd, Bristol|PE
248|Jennifer Garcia|555-225-8977|6028 Cedar Rd, Franklin|CL
249|Robert Smith|555-629-3951|4553 Pine St, Franklin|MX
250|Jennifer Davis|555-271-3288|5078 Maple St, Franklin|CO
251|Linda Smith|555-990-4283|863 Oak Ave, Greenville|PE
252|Linda Johnson|555-429-3556|4678 Cedar Rd, Springfield|CL
253|John Garcia|555-394-1061|8725 Oak Ave, Springfield|MX
254|John Miller|555-103-6651|3462 Cedar Rd, Madison|CO
255|Robert Johnson|555-756-5159|5405 Main St, Madison|PE
256|Jennifer Jones|555-643-4764|9624 Pine St, Bristol|CL
257|Mary Brown|555-234-9730|868 Pine St, Bristol|MX
258|Linda Davis|555-366-9013|749 Cedar Rd, Franklin|CO
259|James Brown|555-901-4075|5005 Cedar Rd, Riverside|PE
260|James Garcia|555-719-2066|3409 Cedar Rd, Springfield|CL
261|Jennifer Miller|555-593-2246|9377 Oak Ave, Riverside|MX
262|Michael Williams|555-509-3381|9057 Pine St, Madison|CO
263|James Brown|555-730-2011|1689 Oak Ave, Bristol|PE
264|Patricia Williams|555-108-1665|3276 Lakeview Dr, Bristol|CL
265|John Williams|555-907-6591|9406 Maple St, Greenville|MX
266|James Johnson|555-321-1628|8896 Maple St, Bristol|CO
267|Mary Jones|555-915-5710|7751 Lakeview Dr, Springfield|PE
268|Michael Johnson|555-874-7896|1405 Lakeview Dr, Springfield|CL
269|James Garcia|555-694-9707|8212 Maple St, Greenville|MX
270|Michael Smith|555-786-5124|6893 Maple St, Madison|CO
271|Jennifer Jones|555-372-3230|3538 Main St, Madison|PE
272|John Garcia|555-499-5891|3955 Oak Ave, Springfield|CL
273|Patricia Williams|555-523-6696|4209 Lakeview Dr, Franklin|MX
274|Michael Miller|555-941-9243|8245 Main St, Greenville|CO
275|Linda Smith|555-628-9040|3866 Oak Ave, Springfield|PE
276|Linda Johnson|555-973-2115|4517 Maple St, Bristol|CL
277|Linda Garcia|555-754-8678|4110 Pine St, Madison|MX
278|Robert Garcia|555-281-3456|9103 Main St, Madison|CO
279|Mary Brown|555-924-5198|7945 Main St, Franklin|PE
280|Michael Davis|555-444-8614|4826 Pine St, Springfield|CL
281|Patricia Smith|555-993-6192|4676 Lakeview Dr, Franklin|MX
282|Jennifer Miller|555-793-9390|9688 Pine St, Greenville|CO
283|Linda Smith|555-863-4059|137 Maple St, Riverside|PE
284|Jennifer Miller|555-325-7344|6180 Lakeview Dr, Franklin|CL
285|James Brown|555-274-7749|380 Oak Ave, Bristol|MX
286|Mary Miller|555-929-5997|9014 Oak Ave, Madison|CO
287|John Davis|555-452-7048|6266 Maple St, Bristol|PE
288|Jennifer Miller|555-283-8790|7024 Lakeview Dr, Greenville|CL
289|Mary Johnson|555-906-8557|5615 Lakeview Dr, Springfield|MX
290|John Jones|555-154-1864|2469 Main St, Riverside|CO
291|Mary Brown|555-643-1784|5598 Main St, Madison|PE
292|Linda Miller|555-570-2327|5555 Lakeview Dr, Bristol|CL
293|Linda Smith|555-128-4331|1940 Oak Ave, Springfield|MX
294|Patricia Johnson|555-584-8637|4146 Main St, Bristol|CO
295|Jennifer Smith|555-226-1128|4973 Lakeview Dr, Greenville|PE
296|John Brown|555-410-4030|6782 Cedar Rd, Franklin|CL
297|James Davis|555-770-1447|740 Main St, Springfield|MX
298|Jennifer Garcia|555-283-4589|2221 Main St, Bristol|CO
299|Mary Jones|555-961-6679|8968 Main St, Riverside|PE
300|John Smith|555-514-5500|5960 Maple St, Franklin|CL
301|John Davis|555-206-7304|496 Pine St, Springfield|MX
302|James Garcia|555-598-8622|2557 Cedar Rd, Bristol|CO
303|James Williams|555-728-9914|3699 Maple St, Springfield|PE
304|Robert Brown|555-345-4248|8349 Cedar Rd, Riverside|CL
305|Mary Jones|555-516-8293|1387 Cedar Rd, Springfield|MX
306|Patricia Smith|555-941-2850|4350 Pine St, Greenville|CO
307|James Johnson|555-293-7897|2137 Pine St, Bristol|PE
308|James Garcia|555-585-3614|4827 Oak Ave, Riverside|CL
309|Michael Williams|555-889-8129|5715 Maple St, Bristol|MX
310|Linda Miller|555-894-4438|9785 Cedar Rd, Madison|CO
311|Michael Johnson|555-925-9790|8577 Oak Ave, Springfield|PE
312|Patricia Johnson|555-584-8603|3055 Oak Ave, Springfield|CL
313|Robert Davis|555-661-8808|1701 Main St, Springfield|MX
314|Patricia Johnson|555-445-6700|9746 Main St, Riverside|CO
315|Michael Garcia|555-685-8782|7895 Main St, Madison|PE
316|Mary Smith|555-671-5832|8264 Oak Ave, Springfield|CL
317|Mary Davis|555-949-1479|6649 Maple St, Bristol|MX
318|Michael Jones|555-842-1154|6761 Oak Ave, Greenville|CO
319|Jennifer Jones|555-214-2492|4575 Oak Ave, Madison|PE
320|Michael Williams|555-272-3461|9808 Oak Ave, Franklin|CL
321|Robert Garcia|555-260-3442|1730 Cedar Rd, Riverside|MX
322|Jennifer Williams|555-704-1826|9387 Pine St, Springfield|CO
323|James Davis|555-448-5324|6867 Cedar Rd, Greenville|PE
324|Linda Smith|555-546-5315|1347 Lakeview Dr, Greenville|CL
325|Robert Davis|555-706-2509|8247 Oak Ave, Riverside|MX
326|Mary Jones|555-734-8922|5632 Maple St, Bristol|CO
327|Linda Davis|555-935-9148|2128 Oak Ave, Madison|PE
328|Mary Johnson|555-728-7388|2389 Lakeview Dr, Riverside|CL
329|Robert Smith|555-726-1110|9506 Main St, Madison|MX
330|Jennifer Jones|555-841-9450|6391 Main St, Franklin|CO
331|James Smith|555-729-3143|3263 Cedar Rd, Bristol|PE
332|John Brown|555-330-5946|3410 Pine St, Riverside|CL
333|Michael Williams|555-553-3561|6395 Maple St, Franklin|MX
334|Jennifer Garcia|555-834-8330|5236 Lakeview Dr, Madison|CO
335|Michael Davis|555-408-3286|2586 Main St, Bristol|PE
336|Michael Miller|555-290-3037|1069 Main St, Bristol|CL
337|John Williams|555-766-9501|2161 Cedar Rd, Greenville|MX
338|Robert Miller|555-998-1526|9374 Main St, Greenville|CO
339|Jennifer Jones|555-566-6841|9056 Pine St, Springfield|PE
340|Linda Garcia|555-189-9139|441 Maple St, Madison|CL
341|Michael Miller|555-846-9653|9015 Pine St, Bristol|MX
342|Michael Garcia|555-706-7151|8531 Pine St, Riverside|CO
343|Robert Jones|555-977-1282|7698 Lakeview Dr, Madison|PE
344|Robert Johnson|555-197-5839|5968 Lakeview Dr, Springfield|CL
345|Michael Williams|555-658-6664|4895 Lakeview Dr, Greenville|MX
346|James Brown|555-616-2022|5088 Oak Ave, Madison|CO
347|James Smith|555-673-1105|942 Main St, Franklin|PE
348|Jennifer Smith|555-976-1377|587 Cedar Rd, Greenville|CL
349|Patricia Garcia|555-770-3901|9702 Main St, Franklin|MX
350|Michael Miller|555-497-2392|410 Cedar Rd, Greenville|CO
351|Mary Williams|555-306-7646|4333 Maple St, Springfield|PE
352|Jennifer Jones|555-910-1420|2476 Oak Ave, Bristol|CL
353|John Miller|555-665-7593|8538 Pine St, Greenville|MX
354|Linda Brown|555-691-9594|1408 Maple St, Springfield|CO
355|Michael Williams|555-966-6116|3306 Main St, Madison|PE
356|Jennifer Miller|555-987-1511|1862 Oak Ave, Bristol|CL
357|Robert Williams|555-983-8469|8044 Main St, Bristol|MX
358|John Garcia|555-405-9862|663 Maple St, Greenville|CO
359|Linda Johnson|555-467-7127|7046 Main St, Madison|PE
360|Patricia Miller|555-966-6031|4002 Lakeview Dr, Riverside|CL
361|Robert Williams|555-765-3158|1637 Cedar Rd, Greenville|MX
362|John Davis|555-753-7242|7889 Main St, Bristol|CO
363|Mary Jones|555-418-6188|7899 Maple St, Bristol|PE
364|James Jones|555-602-9754|369 Pine St, Madison|CL
365|Robert Williams|555-442-9721|8570 Maple St, Riverside|MX
366|Michael Johnson|555-129-6583|1222 Oak Ave, Springfield|CO
367|Michael Johnson|555-545-4717|9386 Maple St, Greenville|PE
368|Michael Williams|555-506-5752|2034 Oak Ave, Madison|CL
369|Mary Williams|555-833-4709|5167 Oak Ave, Franklin|MX
370|Robert Johnson|555-579-1797|3005 Pine St, Springfield|CO
371|Mary Garcia|555-861-3194|9392 Maple St, Franklin|PE
372|Patricia Brown|555-770-8038|1423 Cedar Rd, Riverside|CL
373|Linda Garcia|555-847-9220|7870 Oak Ave, Springfield|MX
374|Jennifer Jones|555-986-5529|916 Lakeview Dr, Bristol|CO
375|Patricia Davis|555-142-5520|2170 Oak Ave, Bristol|PE
376|Mary Brown|555-556-9278|3803 Lakeview Dr, Franklin|CL
377|Robert Johnson|555-469-1319|8432 Pine St, Bristol|MX
378|Mary Davis|555-781-9665|9136 Pine St, Franklin|CO
379|John Garcia|555-324-9988|1364 Oak Ave, Madison|PE
380|Linda Jones|555-167-6814|5184 Maple St, Greenville|CL
381|John Johnson|555-616-4235|8106 Pine St, Franklin|MX
382|Mary Brown|555-473-5383|3220 Pine St, Greenville|CO
383|Mary Jones|555-641-9620|141 Lakeview Dr, Bristol|PE
384|James Johnson|555-831-3586|8097 Pine St, Greenville|CL
385|Mary Johnson|555-694-7217|4337 Cedar Rd, Greenville|MX
386|Linda Jones|555-841-9395|3258 Cedar Rd, Greenville|CO
387|Mary Johnson|555-840-6372|2584 Lakeview Dr, Franklin|PE
388|Mary Johnson|555-962-5921|8126 Pine St, Greenville|CL
389|Linda Smith|555-226-2364|8683 Pine St, Greenville|MX
390|Michael Brown|555-933-6307|1117 Lakeview Dr, Franklin|CO
391|Jennifer Miller|555-515-1569|4607 Main St, Bristol|PE
392|Mary Miller|555-877-3990|8181 Maple St, Greenville|CL
393|Patricia Brown|555-400-4624|5739 Main St, Springfield|MX
394|Michael Miller|555-904-8678|6650 Pine St, Springfield|CO
395|Robert Garcia|555-267-4772|5754 Pine St, Greenville|PE
396|Robert Williams|555-966-3953|2552 Maple St, Bristol|CL
397|James Johnson|555-308-6464|9411 Main St, Springfield|MX
398|Jennifer Brown|555-888-9154|1992 Pine St, Bristol|CO
399|Jennifer Brown|555-892-8213|1595 Oak Ave, Madison|PE
400|Patricia Davis|555-810-7751|2557 Pine St, Riverside|CL
401|Patricia Brown|555-938-7645|9886 Maple St, Springfield|MX
402|Mary Williams|555-522-9775|8714 Cedar Rd, Franklin|CO
403|Patricia Brown|555-276-8748|7617 Cedar Rd, Greenville|PE
404|Jennifer Jones|555-684-3858|348 Pine St, Greenville|CL
405|Jennifer Williams|555-335-8093|2762 Cedar Rd, Franklin|MX
406|James Davis|555-119-2355|714 Maple St, Bristol|CO
407|John Johnson|555-422-3905|9846 Cedar Rd, Greenville|PE
408|Robert Brown|555-622-2789|9916 Main St, Madison|CL
409|Michael Williams|555-132-6039|2551 Oak Ave, Madison|MX
410|Linda Williams|555-465-7981|3833 Lakeview Dr, Springfield|CO
411|Robert Davis|555-237-6027|7335 Oak Ave, Bristol|PE
412|Linda Garcia|555-493-2685|6534 Cedar Rd, Franklin|CL
413|Patricia Williams|555-728-9840|4309 Lakeview Dr, Greenville|MX
414|Jennifer Garcia|555-316-4758|196 Oak Ave, Bristol|CO
415|Robert Miller|555-753-8515|5787 Maple St, Greenville|PE
416|Patricia Johnson|555-564-8750|6584 Cedar Rd, Greenville|CL
417|Patricia Brown|555-930-5464|3674 Oak Ave, Franklin|MX
418|James Davis|555-913-7751|8622 Oak Ave, Riverside|CO
419|Mary Davis|555-956-4801|8400 Lakeview Dr, Bristol|PE
420|Michael Davis|555-228-3276|3812 Lakeview Dr, Riverside|CL
421|Michael Brown|555-989-9016|4371 Main St, Madison|MX
422|Robert Johnson|555-697-3351|7163 Main St, Springfield|CO
423|Mary Garcia|555-256-8589|6569 Maple St, Bristol|PE
424|Michael Jones|555-476-2849|4703 Oak Ave, Bristol|CL
425|Robert Davis|555-438-2892|718 Lakeview Dr, Franklin|MX
426|James Smith|555-307-3834|2725 Cedar Rd, Madison|CO
427|Patricia Williams|555-412-5665|857 Cedar Rd, Springfield|PE
428|Michael Williams|555-946-9491|3658 Pine St, Bristol|CL
429|Patricia Davis|555-109-5220|181 Maple St, Riverside|MX
430|Patricia Garcia|555-862-1424|7273 Oak Ave, Greenville|CO
431|Jennifer Garcia|555-710-8081|1684 Main St, Madison|PE
432|Jennifer Garcia|555-657-6757|2465 Maple St, Madison|CL
433|Michael Williams|555-461-6194|9811 Maple St, Riverside|MX
434|Michael Miller|555-683-5592|3406 Main St, Riverside|CO
435|Jennifer Garcia|555-774-7919|2145 Oak Ave, Greenville|PE
436|Jennifer Smith|555-959-3584|8992 Main St, Madison|CL
437|Jennifer Jones|555-538-7925|9335 Cedar Rd, Franklin|MX
438|James Garcia|555-780-2272|4208 Maple St, Madison|CO
439|Jennifer Miller|555-716-7546|7728 Lakeview Dr, Franklin|PE
440|John Miller|555-655-8648|1612 Cedar Rd, Greenville|CL
441|John Davis|555-859-3499|3966 Oak Ave, Madison|MX
442|Patricia Davis|555-446-2385|1293 Pine St, Madison|CO
443|Mary Jones|555-292-3016|2711 Cedar Rd, Greenville|PE
444|John Smith|555-778-1005|4733 Cedar Rd, Franklin|CL
445|Linda Jones|555-741-4238|9108 Main St, Bristol|MX
446|Linda Jones|555-355-6957|4659 Main St, Madison|CO
447|Jennifer Miller|555-748-8022|6613 Maple St, Springfield|PE
448|Mary Jones|555-156-7172|9937 Pine St, Riverside|CL
449|Mary Davis|555-180-3794|9451 Maple St, Bristol|MX
450|Robert Garcia|555-599-8686|6077 Pine St, Greenville|CO
451|Jennifer Smith|555-733-1034|7033 Main St, Riverside|PE
452|Patricia Miller|555-175-9559|2411 Oak Ave, Springfield|CL
453|Jennifer Jones|555-618-2105|2749 Main St, Bristol|MX
454|Linda Davis|555-915-3406|9077 Lakeview Dr, Madison|CO
455|Jennifer Davis|555-662-6477|9927 Main St, Riverside|PE
456|James Davis|555-683-1890|5765 Main St, Riverside|CL
457|Linda Smith|555-432-1918|4255 Main St, Riverside|MX
458|Robert Brown|555-827-3354|5716 Pine St, Bristol|CO
459|Patricia Garcia|555-770-8053|316 Main St, Franklin|PE
460|Patricia Jones|555-242-4971|6265 Maple St, Bristol|CL
461|Mary Miller|555-661-9816|8381 Cedar Rd, Greenville|MX
462|Michael Johnson|555-824-8955|806 Cedar Rd, Riverside|CO
463|Michael Johnson|555-820-3941|2109 Oak Ave, Franklin|PE
464|Robert Johnson|555-141-5269|3933 Lakeview Dr, Bristol|CL
465|Robert Miller|555-948-6235|3616 Lakeview Dr, Riverside|MX
466|Patricia Davis|555-696-4564|4655 Pine St, Riverside|CO
467|Linda Brown|555-250-4553|6912 Maple St, Bristol|PE
468|Robert Jones|555-251-1051|3732 Maple St, Franklin|CL
469|Michael Garcia|555-332-2558|6241 Cedar Rd, Bristol|MX
470|James Brown|555-710-3607|9734 Lakeview Dr, Bristol|CO
471|Mary Smith|555-908-7232|2236 Main St, Bristol|PE
472|Linda Smith|555-283-6694|5501 Pine St, Franklin|CL
473|Michael Garcia|555-889-5162|6324 Main St, Greenville|MX
474|Michael Davis|555-753-3208|5486 Main St, Riverside|CO
475|Linda Smith|555-724-4535|6166 Oak Ave, Madison|PE
476|Mary Smith|555-378-4731|9767 Lakeview Dr, Greenville|CL
477|Linda Davis|555-784-7570|2746 Lakeview Dr, Madison|MX
478|Robert Miller|555-247-7885|3595 Main St, Madison|CO
479|Linda Brown|555-901-4248|3478 Main St, Greenville|PE
480|Patricia Williams|555-523-1629|5396 Lakeview Dr, Springfield|CL
481|Linda Jones|555-631-3623|4067 Maple St, Franklin|MX
482|James Brown|555-713-1524|2469 Maple St, Bristol|CO
483|Patricia Johnson|555-642-1850|4014 Cedar Rd, Madison|PE
484|Jennifer Miller|555-395-9372|1399 Main St, Franklin|CL
485|Mary Brown|555-135-3484|7188 Pine St, Franklin|MX
486|James Brown|555-421-9298|3274 Maple St, Riverside|CO
487|Linda Williams|555-526-3689|481 Main St, Franklin|PE
488|James Smith|555-794-8397|3284 Lakeview Dr, Springfield|CL
489|John Garcia|555-187-6580|3949 Main St, Riverside|MX
490|James Jones|555-409-1119|3125 Oak Ave, Bristol|CO
491|John Davis|555-809-1013|5466 Maple St, Greenville|PE
492|John Brown|555-884-5801|8645 Pine St, Riverside|CL
493|James Jones|555-264-9290|2766 Pine St, Greenville|MX
494|Linda Johnson|555-214-2765|5250 Oak Ave, Madison|CO
495|Mary Smith|555-941-1841|6700 Maple St, Riverside|PE
496|John Jones|555-885-5248|8945 Cedar Rd, Riverside|CL
497|Linda Davis|555-219-9416|9575 Main St, Madison|MX
498|James Garcia|555-752-8653|5155 Cedar Rd, Greenville|CO
499|Michael Brown|555-717-3253|9378 Oak Ave, Springfield|PE
500|Mary Johnson|555-266-9550|1048 Lakeview Dr, Springfield|CL
501|Mary Brown|555-354-8016|3638 Lakeview Dr, Madison|MX
502|Robert Williams|555-355-1198|8622 Pine St, Greenville|CO
503|Patricia Garcia|555-396-4634|713 Maple St, Madison|PE
504|James Jones|555-373-8621|7137 Oak Ave, Greenville|CL
505|James Williams|555-289-5289|1979 Main St, Riverside|MX
506|Mary Williams|555-211-8729|5172 Pine St, Springfield|CO
507|Michael Garcia|555-632-4422|6157 Pine St, Greenville|PE
508|James Jones|555-675-1854|2433 Oak Ave, Bristol|CL
509|James Williams|555-627-4199|4606 Pine St, Riverside|MX
510|Patricia Davis|555-666-5153|3479 Oak Ave, Bristol|CO
511|Patricia Davis|555-470-5725|4706 Maple St, Greenville|PE
512|Robert Johnson|555-896-7360|7378 Maple St, Greenville|CL
513|Robert Garcia|555-847-1631|5693 Oak Ave, Riverside|MX
514|Linda Johnson|555-705-1670|4509 Oak Ave, Bristol|CO
515|James Garcia|555-352-8985|8649 Maple St, Bristol|PE
516|Patricia Davis|555-509-2301|7945 Maple St, Franklin|CL
517|Robert Miller|555-975-5730|2940 Maple St, Greenville|MX
518|Mary Brown|555-882-9348|8645 Maple St, Franklin|CO
519|Michael Davis|555-125-2445|3997 Oak Ave, Springfield|PE
520|Michael Brown|555-846-6961|124 Maple St, Bristol|CL
521|Michael Johnson|555-671-8353|7860 Pine St, Riverside|MX
522|Patricia Brown|555-172-5708|4702 Main St, Greenville|CO
523|Mary Williams|555-473-2888|5768 Lakeview Dr, Springfield|PE
524|Jennifer Brown|555-820-2411|2707 Lakeview Dr, Franklin|CL
525|Robert Williams|555-914-9929|5088 Lakeview Dr, Madison|MX
526|Michael Brown|555-971-3293|8002 Pine St, Franklin|CO
527|Michael Williams|555-177-7124|7164 Oak Ave, Franklin|PE
528|Patricia Jones|555-494-8278|9746 Lakeview Dr, Riverside|CL
529|James Brown|555-871-7670|4705 Pine St, Springfield|MX
530|Robert Johnson|555-243-2160|3114 Lakeview Dr, Franklin|CO
531|Linda Garcia|555-782-9516|9998 Pine St, Greenville|PE
532|John Garcia|555-880-7335|7634 Oak Ave, Greenville|CL
533|Mary Johnson|555-991-1139|9233 Pine St, Riverside|MX
534|Michael Garcia|555-869-6116|1295 Lakeview Dr, Madison|CO
535|Jennifer Johnson|555-327-8660|3068 Maple St, Franklin|PE
536|Robert Williams|555-348-5308|5669 Main St, Franklin|CL
537|Robert Brown|555-188-4964|9170 Maple St, Madison|MX
538|Mary Williams|555-701-7252|7619 Cedar Rd, Greenville|CO
539|Mary Smith|555-758-7172|1128 Pine St, Greenville|PE
540|Linda Jones|555-610-2091|4640 Lakeview Dr, Franklin|CL
541|Linda Jones|555-647-5637|5192 Oak Ave, Greenville|MX
542|John Garcia|555-404-2143|8579 Main St, Springfield|CO
543|John Smith|555-284-1979|5233 Lakeview Dr, Riverside|PE
544|Michael Johnson|555-695-2607|9281 Pine St, Riverside|CL
545|Linda Miller|555-437-7222|3951 Oak Ave, Madison|MX
546|Michael Jones|555-119-3624|5858 Pine St, Springfield|CO
547|Patricia Miller|555-970-3650|9785 Cedar Rd, Springfield|PE
548|Patricia Jones|555-764-6985|4741 Cedar Rd, Greenville|CL
549|Michael Brown|555-950-4208|2698 Lakeview Dr, Madison|MX
550|Mary Williams|555-926-3532|4827 Oak Ave, Franklin|CO
551|James Williams|555-999-1401|8889 Cedar Rd, Springfield|PE
552|Jennifer Miller|555-211-9472|5894 Oak Ave, Riverside|CL
553|Michael Smith|555-751-8432|9444 Maple St, Springfield|MX
554|Linda Brown|555-271-8981|3079 Pine St, Greenville|CO
555|Robert Miller|555-113-5457|8636 Main St, Madison|PE
556|Michael Miller|555-404-9659|5247 Cedar Rd, Franklin|CL
557|Linda Jones|555-151-3578|8760 Main St, Greenville|MX
558|Michael Williams|555-824-3199|2755 Lakeview Dr, Bristol|CO
559|Michael Brown|555-885-4943|5881 Oak Ave, Riverside|PE
560|Mary Miller|555-198-3510|5513 Oak Ave, Bristol|CL
561|Linda Johnson|555-671-8248|3292 Main St, Bristol|MX
562|Linda Davis|555-984-1270|4877 Pine St, Riverside|CO
563|Michael Brown|555-453-4596|785 Cedar Rd, Madison|PE
564|Michael Brown|555-191-9981|3652 Cedar Rd, Madison|CL
565|John Brown|555-180-4327|8685 Oak Ave, Franklin|MX
566|Patricia Davis|555-291-7438|5133 Cedar Rd, Madison|CO
567|John Garcia|555-992-7015|5468 Main St, Springfield|PE
568|John Jones|555-743-2070|1778 Cedar Rd, Greenville|CL
569|Jennifer Williams|555-917-7370|1578 Cedar Rd, Franklin|MX
570|John Johnson|555-499-1535|6456 Lakeview Dr, Greenville|CO
571|Jennifer Miller|555-129-4125|8301 Maple St, Riverside|PE
572|James Johnson|555-367-8048|329 Oak Ave, Bristol|CL
573|Jennifer Jones|555-257-7473|6144 Cedar Rd, Springfield|MX
574|Mary Smith|555-483-7826|8002 Pine St, Greenville|CO
575|Michael Williams|555-131-5618|4659 Main St, Greenville|PE
576|Mary Davis|555-146-7107|6757 Oak Ave, Madison|CL
577|Jennifer Davis|555-177-8210|4499 Lakeview Dr, Greenville|MX
578|John Brown|555-599-4702|4159 Cedar Rd, Greenville|CO
579|James Miller|555-331-5882|3055 Lakeview Dr, Franklin|PE
580|James Jones|555-308-4741|6820 Maple St, Bristol|CL
581|Jennifer Brown|555-641-6742|1420 Pine St, Riverside|MX
582|Linda Brown|555-584-3642|8974 Maple St, Riverside|CO
583|Patricia Johnson|555-471-3499|3070 Cedar Rd, Bristol|PE
584|James Johnson|555-987-8506|2566 Oak Ave, Bristol|CL
585|Jennifer Garcia|555-463-2641|8602 Cedar Rd, Madison|MX
586|James Miller|555-335-6276|5175 Lakeview Dr, Franklin|CO
587|James Johnson|555-510-1692|5726 Lakeview Dr, Bristol|PE
588|Patricia Miller|555-769-7285|4128 Lakeview Dr, Bristol|CL
589|James Garcia|555-464-7320|2596 Oak Ave, Madison|MX
590|Robert Miller|555-903-7590|7704 Cedar Rd, Greenville|CO
591|Michael Davis|555-579-6132|3263 Pine St, Springfield|PE
592|Linda Garcia|555-735-5100|6818 Oak Ave, Bristol|CL
593|Patricia Williams|555-236-6109|6578 Oak Ave, Greenville|MX
594|James Davis|555-991-8140|5410 Lakeview Dr, Madison|CO
595|James Brown|555-511-8344|181 Oak Ave, Franklin|PE
596|Linda Brown|555-596-2833|9294 Main St, Riverside|CL
597|Jennifer Smith|555-627-6974|6004 Maple St, Greenville|MX
598|Patricia Miller|555-288-5175|6520 Oak Ave, Greenville|CO
599|John Smith|555-369-4725|9189 Pine St, Springfield|PE
600|John Miller|555-566-5339|9992 Pine St, Madison|CL
601|Jennifer Garcia|555-358-3702|6313 Pine St, Riverside|MX
602|Mary Johnson|555-843-4471|597 Cedar Rd, Madison|CO
603|Patricia Williams|555-538-6989|5089 Pine St, Riverside|PE
604|James Smith|555-298-1954|3157 Pine St, Greenville|CL
605|Patricia Jones|555-565-7366|4868 Pine St, Springfield|MX
606|Patricia Garcia|555-763-5114|5235 Cedar Rd, Springfield|CO
607|Robert Miller|555-926-5078|7711 Oak Ave, Springfield|PE
608|John Brown|555-304-6859|3648 Cedar Rd, Franklin|CL
609|Jennifer Jones|555-127-9566|3303 Lakeview Dr, Springfield|MX
610|Linda Davis|555-525-7960|4411 Oak Ave, Riverside|CO
611|Robert Brown|555-404-6793|653 Cedar Rd, Springfield|PE
612|Robert Johnson|555-569-7367|4540 Lakeview Dr, Greenville|CL
613|Michael Garcia|555-108-6584|611 Maple St, Greenville|MX
614|Linda Smith|555-905-5494|2202 Main St, Greenville|CO
615|Jennifer Johnson|555-346-1107|7552 Pine St, Springfield|PE
616|Michael Brown|555-524-6565|3254 Lakeview Dr, Springfield|CL
617|Robert Smith|555-359-2864|1629 Pine St, Bristol|MX
618|Linda Johnson|555-220-2812|1850 Main St, Madison|CO
619|Mary Davis|555-849-2897|8335 Oak Ave, Bristol|PE
620|John Davis|555-119-3270|9710 Pine St, Franklin|CL
621|Mary Miller|555-684-3098|8674 Maple St, Madison|MX
622|Mary Jones|555-189-6464|3831 Main St, Bristol|CO
623|John Johnson|555-984-5437|8858 Maple St, Madison|PE
624|John Miller|555-760-8625|5352 Main St, Bristol|CL
625|Mary Miller|555-493-6888|5872 Pine St, Springfield|MX
626|Michael Williams|555-957-4468|1106 Pine St, Bristol|CO
627|Linda Jones|555-793-8445|4131 Oak Ave, Greenville|PE
628|Robert Brown|555-795-7921|7869 Oak Ave, Madison|CL
629|Mary Jones|555-125-6257|2103 Pine St, Springfield|MX
630|Robert Jones|555-362-1570|6171 Pine St, Springfield|CO
631|Michael Garcia|555-427-4043|2436 Maple St, Greenville|PE
632|James Brown|555-825-9649|2655 Main St, Madison|CL
633|Patricia Jones|555-491-1098|5963 Lakeview Dr, Franklin|MX
634|Mary Miller|555-776-7068|7281 Oak Ave, Franklin|CO
635|Jennifer Williams|555-531-6078|8110 Pine St, Franklin|PE
636|John Williams|555-102-7656|2520 Main St, Madison|CL
637|John Jones|555-850-7274|4381 Main St, Franklin|MX
638|Michael Williams|555-414-1180|792 Main St, Springfield|CO
639|Patricia Jones|555-534-1602|1576 Lakeview Dr, Greenville|PE
640|Mary Williams|555-629-3178|5408 Lakeview Dr, Greenville|CL
641|John Miller|555-627-4503|8467 Lakeview Dr, Greenville|MX
642|Patricia Garcia|555-195-9957|9071 Maple St, Riverside|CO
643|Michael Johnson|555-163-6213|3391 Cedar Rd, Greenville|PE
644|John Johnson|555-374-5341|6679 Maple St, Greenville|CL
645|Michael Brown|555-486-6596|7221 Cedar Rd, Springfield|MX
646|Patricia Jones|555-256-8265|9288 Cedar Rd, Bristol|CO
647|John Brown|555-285-2475|2231 Lakeview Dr, Springfield|PE
648|Robert Brown|555-928-7918|5583 Pine St, Franklin|CL
649|Linda Brown|555-481-1937|5034 Lakeview Dr, Greenville|MX
650|Mary Brown|555-934-8613|5738 Lakeview Dr, Bristol|CO
651|John Miller|555-250-6790|5462 Lakeview Dr, Madison|PE
652|Linda Williams|555-916-9296|1672 Cedar Rd, Greenville|CL
653|John Williams|555-932-3030|8523 Oak Ave, Riverside|MX
654|Patricia Williams|555-593-9084|4951 Lakeview Dr, Bristol|CO
655|Linda Brown|555-911-9494|6778 Pine St, Franklin|PE
656|Michael Miller|555-262-1934|5069 Oak Ave, Bristol|CL
657|Mary Davis|555-313-6701|8223 Maple St, Bristol|MX
658|Linda Smith|555-396-6797|9269 Cedar Rd, Madison|CO
659|Linda Miller|555-996-8918|4531 Oak Ave, Riverside|PE
660|Mary Jones|555-482-3337|2218 Main St, Riverside|CL
661|Linda Jones|555-554-2768|7204 Cedar Rd, Riverside|MX
662|Jennifer Davis|555-605-5607|276 Cedar Rd, Franklin|CO
663|Mary Johnson|555-922-2121|6558 Main St, Franklin|PE
664|John Miller|555-143-7300|4264 Main St, Riverside|CL
665|Jennifer Jones|555-301-6729|3558 Pine St, Franklin|MX
666|Patricia Garcia|555-395-3255|3845 Pine St, Franklin|CO
667|Linda Brown|555-804-5415|2746 Pine St, Franklin|PE
668|Robert Jones|555-815-5914|2244 Main St, Riverside|CL
669|Michael Davis|555-167-1794|9354 Oak Ave, Madison|MX
670|James Miller|555-430-3325|875 Cedar Rd, Springfield|CO
671|Mary Smith|555-767-9769|3246 Main St, Franklin|PE
672|Mary Johnson|555-569-8372|8617 Oak Ave, Bristol|CL
673|Linda Johnson|555-681-8034|4606 Maple St, Madison|MX
674|Michael Williams|555-502-8890|3158 Lakeview Dr, Riverside|CO
675|Mary Davis|555-422-3247|7633 Maple St, Franklin|PE
676|Linda Miller|555-525-2869|5463 Cedar Rd, Bristol|CL
677|Linda Davis|555-833-2261|7859 Lakeview Dr, Springfield|MX
678|Mary Jones|555-989-8006|1548 Cedar Rd, Greenville|CO
679|Jennifer Davis|555-977-2171|2823 Maple St, Riverside|PE
680|John Jones|555-480-5182|731 Oak Ave, Riverside|CL
681|Patricia Brown|555-876-9551|4416 Maple St, Greenville|MX
682|Patricia Brown|555-731-4732|4364 Oak Ave, Springfield|CO
683|Michael Brown|555-398-4661|5162 Oak Ave, Madison|PE
684|Mary Davis|555-736-8000|7887 Maple St, Madison|CL
685|Mary Garcia|555-566-7311|8541 Oak Ave, Madison|MX
686|James Smith|555-645-3708|2923 Oak Ave, Riverside|CO
687|James Williams|555-313-9011|8784 Oak Ave, Franklin|PE
688|James Williams|555-664-3915|7950 Pine St, Springfield|CL
689|Mary Miller|555-686-6323|4830 Oak Ave, Riverside|MX
690|John Garcia|555-742-9439|2161 Main St, Springfield|CO
691|Robert Williams|555-931-9226|4707 Main St, Greenville|PE
692|Patricia Smith|555-516-4841|9368 Oak Ave, Franklin|CL
693|Robert Jones|555-474-1163|271 Pine St, Bristol|MX
694|Linda Smith|555-505-1014|9626 Pine St, Riverside|CO
695|Patricia Miller|555-591-5026|4394 Oak Ave, Greenville|PE
696|Robert Smith|555-351-5977|5253 Pine St, Greenville|CL
697|Linda Garcia|555-760-8547|3718 Main St, Riverside|MX
698|Michael Johnson|555-548-9185|8326 Cedar Rd, Greenville|CO
699|Patricia Smith|555-175-2802|437 Lakeview Dr, Springfield|PE
700|James Williams|555-780-2277|3630 Oak Ave, Greenville|CL
701|John Miller|555-796-7791|2810 Cedar Rd, Franklin|MX
702|Linda Brown|555-114-4893|7744 Main St, Springfield|CO
703|Mary Garcia|555-493-4355|9170 Maple St, Riverside|PE
704|Linda Johnson|555-340-6849|1616 Cedar Rd, Bristol|CL
705|Jennifer Smith|555-369-3920|3420 Main St, Springfield|MX
706|John Smith|555-298-3711|9980 Maple St, Greenville|CO
707|Robert Smith|555-247-1219|2907 Cedar Rd, Bristol|PE
708|Linda Jones|555-749-2762|2570 Main St, Bristol|CL
709|Mary Smith|555-475-7067|2191 Oak Ave, Franklin|MX
710|Robert Brown|555-831-7708|1313 Main St, Bristol|CO
711|Patricia Brown|555-481-7719|1219 Lakeview Dr, Franklin|PE
712|Patricia Williams|555-759-3141|9539 Cedar Rd, Madison|CL
713|James Miller|555-524-3124|8844 Oak Ave, Riverside|MX
714|John Jones|555-729-5592|2564 Lakeview Dr, Bristol|CO
715|John Smith|555-921-9902|7614 Oak Ave, Franklin|PE
716|Robert Brown|555-581-8558|5880 Cedar Rd, Riverside|CL
717|Mary Williams|555-352-6134|3306 Pine St, Madison|MX
718|John Brown|555-318-9232|7073 Pine St, Riverside|CO
719|Jennifer Brown|555-153-5862|7151 Cedar Rd, Springfield|PE
720|James Jones|555-113-6676|1381 Maple St, Riverside|CL
721|Robert Davis|555-385-9320|6357 Lakeview Dr, Bristol|MX
722|Patricia Miller|555-515-3957|492 Main St, Franklin|CO
723|Jennifer Jones|555-145-2475|5329 Lakeview Dr, Madison|PE
724|Jennifer Johnson|555-612-2545|7707 Main St, Franklin|CL
725|Jennifer Smith|555-561-8030|1725 Oak Ave, Franklin|MX
726|James Smith|555-681-2825|4257 Pine St, Greenville|CO
727|Michael Jones|555-312-6179|7721 Cedar Rd, Springfield|PE
728|Mary Miller|555-108-1498|4153 Lakeview Dr, Madison|CL
729|Linda Brown|555-301-6306|5584 Cedar Rd, Greenville|MX
730|Michael Davis|555-142-3247|8933 Oak Ave, Riverside|CO
731|James Davis|555-184-5194|8524 Maple St, Madison|PE
732|Linda Williams|555-521-6997|1513 Lakeview Dr, Springfield|CL
733|John Williams|555-229-3538|8173 Pine St, Greenville|MX
734|James Miller|555-445-9661|8027 Cedar Rd, Greenville|CO
735|Robert Williams|555-536-6850|5061 Maple St, Riverside|PE
736|John Jones|555-716-9112|5306 Cedar Rd, Springfield|CL
737|Linda Johnson|555-308-5206|5086 Cedar Rd, Franklin|MX
738|Mary Williams|555-838-6828|4909 Cedar Rd, Madison|CO
739|Michael Smith|555-372-5366|1504 Lakeview Dr, Springfield|PE
740|Robert Smith|555-291-7642|8739 Pine St, Riverside|CL
741|Michael Davis|555-557-7776|2591 Oak Ave, Madison|MX
742|Michael Jones|555-462-6638|5495 Pine St, Greenville|CO
743|Linda Smith|555-312-3322|6637 Pine St, Riverside|PE
744|Mary Garcia|555-795-8298|4612 Maple St, Riverside|CL
745|Robert Brown|555-341-3569|5849 Pine St, Bristol|MX
746|Michael Brown|555-242-4696|1951 Lakeview Dr, Franklin|CO
747|Linda Jones|555-909-4892|6873 Pine St, Bristol|PE
748|Mary Johnson|555-182-5008|1582 Maple St, Greenville|CL
749|Robert Garcia|555-839-5656|4704 Main St, Madison|MX
750|Jennifer Miller|555-188-6052|1290 Pine St, Greenville|CO
751|James Miller|555-163-9455|710 Lakeview Dr, Springfield|PE
752|John Davis|555-507-5871|6179 Cedar Rd, Riverside|CL
753|James Johnson|555-533-3045|9143 Maple St, Springfield|MX
754|Robert Smith|555-574-6830|6872 Lakeview Dr, Bristol|CO
755|Patricia Miller|555-531-4432|839 Lakeview Dr, Madison|PE
756|Michael Miller|555-286-6645|1789 Pine St, Madison|CL
757|Linda Garcia|555-752-8906|5035 Oak Ave, Madison|MX
758|Robert Williams|555-286-6361|2565 Pine St, Bristol|CO
759|Patricia Williams|555-500-4972|1354 Main St, Riverside|PE
760|James Williams|555-842-1657|6060 Maple St, Riverside|CL
761|Mary Davis|555-137-3307|741 Pine St, Springfield|MX
762|Linda Williams|555-802-4026|1072 Maple St, Greenville|CO
763|Patricia Smith|555-630-1991|1270 Lakeview Dr, Franklin|PE
764|Linda Davis|555-197-3083|6721 Pine St, Riverside|CL
765|John Jones|555-841-9594|5523 Pine St, Madison|MX
766|Robert Davis|555-401-4203|4882 Pine St, Bristol|CO
767|Patricia Williams|555-636-4505|6717 Cedar Rd, Madison|PE
768|Michael Williams|555-144-3263|4323 Pine St, Franklin|CL
769|Michael Brown|555-129-4798|2636 Lakeview Dr, Springfield|MX
770|Linda Johnson|555-280-9192|4436 Oak Ave, Franklin|CO
771|Robert Smith|555-521-3501|3775 Pine St, Franklin|PE
772|John Johnson|555-442-9695|9018 Main St, Bristol|CL
773|Patricia Jones|555-900-1115|3836 Pine St, Franklin|MX
774|Jennifer Brown|555-232-1761|5218 Lakeview Dr, Franklin|CO
775|Robert Garcia|555-151-6148|4010 Main St, Franklin|PE
776|Robert Garcia|555-686-7534|1108 Oak Ave, Franklin|CL
777|Jennifer Davis|555-178-7805|3851 Pine St, Bristol|MX
778|Patricia Garcia|555-692-7746|3600 Maple St, Madison|CO
779|Michael Garcia|555-615-8546|482 Oak Ave, Franklin|PE
780|Mary Smith|555-913-6970|3299 Pine St, Riverside|CL
781|Michael Miller|555-728-4347|8500 Cedar Rd, Franklin|MX
782|Jennifer Johnson|555-105-4295|4152 Oak Ave, Bristol|CO
783|John Johnson|555-212-3720|6552 Cedar Rd, Springfield|PE
784|Michael Davis|555-990-9609|4949 Main St, Greenville|CL
785|John Brown|555-794-9340|6637 Oak Ave, Madison|MX
786|James Johnson|555-757-4288|341 Cedar Rd, Riverside|CO
787|Patricia Johnson|555-921-6135|9492 Pine St, Bristol|PE
788|John Smith|555-276-6684|9570 Pine St, Greenville|CL
789|Jennifer Jones|555-150-3063|8416 Pine St, Franklin|MX
790|Patricia Smith|555-258-8432|4514 Lakeview Dr, Madison|CO
791|James Johnson|555-146-3024|6713 Cedar Rd, Greenville|PE
792|Mary Brown|555-511-5731|8373 Oak Ave, Madison|CL
793|John Jones|555-964-8445|7078 Pine St, Madison|MX
794|Linda Davis|555-658-3373|5194 Lakeview Dr, Greenville|CO
795|John Garcia|555-246-7710|8564 Pine St, Madison|PE
796|Robert Johnson|555-724-9818|972 Pine St, Franklin|CL
797|Mary Johnson|555-745-5083|2413 Pine St, Greenville|MX
798|Mary Garcia|555-801-1200|3373 Cedar Rd, Greenville|CO
799|Patricia Brown|555-625-8710|6808 Main St, Bristol|PE
800|Jennifer Smith|555-483-8122|5240 Maple St, Madison|CL
801|James Miller|555-928-5585|2938 Lakeview Dr, Madison|MX
802|Jennifer Davis|555-815-1255|9466 Lakeview Dr, Madison|CO
803|Patricia Brown|555-765-5723|5998 Maple St, Madison|PE
804|Mary Smith|555-330-5201|1977 Pine St, Madison|CL
805|Linda Garcia|555-600-4217|4293 Pine St, Springfield|MX
806|Michael Brown|555-411-1681|732 Lakeview Dr, Madison|CO
807|Jennifer Williams|555-350-2737|6078 Oak Ave, Greenville|PE
808|James Miller|555-960-1372|9958 Maple St, Franklin|CL
809|James Johnson|555-630-1609|4810 Maple St, Greenville|MX
810|Linda Miller|555-175-5000|5116 Cedar Rd, Franklin|CO
811|Patricia Brown|555-686-8479|9163 Oak Ave, Springfield|PE
812|Mary Smith|555-344-3493|9895 Cedar Rd, Bristol|CL
813|Jennifer Davis|555-833-3105|9017 Maple St, Greenville|MX
814|Linda Johnson|555-173-5151|4340 Maple St, Springfield|CO
815|James Jones|555-117-8975|9067 Lakeview Dr, Madison|PE
816|John Brown|555-815-6516|5055 Main St, Bristol|CL
817|Mary Davis|555-148-3432|8091 Lakeview Dr, Riverside|MX
818|John Johnson|555-666-5670|4443 Oak Ave, Bristol|CO
819|Michael Garcia|555-850-5848|1852 Maple St, Madison|PE
820|Mary Jones|555-772-7772|1767 Oak Ave, Greenville|CL
821|John Miller|555-994-6548|2148 Lakeview Dr, Franklin|MX
822|Michael Jones|555-518-8866|4755 Cedar Rd, Springfield|CO
823|Michael Miller|555-771-6593|3537 Pine St, Springfield|PE
824|Robert Johnson|555-876-6590|4614 Pine St, Greenville|CL
825|John Davis|555-983-9104|2766 Cedar Rd, Madison|MX
826|John Brown|555-715-7898|7120 Maple St, Riverside|CO
827|Robert Jones|555-255-5113|3795 Cedar Rd, Riverside|PE
828|Michael Garcia|555-957-6865|9860 Pine St, Riverside|CL
829|Robert Brown|555-180-5534|5635 Maple St, Springfield|MX
830|Robert Garcia|555-675-2459|2215 Oak Ave, Franklin|CO
831|Robert Garcia|555-398-3181|2607 Cedar Rd, Franklin|PE
832|Robert Williams|555-727-9858|301 Main St, Riverside|CL
833|Jennifer Brown|555-294-2281|1634 Cedar Rd, Springfield|MX
834|John Brown|555-383-9812|1783 Oak Ave, Madison|CO
835|Robert Williams|555-359-5088|4803 Main St, Madison|PE
836|Michael Miller|555-994-8273|3518 Maple St, Franklin|CL
837|Linda Jones|555-412-8754|6622 Pine St, Madison|MX
838|John Miller|555-904-6843|4475 Oak Ave, Bristol|CO
839|Patricia Garcia|555-204-3549|1979 Oak Ave, Greenville|PE
840|Michael Brown|555-995-6453|7982 Maple St, Madison|CL
841|Mary Garcia|555-991-8776|2914 Pine St, Bristol|MX
842|Mary Davis|555-785-1151|5699 Maple St, Bristol|CO
843|Robert Miller|555-278-6612|408 Maple St, Riverside|PE
844|Patricia Johnson|555-162-5543|8048 Maple St, Bristol|CL
845|John Smith|555-256-7100|8289 Main St, Franklin|MX
846|Michael Jones|555-543-6058|8225 Oak Ave, Springfield|CO
847|Jennifer Miller|555-206-9521|6537 Lakeview Dr, Franklin|PE
848|Jennifer Brown|555-766-3734|7315 Cedar Rd, Madison|CL
849|Mary Johnson|555-376-7688|6859 Main St, Greenville|MX
850|Robert Johnson|555-594-5341|7723 Lakeview Dr, Riverside|CO
851|John Jones|555-444-3374|2431 Oak Ave, Madison|PE
852|Robert Jones|555-254-8206|1540 Oak Ave, Springfield|CL
853|John Jones|555-344-1175|3000 Oak Ave, Springfield|MX
854|Linda Davis|555-924-8278|2423 Main St, Madison|CO
855|Patricia Williams|555-307-4932|5478 Lakeview Dr, Madison|PE
856|Mary Smith|555-696-3218|567 Maple St, Franklin|CL
857|James Garcia|555-962-4916|5775 Main St, Franklin|MX
858|Patricia Jones|555-149-3377|8165 Pine St, Springfield|CO
859|Mary Brown|555-293-1210|745 Pine St, Riverside|PE
860|James Smith|555-935-7080|1763 Maple St, Riverside|CL
861|Mary Garcia|555-130-5307|3169 Main St, Riverside|MX
862|Mary Jones|555-304-9980|7705 Main St, Riverside|CO
863|Michael Brown|555-499-6098|6465 Cedar Rd, Springfield|PE
864|John Smith|555-433-6677|8153 Maple St, Bristol|CL
865|John Miller|555-774-6005|8338 Pine St, Springfield|MX
866|John Miller|555-505-9406|444 Lakeview Dr, Riverside|CO
867|Patricia Johnson|555-658-4745|4641 Lakeview Dr, Riverside|PE
868|John Davis|555-402-2892|9034 Oak Ave, Madison|CL
869|James Miller|555-656-8108|297 Maple St, Franklin|MX
870|Michael Jones|555-514-4237|135 Cedar Rd, Franklin|CO
871|Robert Johnson|555-133-9827|4352 Main St, Springfield|PE
872|Michael Smith|555-706-3523|3110 Pine St, Franklin|CL
873|Patricia Brown|555-524-7126|8661 Lakeview Dr, Riverside|MX
874|Robert Davis|555-533-8225|6987 Cedar Rd, Springfield|CO
875|Linda Miller|555-449-3322|101 Maple St, Greenville|PE
876|Robert Johnson|555-850-5307|9280 Lakeview Dr, Riverside|CL
877|James Smith|555-230-5706|2736 Maple St, Riverside|MX
878|Patricia Williams|555-868-5305|4255 Oak Ave, Springfield|CO
879|Mary Jones|555-543-8832|7818 Cedar Rd, Springfield|PE
880|Michael Smith|555-715-1656|587 Cedar Rd, Springfield|CL
881|Michael Davis|555-126-1638|7748 Lakeview Dr, Franklin|MX
882|Linda Johnson|555-628-8976|9975 Oak Ave, Greenville|CO
883|Mary Miller|555-482-7804|8208 Cedar Rd, Bristol|PE
884|Robert Smith|555-529-8640|4244 Pine St, Riverside|CL
885|Mary Johnson|555-368-8019|2652 Oak Ave, Bristol|MX
886|Linda Jones|555-542-8762|5142 Maple St, Franklin|CO
887|John Brown|555-853-6830|564 Lakeview Dr, Franklin|PE
888|Michael Miller|555-183-8392|1097 Main St, Madison|CL
889|Michael Jones|555-730-9496|5137 Lakeview Dr, Greenville|MX
890|Patricia Jones|555-879-6281|1090 Pine St, Riverside|CO
891|Mary Garcia|555-562-7006|4455 Lakeview Dr, Springfield|PE
892|Mary Garcia|555-456-7579|2208 Main St, Springfield|CL
893|Patricia Johnson|555-167-8717|9801 Cedar Rd, Madison|MX
894|Michael Williams|555-238-6077|5615 Lakeview Dr, Bristol|CO
895|Patricia Jones|555-134-4605|3029 Maple St, Springfield|PE
896|Linda Davis|555-525-7173|2836 Lakeview Dr, Bristol|CL
897|James Smith|555-285-7945|5326 Lakeview Dr, Greenville|MX
898|Jennifer Brown|555-513-9084|4551 Lakeview Dr, Madison|CO
899|Mary Johnson|555-877-5477|3859 Lakeview Dr, Greenville|PE
900|James Davis|555-763-7107|9988 Oak Ave, Franklin|CL
901|Linda Garcia|555-793-3696|6132 Pine St, Riverside|MX
902|Linda Davis|555-139-9630|648 Main St, Springfield|CO
903|Michael Garcia|555-558-1594|7866 Oak Ave, Riverside|PE
904|Robert Williams|555-764-7941|991 Cedar Rd, Riverside|CL
905|Michael Williams|555-105-2466|8378 Main St, Franklin|MX
906|Robert Davis|555-139-9855|6349 Maple St, Springfield|CO
907|Mary Garcia|555-668-6910|712 Maple St, Greenville|PE
908|John Smith|555-669-6913|9036 Lakeview Dr, Riverside|CL
909|Michael Johnson|555-189-1496|7965 Cedar Rd, Madison|MX
910|Michael Smith|555-401-2853|8876 Oak Ave, Franklin|CO
911|Linda Jones|555-864-9592|8349 Maple St, Madison|PE
912|Mary Williams|555-795-3561|7046 Maple St, Madison|CL
913|Michael Johnson|555-869-7702|8698 Maple St, Riverside|MX
914|Patricia Miller|555-458-1652|8016 Maple St, Springfield|CO
915|Patricia Williams|555-955-5275|1656 Maple St, Springfield|PE
916|John Jones|555-155-5732|5026 Cedar Rd, Riverside|CL
917|Michael Davis|555-741-7556|7919 Main St, Franklin|MX
918|James Smith|555-399-1118|3983 Oak Ave, Springfield|CO
919|Linda Smith|555-475-3937|1761 Pine St, Bristol|PE
920|James Miller|555-784-9638|2438 Maple St, Springfield|CL
921|Jennifer Williams|555-709-2136|6872 Maple St, Springfield|MX
922|Jennifer Davis|555-196-4956|8966 Lakeview Dr, Greenville|CO
923|Michael Garcia|555-595-5562|4873 Main St, Greenville|PE
924|Patricia Johnson|555-218-9406|6347 Cedar Rd, Bristol|CL
925|Jennifer Davis|555-114-8882|6599 Maple St, Madison|MX
926|John Johnson|555-758-1983|7809 Oak Ave, Madison|CO
927|Jennifer Johnson|555-707-6264|4753 Lakeview Dr, Franklin|PE
928|Patricia Jones|555-599-6659|759 Oak Ave, Madison|CL
929|Patricia Davis|555-526-5579|9275 Maple St, Greenville|MX
930|Linda Brown|555-118-1123|2506 Cedar Rd, Bristol|CO
931|Patricia Johnson|555-899-4138|8278 Oak Ave, Madison|PE
932|Robert Garcia|555-967-9167|7629 Cedar Rd, Riverside|CL
933|James Smith|555-327-3617|7330 Lakeview Dr, Bristol|MX
934|James Jones|555-775-9822|7787 Oak Ave, Springfield|CO
935|Jennifer Miller|555-161-2955|4984 Pine St, Bristol|PE
936|Jennifer Brown|555-326-2253|3874 Main St, Franklin|CL
937|James Smith|555-760-5061|8114 Main St, Riverside|MX
938|Mary Jones|555-538-9251|8887 Pine St, Madison|CO
939|Jennifer Garcia|555-464-2638|9782 Maple St, Bristol|PE
940|Jennifer Williams|555-377-8944|4935 Pine St, Riverside|CL
941|Mary Jones|555-605-7290|6503 Oak Ave, Springfield|MX
942|Patricia Davis|555-174-3655|5793 Main St, Madison|CO
943|Linda Garcia|555-487-5439|2609 Main St, Springfield|PE
944|Jennifer Smith|555-300-6603|8617 Maple St, Riverside|CL
945|Mary Garcia|555-547-1687|5342 Maple St, Madison|MX
946|John Jones|555-362-6338|1940 Lakeview Dr, Springfield|CO
947|John Williams|555-413-4494|1182 Lakeview Dr, Springfield|PE
948|Jennifer Garcia|555-688-1979|6012 Maple St, Bristol|CL
949|Mary Davis|555-500-2613|7305 Cedar Rd, Bristol|MX
950|Michael Williams|555-706-5375|6895 Main St, Madison|CO
951|Linda Brown|555-550-1415|3862 Maple St, Greenville|PE
952|Michael Williams|555-604-2416|1863 Oak Ave, Springfield|CL
953|James Brown|555-680-8368|6899 Maple St, Franklin|MX
954|Mary Garcia|555-235-8904|9488 Cedar Rd, Riverside|CO
955|Linda Smith|555-942-4736|7388 Oak Ave, Springfield|PE
956|Jennifer Smith|555-117-8086|8472 Cedar Rd, Springfield|CL
957|Robert Miller|555-222-6801|3030 Main St, Franklin|MX
958|Robert Jones|555-473-8213|8454 Main St, Franklin|CO
959|Patricia Garcia|555-212-6491|1095 Pine St, Bristol|PE
960|Michael Jones|555-896-5002|513 Cedar Rd, Greenville|CL
961|Linda Jones|555-160-1765|1212 Oak Ave, Greenville|MX
962|Robert Smith|555-341-2807|9993 Pine St, Springfield|CO
963|Patricia Davis|555-927-7487|7622 Main St, Greenville|PE
964|Jennifer Smith|555-506-3158|6047 Pine St, Bristol|CL
965|John Davis|555-367-6009|4080 Lakeview Dr, Springfield|MX
966|Robert Williams|555-251-9782|3200 Lakeview Dr, Bristol|CO
967|John Williams|555-481-9241|7885 Main St, Franklin|PE
968|James Jones|555-967-2943|8583 Lakeview Dr, Madison|CL
969|Robert Jones|555-417-3805|7724 Oak Ave, Franklin|MX
970|Robert Johnson|555-916-6947|4624 Pine St, Springfield|CO
971|James Smith|555-225-3412|1425 Pine St, Bristol|PE
972|James Johnson|555-914-3187|5645 Main St, Springfield|CL
973|Michael Johnson|555-385-2609|8245 Main St, Madison|MX
974|Robert Jones|555-223-3076|4993 Main St, Riverside|CO
975|Robert Brown|555-151-4398|3764 Pine St, Franklin|PE
976|James Miller|555-380-4101|2394 Main St, Madison|CL
977|Michael Brown|555-175-3360|1699 Maple St, Riverside|MX
978|John Johnson|555-809-1156|1260 Pine St, Riverside|CO
979|Patricia Brown|555-616-6943|8183 Maple St, Madison|PE
980|James Jones|555-334-4505|8302 Lakeview Dr, Bristol|CL
981|Jennifer Smith|555-417-9699|2485 Cedar Rd, Greenville|MX
982|Linda Williams|555-779-4266|7951 Oak Ave, Riverside|CO
983|Linda Smith|555-562-3234|8015 Lakeview Dr, Greenville|PE
984|Linda Davis|555-482-6819|2628 Pine St, Madison|CL
985|Linda Jones|555-924-5321|5575 Pine St, Greenville|MX
986|Jennifer Miller|555-746-9017|3567 Oak Ave, Franklin|CO
987|Patricia Jones|555-270-9482|187 Maple St, Franklin|PE
988|Robert Garcia|555-270-7457|2712 Oak Ave, Madison|CL
989|Patricia Miller|555-849-8537|4086 Oak Ave, Greenville|MX
990|Mary Williams|555-402-5173|7761 Cedar Rd, Springfield|CO
991|Jennifer Smith|555-659-6845|6563 Lakeview Dr, Springfield|PE
992|Robert Johnson|555-908-5043|8832 Pine St, Greenville|CL
993|Michael Brown|555-994-4979|4831 Cedar Rd, Springfield|MX
994|James Johnson|555-581-7163|8885 Pine St, Madison|CO
995|Michael Jones|555-608-1295|8619 Maple St, Riverside|PE
996|Robert Miller|555-758-7985|2061 Oak Ave, Madison|CL
997|Michael Jones|555-245-6467|8539 Pine St, Madison|MX
998|Patricia Miller|555-317-4017|6580 Main St, Franklin|CO
999|Robert Williams|555-868-1528|8328 Pine St, Riverside|PE
1000|John Garcia|555-384-4585|3933 Cedar Rd, Riverside|CL
1001|Patricia Brown|555-371-4128|1750 Pine St, Franklin|MX
1002|Patricia Johnson|555-555-6696|7946 Main St, Springfield|CO
1003|Robert Davis|555-721-6734|9260 Cedar Rd, Bristol|PE
1004|Patricia Garcia|555-942-3189|3439 Oak Ave, Madison|CL
1005|Mary Garcia|555-629-9969|8932 Maple St, Madison|MX
1006|James Smith|555-384-8293|7962 Pine St, Bristol|CO
1007|James Johnson|555-283-2384|1152 Cedar Rd, Franklin|PE
1008|Jennifer Jones|555-651-5710|9013 Pine St, Bristol|CL
1009|Patricia Williams|555-214-6798|6265 Lakeview Dr, Bristol|MX
1010|John Jones|555-298-6595|8825 Maple St, Franklin|CO
1011|Jennifer Brown|555-270-2690|6833 Main St, Greenville|PE
1012|Linda Smith|555-382-2685|5914 Lakeview Dr, Springfield|CL
1013|Michael Garcia|555-452-9397|3842 Cedar Rd, Bristol|MX
1014|John Williams|555-917-4311|1436 Cedar Rd, Springfield|CO
1015|Robert Brown|555-544-8241|9310 Maple St, Bristol|PE
1016|Michael Smith|555-127-4553|2889 Cedar Rd, Madison|CL
1017|Linda Smith|555-874-6547|5542 Lakeview Dr, Bristol|MX
1018|Michael Miller|555-843-7901|3622 Oak Ave, Riverside|CO
1019|Jennifer Miller|555-639-9705|6901 Maple St, Franklin|PE
1020|Linda Brown|555-945-1919|3818 Oak Ave, Franklin|CL
1021|Jennifer Johnson|555-149-8934|3366 Lakeview Dr, Madison|MX
1022|Michael Miller|555-937-5707|1437 Oak Ave, Franklin|CO
1023|John Miller|555-694-1192|7263 Cedar Rd, Madison|PE
1024|Patricia Miller|555-616-3064|7748 Pine St, Greenville|CL
1025|Mary Miller|555-812-5706|4769 Cedar Rd, Springfield|MX
1026|Robert Davis|555-148-7039|3940 Lakeview Dr, Greenville|CO
1027|Jennifer Smith|555-588-8522|1072 Main St, Bristol|PE
1028|John Miller|555-174-1389|7274 Cedar Rd, Franklin|CL
1029|Jennifer Brown|555-813-6844|1221 Oak Ave, Riverside|MX
1030|Jennifer Williams|555-665-6935|9326 Main St, Springfield|CO
1031|Linda Williams|555-890-5139|7254 Cedar Rd, Springfield|PE
1032|Robert Garcia|555-205-5065|8852 Oak Ave, Bristol|CL
1033|Patricia Jones|555-704-3068|8342 Cedar Rd, Riverside|MX
1034|Jennifer Jones|555-646-1696|9316 Oak Ave, Riverside|CO
1035|James Brown|555-970-9636|7042 Main St, Madison|PE
1036|Mary Williams|555-693-7852|3807 Pine St, Springfield|CL
1037|Mary Miller|555-536-4131|5672 Main St, Greenville|MX
1038|Linda Garcia|555-296-5376|2424 Pine St, Springfield|CO
1039|Jennifer Davis|555-680-1251|9737 Main St, Bristol|PE
1040|Robert Davis|555-605-4074|9083 Cedar Rd, Greenville|CL
1041|Mary Davis|555-987-8205|7266 Cedar Rd, Madison|MX
1042|Robert Brown|555-467-2101|3466 Maple St, Greenville|CO
1043|Mary Jones|555-580-4290|6669 Pine St, Franklin|PE
1044|James Johnson|555-643-9734|7329 Pine St, Riverside|CL
1045|Linda Miller|555-323-6677|2948 Main St, Riverside|MX
1046|Mary Garcia|555-467-6563|8661 Maple St, Greenville|CO
1047|John Johnson|555-496-8467|6759 Oak Ave, Bristol|PE
1048|James Brown|555-991-7019|4675 Maple St, Franklin|CL
1049|Linda Davis|555-182-8883|257 Maple St, Madison|MX
1050|Michael Brown|555-632-3805|4214 Cedar Rd, Riverside|CO
1051|Robert Jones|555-214-2660|5430 Oak Ave, Franklin|PE
1052|Michael Jones|555-531-7219|4654 Main St, Bristol|CL
1053|Robert Williams|555-358-9198|6522 Maple St, Springfield|MX
1054|Michael Johnson|555-793-9124|5135 Cedar Rd, Riverside|CO
1055|John Davis|555-617-6704|3707 Lakeview Dr, Bristol|PE
1056|John Jones|555-718-9283|9384 Main St, Riverside|CL
1057|Robert Davis|555-104-1794|1316 Oak Ave, Greenville|MX
1058|Robert Johnson|555-794-4189|1105 Maple St, Greenville|CO
1059|Jennifer Smith|555-701-1200|2835 Main St, Greenville|PE
1060|Mary Jones|555-646-8980|1022 Pine St, Riverside|CL
1061|Michael Williams|555-635-6313|8887 Pine St, Riverside|MX
1062|Jennifer Jones|555-436-2373|2904 Oak Ave, Riverside|CO
1063|James Williams|555-487-3139|9645 Main St, Madison|PE
1064|Jennifer Davis|555-258-2145|4876 Pine St, Greenville|CL
1065|Patricia Smith|555-878-1654|6722 Cedar Rd, Bristol|MX
1066|Linda Brown|555-758-3113|2472 Pine St, Madison|CO
1067|James Jones|555-662-4361|3177 Lakeview Dr, Riverside|PE
1068|Patricia Davis|555-346-1241|9143 Maple St, Madison|CL
1069|John Smith|555-284-5467|1777 Maple St, Greenville|MX
1070|Linda Miller|555-985-8663|8047 Lakeview Dr, Greenville|CO
1071|Linda Smith|555-869-3963|7568 Lakeview Dr, Madison|PE
1072|Robert Johnson|555-542-5398|1077 Lakeview Dr, Bristol|CL
1073|Mary Johnson|555-685-7502|1070 Pine St, Springfield|MX
1074|Michael Williams|555-187-8794|9635 Pine St, Madison|CO
1075|Robert Miller|555-605-3126|2891 Cedar Rd, Springfield|PE
1076|Robert Smith|555-326-5111|5475 Lakeview Dr, Madison|CL
1077|Linda Johnson|555-435-9250|373 Lakeview Dr, Springfield|MX
1078|James Miller|555-598-2114|3377 Oak Ave, Springfield|CO
1079|Linda Williams|555-850-2203|8771 Maple St, Franklin|PE
1080|Patricia Garcia|555-338-3448|9192 Pine St, Springfield|CL
1081|Jennifer Brown|555-364-1383|7279 Lakeview Dr, Bristol|MX
1082|Mary Johnson|555-197-2994|9803 Maple St, Madison|CO
1083|Linda Davis|555-835-4990|9638 Pine St, Riverside|PE
1084|John Smith|555-140-7686|3993 Cedar Rd, Bristol|CL
1085|Jennifer Davis|555-664-2681|6073 Maple St, Franklin|MX
1086|John Williams|555-499-4150|7691 Main St, Greenville|CO
1087|John Smith|555-164-3339|207 Pine St, Bristol|PE
1088|Robert Johnson|555-680-5277|3707 Main St, Springfield|CL
1089|Jennifer Miller|555-460-4248|9424 Pine St, Bristol|MX
1090|James Garcia|555-507-2196|9479 Lakeview Dr, Franklin|CO
1091|Mary Miller|555-413-4708|256 Main St, Bristol|PE
1092|Patricia Garcia|555-295-9310|917 Main St, Greenville|CL
1093|Jennifer Brown|555-197-2586|5179 Maple St, Franklin|MX
1094|James Jones|555-954-8416|7455 Cedar Rd, Greenville|CO
1095|John Johnson|555-626-3084|2325 Cedar Rd, Bristol|PE
1096|Patricia Davis|555-389-2125|9027 Main St, Riverside|CL
1097|Jennifer Johnson|555-841-6613|8769 Oak Ave, Riverside|MX
1098|Patricia Williams|555-767-2412|8704 Oak Ave, Riverside|CO
1099|James Miller|555-360-5171|1270 Maple St, Springfield|PE
1100|Robert Brown|555-601-8133|3092 Lakeview Dr, Greenville|CL
1101|Jennifer Garcia|555-979-3356|4407 Main St, Greenville|MX
1102|Mary Williams|555-199-6807|4452 Cedar Rd, Greenville|CO
1103|Jennifer Johnson|555-735-3501|3218 Maple St, Franklin|PE
1104|Patricia Garcia|555-885-7046|3492 Cedar Rd, Madison|CL
1105|John Williams|555-310-6705|1373 Cedar Rd, Greenville|MX
1106|Robert Smith|555-160-4175|7472 Lakeview Dr, Bristol|CO
1107|Mary Jones|555-305-4269|2050 Lakeview Dr, Greenville|PE
1108|Jennifer Johnson|555-611-1735|9709 Oak Ave, Springfield|CL
1109|John Brown|555-100-4163|6938 Lakeview Dr, Madison|MX
1110|Michael Johnson|555-217-3477|7850 Oak Ave, Riverside|CO
1111|John Brown|555-633-2759|5904 Maple St, Riverside|PE
1112|Mary Johnson|555-791-3974|5550 Lakeview Dr, Springfield|CL
1113|Mary Brown|555-440-9265|7422 Oak Ave, Bristol|MX
1114|Jennifer Smith|555-816-5258|6532 Oak Ave, Springfield|CO
1115|Patricia Davis|555-811-3634|7463 Main St, Riverside|PE
1116|Jennifer Davis|555-517-3215|5852 Lakeview Dr, Franklin|CL
1117|Linda Brown|555-989-7573|110 Pine St, Riverside|MX
1118|Robert Johnson|555-793-4553|1061 Maple St, Madison|CO
1119|Jennifer Williams|555-744-8578|5200 Oak Ave, Greenville|PE
1120|James Garcia|555-448-2977|4165 Lakeview Dr, Riverside|CL
1121|Jennifer Jones|555-274-8569|4397 Pine St, Bristol|MX
1122|John Smith|555-140-5015|5366 Cedar Rd, Bristol|CO
1123|Patricia Miller|555-245-4593|8331 Main St, Greenville|PE
1124|Jennifer Jones|555-785-6267|5916 Lakeview Dr, Madison|CL
1125|John Brown|555-489-7625|1972 Pine St, Madison|MX
1126|Linda Jones|555-423-2747|5662 Pine St, Madison|CO
1127|John Johnson|555-970-6924|2091 Maple St, Greenville|PE
1128|Linda Davis|555-405-2202|4660 Main St, Franklin|CL
1129|James Smith|555-437-7141|4803 Main St, Madison|MX
1130|Michael Johnson|555-397-3646|381 Lakeview Dr, Madison|CO
1131|Robert Brown|555-797-6773|4268 Pine St, Franklin|PE
1132|Jennifer Davis|555-857-5025|3420 Maple St, Riverside|CL
1133|Jennifer Williams|555-448-3604|2677 Cedar Rd, Riverside|MX
1134|Michael Smith|555-489-5775|7942 Main St, Bristol|CO
1135|Michael Garcia|555-271-2089|4296 Lakeview Dr, Riverside|PE
1136|James Williams|555-811-3318|5152 Cedar Rd, Riverside|CL
1137|Patricia Miller|555-906-9951|7760 Pine St, Madison|MX
1138|John Jones|555-832-8899|5957 Cedar Rd, Riverside|CO
1139|Mary Garcia|555-782-5964|2768 Maple St, Bristol|PE
1140|Michael Garcia|555-146-5148|6817 Oak Ave, Greenville|CL
1141|Mary Brown|555-966-7151|8680 Pine St, Madison|MX
1142|Patricia Jones|555-932-8572|6475 Maple St, Springfield|CO
1143|Michael Brown|555-979-1416|1576 Pine St, Springfield|PE
1144|Patricia Brown|555-145-5259|3061 Maple St, Greenville|CL
1145|Jennifer Smith|555-213-2877|1920 Lakeview Dr, Madison|MX
1146|James Garcia|555-185-1477|9825 Lakeview Dr, Franklin|CO
1147|Michael Brown|555-341-8056|1633 Lakeview Dr, Madison|PE
1148|Linda Davis|555-399-3191|1308 Main St, Springfield|CL
1149|Robert Davis|555-861-1895|7072 Cedar Rd, Greenville|MX
1150|Patricia Garcia|555-326-4693|5179 Oak Ave, Riverside|CO
1151|Michael Miller|555-184-8104|9569 Cedar Rd, Bristol|PE
1152|Mary Davis|555-843-9443|3182 Oak Ave, Franklin|CL
1153|Michael Davis|555-246-8337|507 Cedar Rd, Franklin|MX
1154|Mary Davis|555-858-4098|2867 Lakeview Dr, Madison|CO
1155|Mary Williams|555-497-4110|5637 Cedar Rd, Springfield|PE
1156|Michael Jones|555-920-5761|8178 Lakeview Dr, Bristol|CL
1157|Mary Davis|555-225-7937|9878 Pine St, Madison|MX
1158|James Smith|555-132-8777|3944 Cedar Rd, Madison|CO
1159|Linda Jones|555-361-7857|6335 Cedar Rd, Riverside|PE
1160|John Brown|555-556-4424|3116 Lakeview Dr, Greenville|CL
1161|Michael Davis|555-586-9451|9896 Maple St, Madison|MX
1162|James Davis|555-547-1253|8222 Cedar Rd, Bristol|CO
1163|James Smith|555-666-7997|8797 Cedar Rd, Greenville|PE
1164|James Johnson|555-993-9326|7605 Pine St, Greenville|CL
1165|Jennifer Miller|555-601-7403|2108 Cedar Rd, Greenville|MX
1166|Robert Williams|555-258-1932|8150 Oak Ave, Springfield|CO
1167|Jennifer Davis|555-500-9072|4038 Lakeview Dr, Greenville|PE
1168|Michael Garcia|555-639-5749|257 Oak Ave, Bristol|CL
1169|John Williams|555-334-5363|7204 Pine St, Bristol|MX
1170|Linda Davis|555-742-7451|3428 Pine St, Madison|CO
1171|Robert Williams|555-441-4722|5031 Maple St, Springfield|PE
1172|Robert Jones|555-789-7516|9215 Pine St, Bristol|CL
1173|Jennifer Miller|555-699-3141|2452 Main St, Madison|MX
1174|Michael Johnson|555-642-1659|739 Main St, Franklin|CO
1175|Mary Johnson|555-448-5840|5630 Lakeview Dr, Madison|PE
1176|James Miller|555-841-7768|8804 Main St, Bristol|CL
1177|Linda Miller|555-440-1999|7127 Cedar Rd, Springfield|MX
1178|James Garcia|555-435-6168|3849 Oak Ave, Riverside|CO
1179|Linda Garcia|555-910-8229|454 Pine St, Franklin|PE
1180|James Brown|555-180-5885|7128 Main St, Madison|CL
1181|Jennifer Brown|555-958-5502|8843 Maple St, Franklin|MX
1182|Jennifer Garcia|555-545-7666|2204 Pine St, Greenville|CO
1183|Robert Brown|555-690-6804|3214 Pine St, Springfield|PE
1184|Mary Garcia|555-535-9684|7856 Maple St, Greenville|CL
1185|Linda Johnson|555-750-3170|1829 Cedar Rd, Greenville|MX
1186|Mary Smith|555-683-9656|9384 Cedar Rd, Madison|CO
1187|Robert Miller|555-353-4412|1676 Cedar Rd, Riverside|PE
1188|Jennifer Brown|555-129-5739|5725 Cedar Rd, Franklin|CL
1189|Michael Williams|555-104-1331|8777 Oak Ave, Greenville|MX
1190|James Williams|555-571-2126|2230 Pine St, Springfield|CO
1191|Jennifer Williams|555-633-6279|5485 Lakeview Dr, Springfield|PE
1192|Linda Garcia|555-984-5805|5229 Maple St, Greenville|CL
1193|Linda Miller|555-410-4361|6330 Main St, Franklin|MX
1194|Mary Smith|555-245-4233|2038 Main St, Franklin|CO
1195|Robert Williams|555-226-5279|9428 Oak Ave, Bristol|PE
1196|Jennifer Williams|555-449-6786|1433 Pine St, Bristol|CL
1197|Linda Johnson|555-158-6493|5437 Oak Ave, Riverside|MX
1198|James Williams|555-252-2621|1785 Cedar Rd, Riverside|CO
1199|John Williams|555-286-6441|3232 Cedar Rd, Franklin|PE
1200|Linda Williams|555-613-6714|4940 Oak Ave, Bristol|CL
1201|John Garcia|555-498-2605|6394 Cedar Rd, Riverside|MX
1202|Robert Jones|555-736-8763|7206 Oak Ave, Greenville|CO
1203|Michael Jones|555-819-9881|8477 Pine St, Riverside|PE
1204|Jennifer Brown|555-543-5522|9647 Pine St, Riverside|CL
1205|Jennifer Miller|555-734-1749|3084 Lakeview Dr, Madison|MX
1206|John Williams|555-872-6535|554 Lakeview Dr, Springfield|CO
1207|Patricia Jones|555-203-5591|2054 Main St, Franklin|PE
1208|James Johnson|555-257-9689|1811 Main St, Greenville|CL
1209|Patricia Miller|555-274-3527|8675 Lakeview Dr, Bristol|MX
1210|James Williams|555-239-2306|8288 Oak Ave, Bristol|CO
1211|Robert Garcia|555-346-6403|3749 Maple St, Springfield|PE
1212|James Brown|555-414-6580|5316 Maple St, Greenville|CL
1213|Patricia Garcia|555-125-5897|5283 Cedar Rd, Springfield|MX
1214|James Miller|555-317-9151|7805 Pine St, Madison|CO
1215|Mary Jones|555-987-1848|6758 Main St, Franklin|PE
1216|Linda Davis|555-210-7992|8742 Oak Ave, Springfield|CL
1217|Robert Williams|555-657-3700|4021 Lakeview Dr, Riverside|MX
1218|Robert Johnson|555-108-5066|2669 Lakeview Dr, Greenville|CO
1219|James Brown|555-975-5610|6520 Maple St, Franklin|PE
1220|Jennifer Brown|555-334-9480|3589 Lakeview Dr, Bristol|CL
1221|Jennifer Garcia|555-124-4848|6143 Cedar Rd, Madison|MX
1222|Patricia Garcia|555-219-2048|2815 Pine St, Franklin|CO
1223|Jennifer Williams|555-667-4904|1275 Pine St, Greenville|PE
1224|James Johnson|555-368-7111|807 Oak Ave, Franklin|CL
1225|Robert Miller|555-930-3941|5032 Oak Ave, Greenville|MX
1226|Mary Jones|555-918-7000|7096 Main St, Bristol|CO
1227|Robert Brown|555-935-7733|8635 Main St, Madison|PE
1228|Michael Davis|555-439-6115|3184 Lakeview Dr, Springfield|CL
1229|John Johnson|555-841-1677|9379 Main St, Franklin|MX
1230|Michael Jones|555-377-5998|2015 Pine St, Madison|CO
1231|Michael Miller|555-744-5071|6022 Maple St, Greenville|PE
1232|John Williams|555-435-5494|4579 Pine St, Madison|CL
1233|Robert Smith|555-957-5196|5382 Lakeview Dr, Greenville|MX
1234|Mary Davis|555-164-7463|2524 Maple St, Madison|CO
1235|Patricia Johnson|555-334-6222|8918 Main St, Springfield|PE
1236|Patricia Garcia|555-583-2550|7871 Oak Ave, Greenville|CL
1237|Jennifer Williams|555-410-1798|7676 Cedar Rd, Riverside|MX
1238|Jennifer Williams|555-805-8262|4031 Pine St, Springfield|CO
1239|Jennifer Smith|555-996-3619|4555 Oak Ave, Franklin|PE
1240|Jennifer Jones|555-826-8613|2220 Lakeview Dr, Greenville|CL
1241|Linda Brown|555-220-4325|1559 Pine St, Greenville|MX
1242|Linda Miller|555-995-2996|9567 Main St, Bristol|CO
1243|James Garcia|555-263-3028|5373 Pine St, Franklin|PE
1244|Patricia Miller|555-521-3362|6336 Maple St, Franklin|CL
1245|Patricia Jones|555-297-6712|6125 Cedar Rd, Riverside|MX
1246|Jennifer Brown|555-599-3966|5041 Lakeview Dr, Greenville|CO
1247|Patricia Smith|555-848-9401|2924 Pine St, Bristol|PE
1248|Linda Williams|555-395-5869|514 Maple St, Springfield|CL
1249|John Williams|555-452-5209|2454 Cedar Rd, Riverside|MX
1250|Jennifer Johnson|555-641-1915|5551 Maple St, Madison|CO
1251|Linda Miller|555-657-1114|1358 Lakeview Dr, Bristol|PE
1252|Mary Miller|555-969-4771|9625 Cedar Rd, Riverside|CL
1253|James Miller|555-509-8059|2751 Oak Ave, Madison|MX
1254|Jennifer Jones|555-812-2687|4252 Lakeview Dr, Greenville|CO
1255|Linda Brown|555-998-4784|1421 Cedar Rd, Franklin|PE
1256|John Miller|555-416-4053|2088 Pine St, Franklin|CL
1257|James Davis|555-707-2389|7480 Maple St, Springfield|MX
1258|Linda Jones|555-724-6866|1308 Lakeview Dr, Riverside|CO
1259|Robert Smith|555-726-6669|9412 Oak Ave, Madison|PE
1260|Michael Miller|555-169-8509|8781 Cedar Rd, Bristol|CL
1261|Robert Miller|555-920-3840|379 Lakeview Dr, Madison|MX
1262|James Williams|555-388-2084|4360 Maple St, Bristol|CO
1263|Linda Garcia|555-380-4640|4880 Cedar Rd, Madison|PE
1264|Mary Garcia|555-258-3214|7886 Cedar Rd, Riverside|CL
1265|Patricia Smith|555-515-2943|4168 Oak Ave, Springfield|MX
1266|Michael Davis|555-521-9879|3391 Cedar Rd, Riverside|CO
1267|Mary Garcia|555-857-4993|2368 Cedar Rd, Riverside|PE
1268|Michael Smith|555-611-6068|8936 Main St, Springfield|CL
1269|Michael Smith|555-978-6239|6252 Oak Ave, Franklin|MX
1270|John Jones|555-142-8236|1235 Cedar Rd, Springfield|CO
1271|James Garcia|555-177-2200|1206 Maple St, Springfield|PE
1272|John Williams|555-671-8639|8770 Pine St, Bristol|CL
1273|Michael Williams|555-690-4802|7516 Lakeview Dr, Greenville|MX
1274|Jennifer Smith|555-568-2519|2320 Cedar Rd, Greenville|CO
1275|Linda Garcia|555-798-9652|1965 Lakeview Dr, Greenville|PE
1276|Linda Davis|555-861-1625|4044 Lakeview Dr, Greenville|CL
1277|John Johnson|555-805-8267|5717 Main St, Riverside|MX
1278|James Johnson|555-821-9738|9996 Lakeview Dr, Madison|CO
1279|Mary Miller|555-612-8732|8683 Cedar Rd, Riverside|PE
1280|Jennifer Jones|555-183-9740|4640 Cedar Rd, Springfield|CL
1281|Linda Jones|555-736-3737|7590 Main St, Springfield|MX
1282|Jennifer Miller|555-883-5470|9420 Maple St, Riverside|CO
1283|Robert Brown|555-319-7732|5101 Cedar Rd, Franklin|PE
1284|Patricia Miller|555-915-8459|7259 Oak Ave, Madison|CL
1285|Jennifer Brown|555-400-1440|2444 Cedar Rd, Springfield|MX
1286|Michael Williams|555-560-7164|2444 Pine St, Riverside|CO
1287|Jennifer Smith|555-359-6786|4144 Pine St, Madison|PE
1288|Mary Jones|555-406-9489|7277 Pine St, Madison|CL
1289|Patricia Smith|555-975-3797|8005 Pine St, Bristol|MX
1290|John Davis|555-239-5985|4503 Cedar Rd, Springfield|CO
1291|Robert Williams|555-128-2582|7056 Maple St, Riverside|PE
1292|Michael Davis|555-810-9205|6076 Lakeview Dr, Riverside|CL
1293|Jennifer Smith|555-470-9962|3192 Cedar Rd, Springfield|MX
1294|Robert Smith|555-816-9369|9504 Lakeview Dr, Madison|CO
1295|Michael Jones|555-474-4294|7631 Cedar Rd, Springfield|PE
1296|Michael Smith|555-959-3856|9994 Main St, Riverside|CL
1297|Jennifer Jones|555-378-3928|6436 Maple St, Franklin|MX
1298|Linda Brown|555-638-9732|2719 Oak Ave, Madison|CO
1299|Robert Garcia|555-717-4516|754 Cedar Rd, Madison|PE
1300|John Jones|555-480-4930|4543 Pine St, Bristol|CL
1301|Robert Davis|555-419-6219|3181 Maple St, Madison|MX
1302|Patricia Jones|555-281-3476|6630 Main St, Franklin|CO
1303|Michael Jones|555-627-8096|4180 Pine St, Madison|PE
1304|Jennifer Garcia|555-102-6782|6813 Lakeview Dr, Riverside|CL
1305|Robert Smith|555-768-8606|2523 Main St, Springfield|MX
1306|Linda Brown|555-105-3670|9943 Cedar Rd, Greenville|CO
1307|James Garcia|555-392-8504|5783 Pine St, Madison|PE
1308|Linda Miller|555-807-8305|4321 Oak Ave, Madison|CL
1309|Jennifer Davis|555-603-6677|6394 Lakeview Dr, Greenville|MX
1310|James Jones|555-653-7747|4983 Oak Ave, Greenville|CO
1311|John Johnson|555-833-9122|8006 Main St, Franklin|PE
1312|James Williams|555-197-2593|3251 Lakeview Dr, Madison|CL
1313|Mary Jones|555-461-1354|6826 Lakeview Dr, Franklin|MX
1314|John Johnson|555-232-2882|3341 Oak Ave, Bristol|CO
1315|Jennifer Brown|555-133-1956|8034 Oak Ave, Madison|PE
1316|Michael Smith|555-413-1203|7685 Oak Ave, Springfield|CL
1317|Mary Garcia|555-295-1129|442 Main St, Springfield|MX
1318|John Smith|555-136-9648|731 Maple St, Franklin|CO
1319|Linda Miller|555-372-7722|3583 Main St, Riverside|PE
1320|Michael Garcia|555-514-9212|9549 Maple St, Riverside|CL
1321|Michael Williams|555-559-2348|7346 Cedar Rd, Franklin|MX
1322|John Williams|555-889-7892|3505 Oak Ave, Greenville|CO
1323|Jennifer Garcia|555-431-2309|4096 Lakeview Dr, Riverside|PE
1324|Jennifer Brown|555-813-4155|6050 Oak Ave, Riverside|CL
1325|James Johnson|555-539-7288|7826 Oak Ave, Greenville|MX
1326|Mary Williams|555-692-8472|7945 Oak Ave, Madison|CO
1327|James Brown|555-889-9594|7163 Main St, Franklin|PE
1328|Michael Jones|555-184-4416|3771 Main St, Madison|CL
1329|Patricia Miller|555-446-5398|918 Lakeview Dr, Riverside|MX
1330|Linda Johnson|555-583-6104|1118 Lakeview Dr, Bristol|CO
1331|John Garcia|555-284-7296|2667 Lakeview Dr, Bristol|PE
1332|Michael Miller|555-365-8392|8466 Lakeview Dr, Riverside|CL
1333|Patricia Smith|555-622-1587|4653 Cedar Rd, Riverside|MX
1334|Linda Davis|555-740-7596|9220 Cedar Rd, Franklin|CO
1335|Mary Smith|555-514-3885|5765 Maple St, Springfield|PE
1336|Michael Smith|555-270-3869|4343 Maple St, Franklin|CL
1337|Michael Davis|555-374-8910|8629 Main St, Madison|MX
1338|Patricia Jones|555-137-3720|9360 Cedar Rd, Riverside|CO
1339|Mary Davis|555-634-6206|3661 Main St, Franklin|PE
1340|James Jones|555-171-7855|7040 Lakeview Dr, Greenville|CL
1341|Robert Garcia|555-166-9508|3640 Oak Ave, Madison|MX
1342|Patricia Davis|555-926-8482|130 Oak Ave, Springfield|CO
1343|Michael Williams|555-209-9950|6760 Lakeview Dr, Bristol|PE
1344|Robert Jones|555-927-3782|6290 Main St, Madison|CL
1345|Linda Williams|555-313-4294|1139 Lakeview Dr, Springfield|MX
1346|James Johnson|555-120-8600|1325 Oak Ave, Riverside|CO
1347|Linda Garcia|555-808-7484|8950 Pine St, Greenville|PE
1348|Patricia Brown|555-194-6322|4531 Pine St, Madison|CL
1349|Patricia Garcia|555-635-1242|6724 Pine St, Franklin|MX
1350|Linda Miller|555-860-3321|9959 Cedar Rd, Riverside|CO
1351|Jennifer Davis|555-787-1239|3563 Maple St, Bristol|PE
1352|Michael Johnson|555-801-3204|3814 Lakeview Dr, Madison|CL
1353|Mary Garcia|555-451-7850|2333 Pine St, Bristol|MX
1354|Robert Smith|555-937-6501|8595 Main St, Springfield|CO
1355|Jennifer Williams|555-744-3613|971 Lakeview Dr, Bristol|PE
1356|Patricia Miller|555-244-5031|1907 Main St, Bristol|CL
1357|Jennifer Davis|555-526-4668|6063 Pine St, Riverside|MX
1358|James Johnson|555-425-5369|9216 Lakeview Dr, Madison|CO
1359|Jennifer Jones|555-598-8402|7569 Main St, Springfield|PE
1360|Patricia Davis|555-721-4625|7631 Pine St, Bristol|CL
1361|Patricia Smith|555-849-6198|9489 Maple St, Bristol|MX
1362|Linda Jones|555-713-9356|2855 Maple St, Madison|CO
1363|John Miller|555-214-3035|4135 Maple St, Greenville|PE
1364|James Davis|555-105-7753|4294 Main St, Greenville|CL
1365|Robert Jones|555-554-2477|7244 Maple St, Greenville|MX
1366|James Garcia|555-723-5588|7911 Oak Ave, Franklin|CO
1367|John Smith|555-249-3003|553 Pine St, Greenville|PE
1368|James Garcia|555-864-3118|6261 Cedar Rd, Riverside|CL
1369|Jennifer Garcia|555-337-4411|5232 Pine St, Riverside|MX
1370|Robert Brown|555-104-1477|9136 Main St, Franklin|CO
1371|Robert Williams|555-311-5237|6554 Lakeview Dr, Madison|PE
1372|Linda Jones|555-297-9301|2843 Pine St, Riverside|CL
1373|James Garcia|555-877-5948|5134 Cedar Rd, Madison|MX
1374|Michael Brown|555-919-6758|9476 Lakeview Dr, Bristol|CO
1375|John Davis|555-591-2127|4041 Pine St, Greenville|PE
1376|Linda Davis|555-390-9762|8612 Lakeview Dr, Riverside|CL
1377|Michael Miller|555-654-5157|1513 Oak Ave, Bristol|MX
1378|Patricia Brown|555-681-6440|1360 Cedar Rd, Greenville|CO
1379|Patricia Jones|555-947-2145|3968 Cedar Rd, Madison|PE
1380|Mary Williams|555-125-2553|2984 Main St, Madison|CL
1381|Mary Smith|555-664-7057|6026 Pine St, Madison|MX
1382|Michael Miller|555-954-4652|874 Pine St, Riverside|CO
1383|Michael Johnson|555-684-5870|8834 Lakeview Dr, Madison|PE
1384|John Williams|555-382-3479|988 Cedar Rd, Springfield|CL
1385|James Johnson|555-671-7188|9941 Lakeview Dr, Franklin|MX
1386|Mary Garcia|555-664-3281|9771 Main St, Greenville|CO
1387|Robert Davis|555-211-3631|8067 Lakeview Dr, Riverside|PE
1388|Michael Williams|555-314-5334|2134 Lakeview Dr, Bristol|CL
1389|John Davis|555-914-2979|5881 Pine St, Springfield|MX
1390|John Miller|555-962-2228|5622 Lakeview Dr, Madison|CO
1391|James Jones|555-780-6319|2710 Cedar Rd, Madison|PE
1392|Robert Brown|555-683-4138|5285 Pine St, Riverside|CL
1393|Michael Garcia|555-378-1510|6193 Lakeview Dr, Madison|MX
1394|James Jones|555-629-2549|4878 Maple St, Springfield|CO
1395|Robert Williams|555-644-3635|2255 Cedar Rd, Bristol|PE
1396|Jennifer Williams|555-745-2920|2497 Pine St, Bristol|CL
1397|Linda Johnson|555-171-8094|7977 Oak Ave, Madison|MX
1398|Linda Brown|555-408-4949|7231 Lakeview Dr, Bristol|CO
1399|Jennifer Jones|555-701-8548|604 Oak Ave, Riverside|PE
1400|James Williams|555-760-3696|3145 Oak Ave, Franklin|CL
1401|John Miller|555-797-7510|2340 Main St, Greenville|MX
1402|Jennifer Jones|555-674-8021|4735 Lakeview Dr, Greenville|CO
1403|Mary Smith|555-658-2868|9898 Pine St, Bristol|PE
1404|Michael Miller|555-568-8073|7559 Lakeview Dr, Madison|CL
1405|Jennifer Garcia|555-432-7741|4541 Pine St, Riverside|MX
1406|Linda Smith|555-999-1030|7975 Cedar Rd, Franklin|CO
1407|John Williams|555-599-2363|2566 Cedar Rd, Springfield|PE
1408|Robert Johnson|555-595-4263|5592 Oak Ave, Greenville|CL
1409|Mary Johnson|555-607-8137|5370 Lakeview Dr, Greenville|MX
1410|Mary Brown|555-875-7985|2800 Lakeview Dr, Riverside|CO
1411|James Williams|555-354-5165|2867 Lakeview Dr, Franklin|PE
1412|Michael Brown|555-370-5338|7294 Oak Ave, Madison|CL
1413|Patricia Davis|555-202-5198|9586 Cedar Rd, Bristol|MX
1414|John Williams|555-957-6849|2666 Lakeview Dr, Riverside|CO
1415|James Williams|555-645-7959|1961 Lakeview Dr, Franklin|PE
1416|Jennifer Garcia|555-165-8942|7251 Pine St, Riverside|CL
1417|Robert Miller|555-356-2493|1796 Main St, Franklin|MX
1418|Robert Garcia|555-539-1238|7136 Cedar Rd, Bristol|CO
1419|Patricia Williams|555-729-9389|1136 Lakeview Dr, Greenville|PE
1420|John Davis|555-989-7335|2170 Main St, Greenville|CL
1421|Linda Smith|555-105-9617|236 Cedar Rd, Springfield|MX
1422|Robert Smith|555-219-5778|3492 Main St, Greenville|CO
1423|John Williams|555-937-6617|8455 Pine St, Madison|PE
1424|Robert Smith|555-905-1272|1765 Lakeview Dr, Franklin|CL
1425|James Davis|555-422-5752|3600 Cedar Rd, Springfield|MX
1426|Michael Garcia|555-926-4283|7512 Cedar Rd, Springfield|CO
1427|Jennifer Jones|555-782-1730|6572 Oak Ave, Riverside|PE
1428|James Davis|555-895-4866|8363 Pine St, Riverside|CL
1429|Michael Garcia|555-605-1013|2043 Oak Ave, Bristol|MX
1430|Mary Brown|555-354-9450|882 Main St, Madison|CO
1431|Linda Davis|555-725-5439|1323 Cedar Rd, Madison|PE
1432|Mary Garcia|555-604-7308|6664 Lakeview Dr, Riverside|CL
1433|Jennifer Smith|555-920-1522|4524 Oak Ave, Riverside|MX
1434|Patricia Davis|555-522-5419|7492 Pine St, Bristol|CO
1435|Linda Smith|555-902-1911|3406 Cedar Rd, Springfield|PE
1436|Patricia Davis|555-543-5023|5217 Maple St, Springfield|CL
1437|John Smith|555-364-3992|1962 Pine St, Franklin|MX
1438|John Davis|555-741-5357|333 Oak Ave, Greenville|CO
1439|Jennifer Jones|555-295-5437|7606 Cedar Rd, Riverside|PE
1440|James Davis|555-753-6176|1400 Pine St, Madison|CL
1441|Patricia Miller|555-358-4747|821 Pine St, Greenville|MX
1442|Patricia Jones|555-649-7866|9307 Pine St, Madison|CO
1443|Jennifer Jones|555-537-1693|6583 Main St, Franklin|PE
1444|Jennifer Garcia|555-293-3000|4560 Oak Ave, Madison|CL
1445|James Miller|555-510-1823|8432 Cedar Rd, Madison|MX
1446|Robert Brown|555-560-4933|1113 Cedar Rd, Riverside|CO
1447|John Smith|555-494-4268|5919 Pine St, Springfield|PE
1448|Patricia Miller|555-998-9927|1317 Maple St, Bristol|CL
1449|Jennifer Smith|555-284-2745|7287 Pine St, Springfield|MX
1450|Patricia Williams|555-158-7435|2400 Oak Ave, Greenville|CO
1451|Jennifer Smith|555-151-4891|4182 Maple St, Springfield|PE
1452|Mary Miller|555-148-3648|5418 Main St, Bristol|CL
1453|John Davis|555-566-1575|6382 Maple St, Springfield|MX
1454|Patricia Williams|555-543-5377|3507 Main St, Franklin|CO
1455|James Jones|555-428-3399|6215 Cedar Rd, Riverside|PE
1456|Robert Miller|555-954-2690|1894 Lakeview Dr, Franklin|CL
1457|John Garcia|555-957-5543|2468 Maple St, Springfield|MX
1458|Robert Davis|555-708-8871|7801 Cedar Rd, Madison|CO
1459|John Garcia|555-127-4343|4258 Maple St, Franklin|PE
1460|James Davis|555-972-9358|6562 Main St, Springfield|CL
1461|Robert Smith|555-123-3872|6039 Main St, Madison|MX
1462|Michael Garcia|555-808-3215|8625 Maple St, Bristol|CO
1463|Jennifer Miller|555-439-2572|4365 Maple St, Bristol|PE
1464|Linda Smith|555-703-5499|675 Cedar Rd, Franklin|CL
1465|Robert Johnson|555-914-9079|3783 Lakeview Dr, Riverside|MX
1466|James Smith|555-494-8165|6892 Maple St, Bristol|CO
1467|Linda Miller|555-831-9148|9017 Pine St, Riverside|PE
1468|Patricia Smith|555-978-4673|6222 Cedar Rd, Madison|CL
1469|James Smith|555-478-2737|5446 Oak Ave, Bristol|MX
1470|Mary Brown|555-667-6454|3716 Maple St, Riverside|CO
1471|Patricia Garcia|555-186-9750|8100 Maple St, Springfield|PE
1472|Mary Williams|555-138-6479|3478 Pine St, Franklin|CL
1473|James Jones|555-103-4857|3953 Maple St, Madison|MX
1474|John Brown|555-948-1196|4223 Cedar Rd, Springfield|CO
1475|Michael Miller|555-436-7745|9091 Cedar Rd, Madison|PE
1476|Patricia Brown|555-806-5101|6325 Lakeview Dr, Riverside|CL
1477|Linda Garcia|555-151-5400|4368 Pine St, Riverside|MX
1478|Robert Garcia|555-150-8463|9774 Cedar Rd, Springfield|CO
1479|Patricia Garcia|555-589-6533|2621 Cedar Rd, Madison|PE
1480|Mary Garcia|555-782-4839|9636 Maple St, Madison|CL
1481|Patricia Brown|555-458-2972|8599 Maple St, Riverside|MX
1482|Linda Miller|555-726-3741|5631 Maple St, Madison|CO
1483|John Jones|555-305-8923|6021 Pine St, Franklin|PE
1484|Jennifer Miller|555-504-4165|4285 Maple St, Springfield|CL
1485|Michael Smith|555-843-8623|6228 Maple St, Springfield|MX
1486|John Williams|555-554-2139|613 Maple St, Franklin|CO
1487|James Smith|555-702-2829|3340 Lakeview Dr, Franklin|PE
1488|Jennifer Garcia|555-957-7164|9806 Lakeview Dr, Greenville|CL
1489|Patricia Johnson|555-829-4177|1022 Pine St, Bristol|MX
1490|Mary Brown|555-357-7793|2811 Maple St, Franklin|CO
1491|Robert Miller|555-800-6213|5972 Cedar Rd, Madison|PE
1492|Patricia Jones|555-344-1144|9618 Lakeview Dr, Franklin|CL
1493|Jennifer Davis|555-254-1880|5251 Main St, Bristol|MX
1494|Jennifer Davis|555-467-9766|8376 Main St, Greenville|CO
1495|Michael Jones|555-542-2875|3660 Maple St, Bristol|PE
1496|John Williams|555-931-2351|8319 Oak Ave, Bristol|CL
1497|Patricia Davis|555-528-7169|9181 Cedar Rd, Madison|MX
1498|Patricia Smith|555-376-2223|3707 Oak Ave, Riverside|CO
1499|John Brown|555-984-5236|8696 Cedar Rd, Greenville|PE
1500|Patricia Johnson|555-208-4112|7805 Cedar Rd, Madison|CL
1501|Patricia Davis|555-489-9437|8446 Pine St, Riverside|MX
1502|Robert Smith|555-396-2321|8082 Lakeview Dr, Greenville|CO
1503|John Davis|555-456-7135|8192 Lakeview Dr, Franklin|PE
1504|Michael Williams|555-189-6638|3656 Lakeview Dr, Franklin|CL
1505|Jennifer Davis|555-452-1539|1027 Main St, Madison|MX
1506|Michael Davis|555-749-5535|997 Cedar Rd, Madison|CO
1507|Robert Williams|555-450-2133|6252 Cedar Rd, Greenville|PE
1508|Linda Williams|555-663-4997|9958 Cedar Rd, Bristol|CL
1509|Linda Johnson|555-775-2922|2595 Oak Ave, Springfield|MX
1510|Patricia Miller|555-600-1292|9302 Lakeview Dr, Madison|CO
1511|Linda Jones|555-838-8615|9089 Pine St, Franklin|PE
1512|John Williams|555-945-9665|6549 Main St, Bristol|CL
1513|Linda Davis|555-488-1122|3797 Cedar Rd, Springfield|MX
1514|Michael Johnson|555-515-6518|9822 Lakeview Dr, Riverside|CO
1515|Jennifer Jones|555-382-1410|8189 Maple St, Franklin|PE
1516|James Smith|555-957-1758|640 Main St, Bristol|CL
1517|John Johnson|555-186-1265|7887 Lakeview Dr, Greenville|MX
1518|Linda Williams|555-877-9791|2549 Pine St, Riverside|CO
1519|Mary Davis|555-496-9112|7241 Main St, Madison|PE
1520|John Jones|555-735-7863|8704 Maple St, Greenville|CL
1521|Mary Smith|555-243-9060|5827 Pine St, Greenville|MX
1522|Michael Brown|555-146-9393|7355 Oak Ave, Greenville|CO
1523|Jennifer Garcia|555-321-5829|2465 Pine St, Bristol|PE
1524|Linda Smith|555-116-4610|6759 Lakeview Dr, Springfield|CL
1525|Mary Davis|555-743-2466|3678 Maple St, Riverside|MX
1526|Jennifer Miller|555-193-7516|9009 Cedar Rd, Franklin|CO
1527|Mary Miller|555-331-8304|2967 Lakeview Dr, Madison|PE
1528|Michael Johnson|555-809-8086|8646 Main St, Madison|CL
1529|Mary Johnson|555-736-5221|5932 Oak Ave, Greenville|MX
1530|Linda Smith|555-252-9744|5479 Oak Ave, Bristol|CO
1531|Michael Williams|555-613-9435|3144 Pine St, Madison|PE
1532|Michael Davis|555-803-7020|4187 Oak Ave, Greenville|CL
1533|John Miller|555-131-7033|9418 Main St, Greenville|MX
1534|John Brown|555-130-2357|5931 Pine St, Springfield|CO
1535|Robert Jones|555-483-1924|7476 Maple St, Franklin|PE
1536|Robert Williams|555-470-1957|9092 Lakeview Dr, Greenville|CL
1537|Robert Johnson|555-575-7624|5590 Oak Ave, Madison|MX
1538|Jennifer Williams|555-200-8039|5075 Pine St, Bristol|CO
1539|Jennifer Johnson|555-323-7017|3771 Maple St, Bristol|PE
1540|Mary Williams|555-765-5388|3687 Oak Ave, Greenville|CL
1541|Michael Williams|555-116-9444|1811 Cedar Rd, Riverside|MX
1542|Patricia Johnson|555-672-7093|8501 Pine St, Madison|CO
1543|James Davis|555-685-1610|4700 Pine St, Franklin|PE
1544|John Garcia|555-186-9887|9296 Lakeview Dr, Springfield|CL
1545|Jennifer Johnson|555-569-8284|2339 Cedar Rd, Springfield|MX
1546|Jennifer Brown|555-757-9547|2546 Maple St, Springfield|CO
1547|James Garcia|555-262-8937|6533 Oak Ave, Springfield|PE
1548|Jennifer Miller|555-539-9314|6860 Pine St, Riverside|CL
1549|Linda Johnson|555-154-1004|8486 Main St, Franklin|MX
1550|James Smith|555-398-4544|4744 Oak Ave, Greenville|CO
1551|Linda Williams|555-453-5346|3428 Lakeview Dr, Franklin|PE
1552|Mary Brown|555-364-9883|8052 Oak Ave, Springfield|CL
1553|James Smith|555-735-9718|7738 Maple St, Franklin|MX
1554|James Brown|555-299-5976|2872 Cedar Rd, Madison|CO
1555|Mary Davis|555-106-8371|3678 Maple St, Bristol|PE
1556|Linda Johnson|555-897-6663|1699 Pine St, Springfield|CL
1557|James Smith|555-716-1595|227 Lakeview Dr, Franklin|MX
1558|Linda Johnson|555-267-1816|3641 Oak Ave, Bristol|CO
1559|John Davis|555-905-9519|3603 Main St, Riverside|PE
1560|John Miller|555-308-1308|7442 Maple St, Springfield|CL
1561|Mary Davis|555-676-3546|7491 Cedar Rd, Madison|MX
1562|Mary Miller|555-393-9503|4546 Oak Ave, Greenville|CO
1563|Michael Miller|555-288-9464|2868 Cedar Rd, Madison|PE
1564|Patricia Jones|555-226-6362|4815 Cedar Rd, Bristol|CL
1565|Jennifer Johnson|555-228-2395|8166 Oak Ave, Madison|MX
1566|Mary Miller|555-912-3629|9807 Lakeview Dr, Madison|CO
1567|Linda Garcia|555-643-8963|1499 Oak Ave, Springfield|PE
1568|Patricia Jones|555-179-7112|9220 Main St, Springfield|CL
1569|Robert Miller|555-198-1364|6598 Oak Ave, Franklin|MX
1570|John Smith|555-939-1494|8557 Pine St, Franklin|CO
1571|Patricia Davis|555-405-3109|5160 Cedar Rd, Springfield|PE
1572|John Williams|555-732-8022|6716 Cedar Rd, Springfield|CL
1573|Robert Jones|555-887-8343|2347 Oak Ave, Springfield|MX
1574|Patricia Miller|555-903-4335|5352 Maple St, Greenville|CO
1575|Mary Miller|555-321-7354|5722 Maple St, Franklin|PE
1576|Robert Brown|555-926-1076|9145 Pine St, Riverside|CL
1577|Michael Garcia|555-801-4667|2818 Pine St, Riverside|MX
1578|Mary Williams|555-764-6891|6740 Pine St, Riverside|CO
1579|Michael Garcia|555-990-7695|794 Lakeview Dr, Greenville|PE
1580|Patricia Johnson|555-462-7476|1228 Pine St, Springfield|CL
1581|Linda Garcia|555-654-4120|9829 Main St, Madison|MX
1582|Jennifer Davis|555-970-1652|4394 Oak Ave, Franklin|CO
1583|Linda Smith|555-890-4804|6523 Pine St, Franklin|PE
1584|Mary Davis|555-860-3951|5953 Pine St, Riverside|CL
1585|Mary Williams|555-376-5442|3244 Pine St, Bristol|MX
1586|Michael Davis|555-700-2467|4034 Main St, Bristol|CO
1587|Robert Garcia|555-435-2147|9516 Maple St, Bristol|PE
1588|James Jones|555-560-7754|3086 Pine St, Madison|CL
1589|James Davis|555-374-5909|897 Maple St, Franklin|MX
1590|Linda Garcia|555-500-9726|8471 Cedar Rd, Franklin|CO
1591|James Smith|555-918-6887|3786 Pine St, Bristol|PE
1592|Robert Brown|555-190-3063|4525 Cedar Rd, Riverside|CL
1593|Mary Miller|555-605-7712|1867 Lakeview Dr, Bristol|MX
1594|James Garcia|555-433-6612|2769 Lakeview Dr, Bristol|CO
1595|Mary Brown|555-831-9101|877 Maple St, Franklin|PE
1596|Robert Miller|555-714-4335|5684 Lakeview Dr, Madison|CL
1597|Patricia Smith|555-783-6802|1666 Main St, Greenville|MX
1598|Linda Garcia|555-949-6251|9620 Main St, Franklin|CO
1599|James Johnson|555-925-7723|920 Lakeview Dr, Franklin|PE
1600|Linda Smith|555-211-3346|7136 Cedar Rd, Madison|CL
1601|John Johnson|555-808-6922|7410 Cedar Rd, Franklin|MX
1602|John Davis|555-558-6866|5862 Main St, Springfield|CO
1603|Robert Miller|555-921-7278|573 Cedar Rd, Greenville|PE
1604|Patricia Johnson|555-576-5242|201 Lakeview Dr, Riverside|CL
1605|James Miller|555-580-3688|1548 Pine St, Bristol|MX
1606|Mary Williams|555-214-8198|6121 Pine St, Riverside|CO
1607|Jennifer Jones|555-606-1732|2585 Lakeview Dr, Greenville|PE
1608|Michael Johnson|555-266-2898|5021 Pine St, Riverside|CL
1609|Robert Johnson|555-195-4355|5169 Oak Ave, Bristol|MX
1610|Robert Johnson|555-991-4174|9363 Lakeview Dr, Bristol|CO
1611|Jennifer Smith|555-498-2516|7866 Lakeview Dr, Springfield|PE
1612|James Johnson|555-376-5138|5381 Pine St, Greenville|CL
1613|Robert Miller|555-184-2566|299 Oak Ave, Franklin|MX
1614|Jennifer Brown|555-651-2195|8436 Lakeview Dr, Madison|CO
1615|Linda Garcia|555-157-9073|8264 Oak Ave, Riverside|PE
1616|Michael Davis|555-261-9563|2803 Oak Ave, Riverside|CL
1617|Patricia Davis|555-168-2546|5612 Maple St, Riverside|MX
1618|Michael Brown|555-956-3646|6552 Oak Ave, Greenville|CO
1619|Mary Miller|555-687-2461|4398 Oak Ave, Madison|PE
1620|John Brown|555-351-4466|8934 Pine St, Riverside|CL
1621|Jennifer Johnson|555-833-3691|2051 Main St, Franklin|MX
1622|Robert Williams|555-803-8005|6816 Main St, Madison|CO
1623|Linda Davis|555-281-8731|8198 Lakeview Dr, Riverside|PE
1624|John Garcia|555-608-2682|323 Lakeview Dr, Madison|CL
1625|Robert Davis|555-844-1974|3139 Main St, Springfield|MX
1626|James Johnson|555-338-3960|2695 Pine St, Springfield|CO
1627|John Brown|555-458-5555|900 Maple St, Riverside|PE
1628|Mary Brown|555-348-7322|4629 Oak Ave, Riverside|CL
1629|James Jones|555-975-7978|5177 Main St, Springfield|MX
1630|Jennifer Johnson|555-343-7866|3139 Main St, Springfield|CO
1631|John Smith|555-525-3171|3569 Oak Ave, Bristol|PE
1632|Michael Johnson|555-411-1302|2880 Main St, Franklin|CL
1633|Michael Williams|555-277-3081|6562 Pine St, Springfield|MX
1634|Linda Garcia|555-222-8115|5689 Main St, Springfield|CO
1635|Robert Davis|555-999-5832|4512 Cedar Rd, Bristol|PE
1636|John Davis|555-374-4920|455 Lakeview Dr, Riverside|CL
1637|James Jones|555-396-1522|9592 Main St, Greenville|MX
1638|Robert Garcia|555-873-7840|6164 Main St, Bristol|CO
1639|Mary Smith|555-272-3239|3216 Lakeview Dr, Greenville|PE
1640|James Williams|555-133-6435|9002 Lakeview Dr, Springfield|CL
1641|James Miller|555-622-3330|9254 Maple St, Franklin|MX
1642|Robert Williams|555-369-8021|1773 Pine St, Springfield|CO
1643|Patricia Miller|555-404-6026|3673 Maple St, Bristol|PE
1644|Mary Brown|555-823-6752|2373 Oak Ave, Franklin|CL
1645|Mary Brown|555-225-8363|9646 Lakeview Dr, Madison|MX
1646|Jennifer Johnson|555-521-9004|7459 Lakeview Dr, Bristol|CO
1647|Michael Miller|555-911-2688|5843 Cedar Rd, Riverside|PE
1648|Jennifer Johnson|555-829-1295|9462 Lakeview Dr, Riverside|CL
1649|John Jones|555-959-6519|7771 Maple St, Bristol|MX
1650|Robert Johnson|555-514-8615|6097 Cedar Rd, Bristol|CO
1651|Mary Garcia|555-472-2804|7610 Cedar Rd, Springfield|PE
1652|Robert Johnson|555-785-9517|2525 Pine St, Greenville|CL
1653|Patricia Davis|555-843-8424|7128 Oak Ave, Springfield|MX
1654|John Smith|555-955-5663|1400 Pine St, Madison|CO
1655|Linda Brown|555-404-4184|8725 Oak Ave, Springfield|PE
1656|Jennifer Williams|555-210-3516|7384 Lakeview Dr, Bristol|CL
1657|Michael Johnson|555-223-9121|4110 Pine St, Riverside|MX
1658|Jennifer Johnson|555-129-3321|3671 Cedar Rd, Greenville|CO
1659|Patricia Brown|555-689-5208|1109 Pine St, Springfield|PE
1660|Mary Williams|555-871-2418|5523 Lakeview Dr, Bristol|CL
1661|Patricia Jones|555-275-3817|4518 Maple St, Riverside|MX
1662|Robert Miller|555-772-3067|2823 Pine St, Greenville|CO
1663|John Williams|555-710-4387|9902 Maple St, Franklin|PE
1664|John Smith|555-864-4572|2552 Lakeview Dr, Bristol|CL
1665|Michael Williams|555-232-4262|3477 Pine St, Madison|MX
1666|James Johnson|555-910-9725|5929 Main St, Riverside|CO
1667|Mary Williams|555-768-5286|2601 Maple St, Franklin|PE
1668|Jennifer Davis|555-848-3875|6751 Cedar Rd, Greenville|CL
1669|Patricia Jones|555-634-7313|9643 Lakeview Dr, Madison|MX
1670|John Davis|555-883-6050|7705 Pine St, Franklin|CO
1671|Patricia Davis|555-358-6658|4333 Main St, Riverside|PE
1672|Michael Brown|555-658-3962|4319 Maple St, Madison|CL
1673|James Davis|555-122-1797|3644 Lakeview Dr, Franklin|MX
1674|Linda Johnson|555-627-6831|8320 Lakeview Dr, Bristol|CO
1675|Jennifer Johnson|555-193-6275|8275 Maple St, Bristol|PE
1676|James Smith|555-156-7207|8535 Lakeview Dr, Madison|CL
1677|Linda Davis|555-737-3162|4712 Cedar Rd, Riverside|MX
1678|Mary Garcia|555-695-5718|6246 Maple St, Franklin|CO
1679|John Brown|555-912-9877|7875 Lakeview Dr, Madison|PE
1680|Linda Miller|555-555-6774|6818 Oak Ave, Greenville|CL
1681|Jennifer Brown|555-163-1138|7785 Pine St, Greenville|MX
1682|Michael Jones|555-870-8375|1334 Maple St, Madison|CO
1683|Robert Jones|555-157-5500|7279 Pine St, Bristol|PE
1684|James Jones|555-544-3794|2395 Pine St, Franklin|CL
1685|John Davis|555-306-8846|247 Maple St, Bristol|MX
1686|Patricia Smith|555-437-6809|4826 Pine St, Riverside|CO
1687|James Smith|555-745-1602|8206 Cedar Rd, Greenville|PE
1688|Michael Smith|555-895-8738|9510 Main St, Greenville|CL
1689|Patricia Brown|555-977-4928|358 Main St, Bristol|MX
1690|Mary Jones|555-649-5938|7653 Oak Ave, Bristol|CO
1691|Michael Miller|555-768-4369|5889 Pine St, Franklin|PE
1692|Linda Brown|555-790-8643|1384 Cedar Rd, Riverside|CL
1693|Jennifer Williams|555-472-6401|9393 Maple St, Franklin|MX
1694|John Jones|555-339-9289|9182 Lakeview Dr, Franklin|CO
1695|Linda Williams|555-857-1366|2765 Cedar Rd, Greenville|PE
1696|Patricia Garcia|555-748-6556|6027 Main St, Franklin|CL
1697|James Davis|555-539-8856|9240 Oak Ave, Bristol|MX
1698|Michael Miller|555-423-1501|9707 Oak Ave, Bristol|CO
1699|James Smith|555-320-3464|6555 Lakeview Dr, Springfield|PE
1700|James Miller|555-966-1480|5505 Cedar Rd, Bristol|CL
1701|John Garcia|555-776-7913|3929 Maple St, Springfield|MX
1702|Robert Smith|555-283-9875|1562 Maple St, Madison|CO
1703|John Garcia|555-952-6680|4150 Oak Ave, Riverside|PE
1704|Linda Brown|555-559-2163|4966 Maple St, Bristol|CL
1705|Mary Miller|555-774-9633|9683 Main St, Franklin|MX
1706|John Johnson|555-405-8651|3944 Pine St, Greenville|CO
1707|James Smith|555-751-7888|7711 Pine St, Riverside|PE
1708|Robert Davis|555-107-9433|4565 Cedar Rd, Greenville|CL
1709|Jennifer Davis|555-300-5156|7945 Cedar Rd, Bristol|MX
1710|Jennifer Johnson|555-865-1040|857 Oak Ave, Springfield|CO
1711|Michael Davis|555-346-1514|4939 Cedar Rd, Franklin|PE
1712|Mary Miller|555-726-8192|2498 Pine St, Franklin|CL
1713|Robert Williams|555-496-2437|5407 Cedar Rd, Springfield|MX
1714|Michael Brown|555-635-4029|782 Lakeview Dr, Madison|CO
1715|Robert Smith|555-874-1412|5211 Pine St, Franklin|PE
1716|Robert Jones|555-474-3133|6760 Oak Ave, Springfield|CL
1717|Linda Williams|555-457-7601|8465 Oak Ave, Bristol|MX
1718|Michael Garcia|555-717-3637|4772 Main St, Bristol|CO
1719|Michael Williams|555-758-4820|1694 Main St, Madison|PE
1720|Robert Davis|555-408-1689|9061 Cedar Rd, Bristol|CL
1721|Michael Garcia|555-540-6394|277 Cedar Rd, Greenville|MX
1722|Robert Smith|555-952-5482|1808 Oak Ave, Springfield|CO
1723|Linda Miller|555-104-5401|375 Maple St, Riverside|PE
1724|James Smith|555-769-5159|8189 Main St, Franklin|CL
1725|Mary Williams|555-118-7969|9801 Cedar Rd, Springfield|MX
1726|Patricia Johnson|555-829-7840|1484 Cedar Rd, Springfield|CO
1727|Jennifer Jones|555-885-4201|865 Maple St, Springfield|PE
1728|John Jones|555-789-3755|1681 Oak Ave, Springfield|CL
1729|Robert Williams|555-267-3151|2134 Cedar Rd, Riverside|MX
1730|Robert Jones|555-650-6763|7102 Maple St, Bristol|CO
1731|James Johnson|555-391-3541|1961 Oak Ave, Riverside|PE
1732|Robert Smith|555-129-8962|9958 Oak Ave, Riverside|CL
1733|Robert Smith|555-116-4940|8106 Oak Ave, Franklin|MX
1734|James Davis|555-157-1365|9215 Pine St, Springfield|CO
1735|Robert Brown|555-521-9900|7200 Lakeview Dr, Riverside|PE
1736|James Williams|555-376-3868|6221 Lakeview Dr, Bristol|CL
1737|Jennifer Smith|555-820-6553|7016 Maple St, Greenville|MX
1738|Linda Smith|555-734-4934|5929 Lakeview Dr, Madison|CO
1739|Patricia Davis|555-515-1989|9874 Main St, Springfield|PE
1740|Jennifer Johnson|555-431-3224|3253 Lakeview Dr, Springfield|CL
1741|Patricia Smith|555-263-7040|9173 Lakeview Dr, Madison|MX
1742|Patricia Brown|555-843-3135|4609 Lakeview Dr, Springfield|CO
1743|John Smith|555-124-1374|4617 Main St, Greenville|PE
1744|James Garcia|555-825-1821|4415 Lakeview Dr, Greenville|CL
1745|Patricia Smith|555-119-3828|4722 Oak Ave, Riverside|MX
1746|James Davis|555-805-3782|7446 Lakeview Dr, Franklin|CO
1747|Robert Williams|555-360-5844|1549 Cedar Rd, Franklin|PE
1748|Patricia Garcia|555-564-3362|3543 Cedar Rd, Madison|CL
1749|James Miller|555-432-8510|1236 Oak Ave, Madison|MX
1750|John Williams|555-693-2379|8206 Maple St, Springfield|CO
1751|Michael Miller|555-371-7074|883 Cedar Rd, Franklin|PE
1752|Linda Williams|555-429-2768|2231 Cedar Rd, Madison|CL
1753|Linda Miller|555-358-1851|7474 Pine St, Bristol|MX
1754|Linda Smith|555-506-9477|3697 Lakeview Dr, Madison|CO
1755|John Jones|555-131-5915|6003 Main St, Greenville|PE
1756|Patricia Brown|555-925-6323|3704 Pine St, Riverside|CL
1757|James Brown|555-283-6327|1214 Lakeview Dr, Greenville|MX
1758|James Davis|555-201-3069|853 Oak Ave, Bristol|CO
1759|John Davis|555-102-4177|6951 Maple St, Franklin|PE
1760|Michael Garcia|555-886-5813|8598 Oak Ave, Franklin|CL
1761|James Davis|555-410-8417|6100 Maple St, Franklin|MX
1762|Robert Garcia|555-205-4440|1904 Cedar Rd, Franklin|CO
1763|Mary Garcia|555-369-7652|5770 Lakeview Dr, Bristol|PE
1764|James Jones|555-779-6074|8014 Oak Ave, Franklin|CL
1765|Linda Miller|555-446-5640|6712 Maple St, Greenville|MX
1766|Patricia Smith|555-595-1355|2415 Cedar Rd, Madison|CO
1767|Patricia Brown|555-950-8898|8776 Lakeview Dr, Springfield|PE
1768|Linda Smith|555-188-8783|8603 Cedar Rd, Bristol|CL
1769|Patricia Garcia|555-960-9234|4234 Maple St, Bristol|MX
1770|James Smith|555-299-4484|1120 Maple St, Franklin|CO
1771|James Brown|555-632-4638|2073 Pine St, Bristol|PE
1772|Linda Davis|555-538-9200|4306 Oak Ave, Bristol|CL
1773|James Jones|555-906-6941|2977 Oak Ave, Bristol|MX
1774|John Smith|555-917-7752|5705 Pine St, Bristol|CO
1775|Patricia Garcia|555-702-1638|9109 Maple St, Springfield|PE
1776|John Williams|555-194-4731|6519 Oak Ave, Greenville|CL
1777|Linda Davis|555-342-3272|2136 Main St, Riverside|MX
1778|John Miller|555-179-1090|3164 Maple St, Franklin|CO
1779|Linda Davis|555-773-4619|4003 Cedar Rd, Greenville|PE
1780|Mary Davis|555-337-1856|1115 Pine St, Greenville|CL
1781|Mary Garcia|555-528-9452|5157 Main St, Franklin|MX
1782|Mary Smith|555-856-4402|7095 Cedar Rd, Greenville|CO
1783|Linda Garcia|555-334-8421|9970 Oak Ave, Springfield|PE
1784|Mary Smith|555-452-2216|349 Lakeview Dr, Greenville|CL
1785|Linda Williams|555-577-4192|736 Lakeview Dr, Franklin|MX
1786|Patricia Smith|555-328-2570|7498 Lakeview Dr, Riverside|CO
1787|Patricia Brown|555-240-7502|6516 Pine St, Bristol|PE
1788|Michael Garcia|555-321-8313|8684 Oak Ave, Bristol|CL
1789|Michael Johnson|555-667-9509|8433 Lakeview Dr, Riverside|MX
1790|John Davis|555-467-9218|8581 Maple St, Springfield|CO
1791|John Davis|555-973-8383|9276 Lakeview Dr, Franklin|PE
1792|John Garcia|555-750-4110|1447 Pine St, Greenville|CL
1793|Linda Garcia|555-965-5645|1701 Cedar Rd, Madison|MX
1794|Robert Johnson|555-667-9217|9384 Cedar Rd, Springfield|CO
1795|James Johnson|555-555-1343|4329 Cedar Rd, Madison|PE
1796|Robert Davis|555-185-4835|3937 Oak Ave, Riverside|CL
1797|Patricia Davis|555-703-1166|4240 Pine St, Madison|MX
1798|Robert Davis|555-699-2459|7085 Maple St, Bristol|CO
1799|Robert Smith|555-813-3056|7456 Lakeview Dr, Greenville|PE
1800|Linda Garcia|555-179-3091|138 Pine St, Springfield|CL
1801|James Johnson|555-279-3055|4902 Maple St, Madison|MX
1802|John Johnson|555-482-9870|5170 Main St, Bristol|CO
1803|Linda Miller|555-996-3876|7251 Maple St, Springfield|PE
1804|Patricia Jones|555-522-1210|3435 Pine St, Greenville|CL
1805|James Smith|555-361-7768|8184 Main St, Greenville|MX
1806|Michael Johnson|555-348-2159|591 Cedar Rd, Franklin|CO
1807|Robert Miller|555-174-6545|2172 Cedar Rd, Riverside|PE
1808|John Williams|555-413-3958|3615 Cedar Rd, Madison|CL
1809|Linda Smith|555-692-9527|4150 Pine St, Madison|MX
1810|Jennifer Jones|555-720-7229|8422 Main St, Greenville|CO
1811|John Brown|555-450-1616|9485 Lakeview Dr, Springfield|PE
1812|Mary Brown|555-887-7730|2183 Oak Ave, Springfield|CL
1813|Linda Brown|555-372-8016|8766 Cedar Rd, Bristol|MX
1814|Jennifer Jones|555-462-7818|4452 Main St, Bristol|CO
1815|Mary Brown|555-936-3184|1390 Cedar Rd, Madison|PE
1816|Jennifer Miller|555-853-7974|7103 Lakeview Dr, Springfield|CL
1817|Mary Miller|555-800-8809|3259 Main St, Springfield|MX
1818|Robert Davis|555-817-2779|5682 Main St, Greenville|CO
1819|Patricia Johnson|555-925-8222|3531 Oak Ave, Springfield|PE
1820|Patricia Smith|555-713-7459|3408 Cedar Rd, Springfield|CL
1821|Jennifer Williams|555-162-6531|725 Maple St, Greenville|MX
1822|Linda Smith|555-236-6206|5622 Maple St, Springfield|CO
1823|Michael Jones|555-493-4568|7566 Pine St, Riverside|PE
1824|James Miller|555-460-5017|343 Main St, Riverside|CL
1825|Jennifer Miller|555-930-2860|2597 Pine St, Riverside|MX
1826|Michael Miller|555-357-5342|4062 Oak Ave, Franklin|CO
1827|Michael Smith|555-851-6046|8313 Main St, Greenville|PE
1828|Linda Garcia|555-807-1128|8865 Main St, Madison|CL
1829|Patricia Jones|555-406-5031|2911 Oak Ave, Greenville|MX
1830|Robert Williams|555-251-5668|6231 Maple St, Bristol|CO
1831|John Smith|555-357-6950|8909 Pine St, Madison|PE
1832|Linda Davis|555-464-7637|1749 Oak Ave, Greenville|CL
1833|Mary Davis|555-980-4568|6205 Cedar Rd, Franklin|MX
1834|Linda Miller|555-956-6857|8823 Maple St, Franklin|CO
1835|Patricia Brown|555-791-4510|5339 Lakeview Dr, Franklin|PE
1836|Linda Smith|555-582-6336|7624 Cedar Rd, Springfield|CL
1837|Linda Miller|555-904-3223|7936 Pine St, Bristol|MX
1838|Jennifer Williams|555-469-9174|3756 Oak Ave, Springfield|CO
1839|Linda Williams|555-951-1726|5995 Maple St, Greenville|PE
1840|Robert Williams|555-260-1164|475 Main St, Riverside|CL
1841|Jennifer Garcia|555-351-9597|4652 Pine St, Bristol|MX
1842|Michael Davis|555-535-1176|9884 Pine St, Riverside|CO
1843|Patricia Garcia|555-815-7114|2458 Main St, Greenville|PE
1844|John Johnson|555-858-6647|6364 Main St, Madison|CL
1845|Patricia Brown|555-783-3616|4664 Main St, Springfield|MX
1846|Mary Johnson|555-507-5355|577 Lakeview Dr, Franklin|CO
1847|John Davis|555-991-9246|4627 Main St, Greenville|PE
1848|Jennifer Johnson|555-224-1368|3069 Pine St, Madison|CL
1849|James Garcia|555-785-6764|7689 Main St, Greenville|MX
1850|Robert Jones|555-813-4438|2387 Maple St, Bristol|CO
1851|Patricia Garcia|555-292-2304|8568 Maple St, Riverside|PE
1852|Mary Smith|555-445-3855|849 Lakeview Dr, Riverside|CL
1853|Patricia Garcia|555-121-1367|8939 Pine St, Franklin|MX
1854|Linda Davis|555-558-6904|9595 Oak Ave, Madison|CO
1855|Jennifer Garcia|555-709-6571|965 Main St, Springfield|PE
1856|James Miller|555-153-5443|5731 Oak Ave, Greenville|CL
1857|Michael Miller|555-873-7775|636 Oak Ave, Bristol|MX
1858|John Garcia|555-687-7023|7630 Pine St, Greenville|CO
1859|Jennifer Smith|555-786-7519|461 Pine St, Madison|PE
1860|John Smith|555-327-9740|3390 Lakeview Dr, Springfield|CL
1861|John Johnson|555-858-7659|9638 Main St, Riverside|MX
1862|Jennifer Davis|555-419-3126|519 Main St, Springfield|CO
1863|John Johnson|555-567-4646|4331 Pine St, Franklin|PE
1864|Mary Johnson|555-446-4495|5349 Maple St, Springfield|CL
1865|Mary Garcia|555-102-3796|8409 Lakeview Dr, Franklin|MX
1866|Mary Johnson|555-647-3472|3907 Lakeview Dr, Greenville|CO
1867|Mary Jones|555-494-2429|2760 Cedar Rd, Bristol|PE
1868|Patricia Davis|555-153-9689|7361 Pine St, Springfield|CL
1869|Robert Jones|555-930-7531|4357 Pine St, Springfield|MX
1870|John Garcia|555-876-3457|4201 Lakeview Dr, Riverside|CO
1871|Mary Davis|555-617-6007|9818 Oak Ave, Franklin|PE
1872|Patricia Jones|555-925-6216|9516 Cedar Rd, Madison|CL
1873|Patricia Davis|555-639-1235|6707 Maple St, Springfield|MX
1874|Jennifer Garcia|555-693-2760|9740 Lakeview Dr, Bristol|CO
1875|Jennifer Williams|555-791-1542|7734 Maple St, Riverside|PE
1876|Mary Miller|555-212-6768|7075 Maple St, Bristol|CL
1877|James Smith|555-124-3708|4192 Oak Ave, Franklin|MX
1878|James Miller|555-848-2184|4844 Cedar Rd, Madison|CO
1879|Patricia Davis|555-684-9470|2835 Cedar Rd, Springfield|PE
1880|Michael Brown|555-925-1439|3901 Maple St, Franklin|CL
1881|James Jones|555-157-5633|5391 Oak Ave, Springfield|MX
1882|James Davis|555-430-6988|6761 Oak Ave, Madison|CO
1883|Patricia Johnson|555-573-3627|3680 Cedar Rd, Greenville|PE
1884|John Smith|555-838-9648|3737 Pine St, Bristol|CL
1885|Linda Garcia|555-976-3052|3128 Lakeview Dr, Springfield|MX
1886|John Garcia|555-917-3428|7766 Lakeview Dr, Bristol|CO
1887|Linda Smith|555-834-8927|9113 Lakeview Dr, Franklin|PE
1888|Patricia Brown|555-683-5255|7678 Cedar Rd, Madison|CL
1889|Jennifer Williams|555-773-6370|9063 Pine St, Madison|MX
1890|Mary Johnson|555-676-2882|424 Oak Ave, Madison|CO
1891|James Williams|555-381-3591|9804 Lakeview Dr, Bristol|PE
1892|Patricia Brown|555-553-7926|9236 Cedar Rd, Bristol|CL
1893|Patricia Miller|555-320-2825|8665 Cedar Rd, Riverside|MX
1894|James Williams|555-634-4519|7938 Pine St, Greenville|CO
1895|Jennifer Miller|555-662-1442|7728 Lakeview Dr, Franklin|PE
1896|Patricia Williams|555-714-3777|8166 Main St, Riverside|CL
1897|James Garcia|555-747-9520|4733 Lakeview Dr, Riverside|MX
1898|John Davis|555-561-5025|3946 Oak Ave, Bristol|CO
1899|Patricia Jones|555-293-5487|4135 Pine St, Franklin|PE
1900|James Williams|555-427-9755|1551 Maple St, Riverside|CL
1901|Michael Davis|555-185-1921|7784 Main St, Bristol|MX
1902|Patricia Jones|555-713-3027|3240 Lakeview Dr, Madison|CO
1903|Michael Smith|555-370-4372|5186 Maple St, Franklin|PE
1904|Linda Miller|555-245-2664|6747 Main St, Riverside|CL
1905|John Garcia|555-541-3232|9237 Maple St, Springfield|MX
1906|Mary Brown|555-638-4121|5196 Cedar Rd, Riverside|CO
1907|Michael Miller|555-293-8246|8844 Lakeview Dr, Springfield|PE
1908|Linda Jones|555-494-7744|5685 Maple St, Franklin|CL
1909|Michael Brown|555-731-5551|7995 Maple St, Madison|MX
1910|Robert Brown|555-987-9919|5263 Lakeview Dr, Springfield|CO
1911|Linda Jones|555-791-2618|8973 Cedar Rd, Greenville|PE
1912|James Miller|555-455-9534|7110 Main St, Madison|CL
1913|Mary Jones|555-940-2297|7107 Oak Ave, Madison|MX
1914|Linda Jones|555-820-9540|335 Maple St, Greenville|CO
1915|James Jones|555-550-9582|3994 Pine St, Bristol|PE
1916|Robert Williams|555-743-8397|958 Pine St, Franklin|CL
1917|James Williams|555-223-7574|9883 Oak Ave, Madison|MX
1918|Mary Brown|555-196-2906|6023 Pine St, Bristol|CO
1919|Mary Jones|555-275-6535|179 Lakeview Dr, Franklin|PE
1920|John Jones|555-928-5583|3473 Maple St, Franklin|CL
1921|John Johnson|555-419-8493|5776 Maple St, Greenville|MX
1922|Jennifer Garcia|555-606-2712|1081 Lakeview Dr, Springfield|CO
1923|John Smith|555-777-6724|6035 Oak Ave, Bristol|PE
1924|Michael Williams|555-836-1624|5602 Main St, Springfield|CL
1925|Robert Davis|555-848-5983|7170 Cedar Rd, Bristol|MX
1926|James Garcia|555-461-9036|8442 Cedar Rd, Franklin|CO
1927|Jennifer Johnson|555-376-4384|3878 Main St, Franklin|PE
1928|Patricia Davis|555-797-5828|6350 Main St, Franklin|CL
1929|James Smith|555-608-3196|6184 Lakeview Dr, Franklin|MX
1930|Mary Davis|555-933-1243|1975 Cedar Rd, Riverside|CO
1931|James Miller|555-966-3134|9158 Cedar Rd, Riverside|PE
1932|Robert Brown|555-993-7636|1435 Cedar Rd, Springfield|CL
1933|John Williams|555-736-3492|2381 Oak Ave, Madison|MX
1934|Jennifer Miller|555-306-7881|826 Main St, Greenville|CO
1935|James Johnson|555-702-2645|7107 Oak Ave, Greenville|PE
1936|Robert Jones|555-846-8402|5328 Pine St, Riverside|CL
1937|James Davis|555-348-3965|9390 Pine St, Franklin|MX
1938|Patricia Williams|555-455-4609|7243 Maple St, Madison|CO
1939|Patricia Brown|555-859-4211|6223 Pine St, Franklin|PE
1940|Linda Williams|555-254-9839|8430 Main St, Springfield|CL
1941|Linda Johnson|555-521-9670|5813 Main St, Greenville|MX
1942|Patricia Williams|555-608-1916|4437 Maple St, Greenville|CO
1943|James Brown|555-885-6223|1137 Oak Ave, Bristol|PE
1944|Jennifer Williams|555-890-3997|852 Pine St, Franklin|CL
1945|Jennifer Williams|555-382-5478|8915 Oak Ave, Bristol|MX
1946|Patricia Johnson|555-812-3555|134 Pine St, Bristol|CO
1947|Mary Miller|555-216-3533|1433 Lakeview Dr, Springfield|PE
1948|Michael Brown|555-865-8637|617 Cedar Rd, Madison|CL
1949|James Jones|555-695-7621|4097 Maple St, Madison|MX
1950|Patricia Miller|555-648-2921|8006 Maple St, Madison|CO
1951|Patricia Brown|555-692-8557|7723 Oak Ave, Franklin|PE
1952|Jennifer Jones|555-996-5436|3802 Main St, Bristol|CL
1953|Patricia Davis|555-771-4417|6257 Cedar Rd, Bristol|MX
1954|Robert Johnson|555-772-8197|454 Main St, Springfield|CO
1955|James Miller|555-321-1389|7494 Pine St, Madison|PE
1956|Jennifer Johnson|555-355-7283|2816 Oak Ave, Bristol|CL
1957|Linda Williams|555-193-1642|5969 Maple St, Madison|MX
1958|John Williams|555-848-2424|1380 Lakeview Dr, Greenville|CO
1959|Michael Miller|555-198-5966|6438 Pine St, Greenville|PE
1960|Jennifer Brown|555-310-2909|9439 Oak Ave, Greenville|CL
1961|James Brown|555-950-7104|698 Cedar Rd, Riverside|MX
1962|John Williams|555-282-8763|4932 Pine St, Madison|CO
1963|Robert Smith|555-757-4171|6287 Maple St, Bristol|PE
1964|Jennifer Johnson|555-530-1883|9174 Pine St, Madison|CL
1965|Jennifer Jones|555-137-2687|9863 Cedar Rd, Madison|MX
1966|John Miller|555-209-2458|2782 Maple St, Madison|CO
1967|Patricia Jones|555-377-2414|570 Pine St, Bristol|PE
1968|John Davis|555-772-6383|8119 Pine St, Greenville|CL
1969|Jennifer Smith|555-244-2562|8538 Cedar Rd, Greenville|MX
1970|Robert Williams|555-687-8027|2705 Maple St, Franklin|CO
1971|John Davis|555-933-5626|777 Lakeview Dr, Springfield|PE
1972|Patricia Williams|555-832-4956|4019 Pine St, Riverside|CL
1973|Mary Johnson|555-803-4985|1496 Main St, Bristol|MX
1974|Jennifer Garcia|555-633-2824|5263 Main St, Springfield|CO
1975|Mary Jones|555-389-8355|5421 Maple St, Springfield|PE
1976|John Johnson|555-154-1574|8277 Cedar Rd, Riverside|CL
1977|Robert Garcia|555-688-9355|7138 Main St, Riverside|MX
1978|John Jones|555-391-7922|2500 Oak Ave, Franklin|CO
1979|James Johnson|555-270-5025|2802 Oak Ave, Greenville|PE
1980|Mary Brown|555-779-9280|5607 Pine St, Franklin|CL
1981|Robert Davis|555-797-5273|6248 Pine St, Greenville|MX
1982|Linda Smith|555-147-3580|3303 Lakeview Dr, Franklin|CO
1983|Patricia Johnson|555-908-9767|5072 Lakeview Dr, Riverside|PE
1984|Linda Miller|555-838-3716|6885 Pine St, Greenville|CL
1985|Robert Johnson|555-753-7672|4635 Lakeview Dr, Springfield|MX
1986|Michael Davis|555-706-6801|5853 Cedar Rd, Greenville|CO
1987|Robert Johnson|555-549-6429|2323 Cedar Rd, Bristol|PE
1988|Robert Smith|555-344-2710|1208 Cedar Rd, Bristol|CL
1989|Linda Smith|555-441-6815|403 Main St, Bristol|MX
1990|Linda Garcia|555-457-8736|4112 Maple St, Madison|CO
1991|Linda Brown|555-609-5630|9748 Cedar Rd, Greenville|PE
1992|Robert Jones|555-410-9531|1938 Cedar Rd, Madison|CL
1993|Mary Garcia|555-582-5827|5604 Lakeview Dr, Madison|MX
1994|James Garcia|555-696-3457|6253 Oak Ave, Springfield|CO
1995|Mary Brown|555-511-6495|1391 Oak Ave, Riverside|PE
1996|Mary Brown|555-350-7252|3228 Cedar Rd, Franklin|CL
1997|James Williams|555-670-7338|2904 Oak Ave, Riverside|MX
1998|Patricia Miller|555-938-3375|7728 Pine St, Greenville|CO
1999|Mary Williams|555-192-5105|7703 Maple St, Madison|PE
2000|Linda Jones|555-662-1750|4431 Cedar Rd, Greenville|CL
2001|James Brown|555-315-2191|5494 Lakeview Dr, Riverside|MX
2002|Mary Williams|555-134-3436|5233 Main St, Greenville|CO
2003|John Jones|555-319-3061|5395 Main St, Bristol|PE
2004|Linda Brown|555-770-2423|1238 Cedar Rd, Madison|CL
2005|Linda Johnson|555-146-4985|5497 Main St, Madison|MX
2006|Linda Davis|555-255-9938|9880 Oak Ave, Greenville|CO
2007|John Brown|555-973-2367|1968 Main St, Riverside|PE
2008|Mary Williams|555-984-3494|4565 Cedar Rd, Madison|CL
2009|Mary Smith|555-929-7207|1117 Lakeview Dr, Riverside|MX
2010|Patricia Miller|555-708-3248|2159 Cedar Rd, Madison|CO
2011|Jennifer Garcia|555-551-2568|2820 Lakeview Dr, Franklin|PE
2012|Linda Brown|555-264-7862|1842 Cedar Rd, Riverside|CL
2013|Mary Johnson|555-544-6047|7041 Lakeview Dr, Bristol|MX
2014|Robert Miller|555-603-4366|2796 Cedar Rd, Greenville|CO
2015|James Jones|555-529-6937|7718 Main St, Greenville|PE
2016|Robert Garcia|555-282-9319|2731 Lakeview Dr, Greenville|CL
2017|John Garcia|555-582-4772|5840 Oak Ave, Springfield|MX
2018|James Jones|555-440-2412|8622 Pine St, Springfield|CO
2019|Michael Williams|555-201-6435|7334 Oak Ave, Springfield|PE
2020|Mary Jones|555-325-5296|6799 Lakeview Dr, Madison|CL
2021|Michael Garcia|555-954-3946|3745 Oak Ave, Springfield|MX
2022|James Miller|555-845-1512|3659 Lakeview Dr, Bristol|CO
2023|Patricia Garcia|555-808-4258|3450 Lakeview Dr, Madison|PE
2024|Jennifer Smith|555-901-8815|1490 Lakeview Dr, Franklin|CL
2025|James Smith|555-684-1755|7222 Main St, Riverside|MX
2026|Linda Jones|555-863-3810|538 Lakeview Dr, Bristol|CO
2027|Jennifer Johnson|555-107-9644|4951 Lakeview Dr, Riverside|PE
2028|Linda Johnson|555-289-3700|6482 Cedar Rd, Madison|CL
2029|John Miller|555-618-6587|5267 Main St, Franklin|MX
2030|Jennifer Brown|555-604-1172|1331 Lakeview Dr, Franklin|CO
2031|Patricia Johnson|555-824-2278|7818 Lakeview Dr, Springfield|PE
2032|Mary Johnson|555-342-1012|3021 Oak Ave, Riverside|CL
2033|Mary Garcia|555-124-4290|2173 Main St, Bristol|MX
2034|Robert Miller|555-583-3160|7792 Lakeview Dr, Greenville|CO
2035|Mary Brown|555-677-2332|8978 Main St, Madison|PE
2036|Linda Davis|555-429-3143|6712 Maple St, Greenville|CL
2037|Robert Smith|555-874-1519|7794 Main St, Bristol|MX
2038|James Johnson|555-337-6481|4996 Lakeview Dr, Greenville|CO
2039|Linda Brown|555-991-6033|3434 Pine St, Springfield|PE
2040|Robert Miller|555-584-9156|4515 Cedar Rd, Greenville|CL
2041|Mary Johnson|555-359-7065|9279 Oak Ave, Franklin|MX
2042|Jennifer Garcia|555-810-7888|248 Cedar Rd, Bristol|CO
2043|Robert Williams|555-724-9477|5413 Main St, Bristol|PE
2044|James Williams|555-896-7987|4802 Oak Ave, Madison|CL
2045|Patricia Garcia|555-645-6083|4954 Oak Ave, Springfield|MX
2046|Linda Smith|555-136-5171|3150 Pine St, Springfield|CO
2047|Michael Garcia|555-543-4479|1780 Lakeview Dr, Riverside|PE
2048|Robert Garcia|555-237-3063|5836 Oak Ave, Bristol|CL
2049|Patricia Smith|555-369-4133|3712 Maple St, Springfield|MX
2050|Mary Jones|555-383-1660|8537 Maple St, Riverside|CO
2051|Linda Garcia|555-491-6233|5004 Main St, Riverside|PE
2052|Linda Johnson|555-125-4548|6128 Pine St, Riverside|CL
2053|Michael Williams|555-321-7541|2635 Oak Ave, Franklin|MX
2054|Jennifer Garcia|555-668-9313|5771 Lakeview Dr, Greenville|CO
2055|James Smith|555-146-4294|8529 Maple St, Greenville|PE
2056|Jennifer Smith|555-595-2207|4382 Oak Ave, Bristol|CL
2057|Patricia Jones|555-861-1149|6406 Main St, Riverside|MX
2058|Jennifer Johnson|555-699-5592|9939 Maple St, Bristol|CO
2059|Michael Brown|555-193-1440|6015 Lakeview Dr, Madison|PE
2060|James Brown|555-647-5414|7902 Pine St, Riverside|CL
2061|Linda Miller|555-178-1185|5267 Pine St, Greenville|MX
2062|Linda Smith|555-982-5319|6880 Lakeview Dr, Springfield|CO
2063|John Davis|555-247-7819|5801 Pine St, Franklin|PE
2064|Patricia Brown|555-216-8087|1916 Maple St, Franklin|CL
2065|Robert Williams|555-121-8650|2466 Lakeview Dr, Bristol|MX
2066|Linda Johnson|555-215-7790|1338 Oak Ave, Madison|CO
2067|John Garcia|555-905-7957|9007 Maple St, Springfield|PE
2068|Michael Jones|555-615-7109|1312 Main St, Franklin|CL
2069|James Smith|555-685-9365|6293 Cedar Rd, Riverside|MX
2070|Robert Garcia|555-354-4965|2621 Maple St, Franklin|CO
2071|Robert Brown|555-905-6061|5862 Oak Ave, Riverside|PE
2072|John Garcia|555-997-8519|8983 Oak Ave, Greenville|CL
2073|Linda Brown|555-827-2876|5694 Pine St, Riverside|MX
2074|Patricia Smith|555-379-2792|2343 Pine St, Riverside|CO
2075|Michael Williams|555-328-5355|4003 Lakeview Dr, Riverside|PE
2076|John Brown|555-903-4262|7585 Lakeview Dr, Riverside|CL
2077|James Johnson|555-832-2571|6143 Pine St, Riverside|MX
2078|James Johnson|555-707-7405|2789 Pine St, Madison|CO
2079|Robert Williams|555-401-2444|9239 Pine St, Madison|PE
2080|Patricia Smith|555-153-2509|1803 Lakeview Dr, Madison|CL
2081|James Johnson|555-744-7650|3514 Main St, Madison|MX
2082|John Williams|555-576-8016|5486 Cedar Rd, Madison|CO
2083|James Garcia|555-550-6376|3235 Oak Ave, Bristol|PE
2084|James Garcia|555-744-3386|3543 Pine St, Bristol|CL
2085|Michael Brown|555-708-5594|6002 Main St, Madison|MX
2086|James Brown|555-275-4936|1848 Lakeview Dr, Madison|CO
2087|Robert Brown|555-371-7783|953 Maple St, Franklin|PE
2088|James Garcia|555-241-5505|2799 Cedar Rd, Greenville|CL
2089|Mary Garcia|555-409-5291|6195 Maple St, Franklin|MX
2090|Michael Smith|555-216-1080|4358 Oak Ave, Riverside|CO
2091|Jennifer Jones|555-120-7238|6832 Oak Ave, Springfield|PE
2092|Patricia Brown|555-379-5913|5144 Main St, Riverside|CL
2093|Jennifer Jones|555-640-4824|2924 Pine St, Franklin|MX
2094|Mary Johnson|555-684-7427|2595 Oak Ave, Greenville|CO
2095|John Williams|555-390-3378|6846 Oak Ave, Franklin|PE
2096|Linda Jones|555-547-6253|3085 Oak Ave, Madison|CL
2097|Jennifer Garcia|555-219-6711|3983 Maple St, Franklin|MX
2098|Patricia Jones|555-306-6512|8346 Cedar Rd, Riverside|CO
2099|Patricia Miller|555-119-1845|8239 Main St, Riverside|PE
2100|Patricia Smith|555-813-9370|156 Cedar Rd, Madison|CL
2101|Patricia Johnson|555-540-2251|7319 Oak Ave, Springfield|MX
2102|James Davis|555-645-3513|5762 Oak Ave, Franklin|CO
2103|Linda Smith|555-753-4956|6832 Main St, Riverside|PE
2104|Jennifer Miller|555-105-5358|4613 Lakeview Dr, Greenville|CL
2105|Robert Miller|555-291-2770|6935 Oak Ave, Springfield|MX
2106|Jennifer Miller|555-806-1230|907 Oak Ave, Madison|CO
2107|Linda Davis|555-610-7457|8378 Pine St, Bristol|PE
2108|Robert Williams|555-174-9474|3903 Main St, Franklin|CL
2109|John Williams|555-100-6060|9789 Oak Ave, Franklin|MX
2110|Mary Jones|555-224-6522|5159 Oak Ave, Greenville|CO
2111|Linda Jones|555-516-1570|5707 Cedar Rd, Bristol|PE
2112|James Brown|555-358-3658|2214 Main St, Madison|CL
2113|Mary Davis|555-896-5081|7464 Cedar Rd, Riverside|MX
2114|Michael Miller|555-103-3021|603 Pine St, Springfield|CO
2115|Patricia Jones|555-579-3896|141 Maple St, Riverside|PE
2116|Robert Smith|555-286-4809|4187 Maple St, Franklin|CL
2117|John Davis|555-746-1291|1293 Main St, Greenville|MX
2118|Michael Garcia|555-787-6133|6001 Maple St, Madison|CO
2119|Michael Smith|555-404-1984|2480 Main St, Riverside|PE
2120|James Smith|555-971-7803|5152 Pine St, Greenville|CL
2121|Jennifer Brown|555-932-5519|1437 Maple St, Franklin|MX
2122|Patricia Davis|555-813-5967|5144 Oak Ave, Springfield|CO
2123|Patricia Garcia|555-271-7405|449 Maple St, Madison|PE
2124|Patricia Jones|555-165-2960|7037 Pine St, Riverside|CL
2125|James Smith|555-869-4774|6012 Lakeview Dr, Madison|MX
2126|John Miller|555-658-6684|5281 Pine St, Madison|CO
2127|Robert Johnson|555-556-6199|5344 Main St, Madison|PE
2128|Mary Davis|555-771-7654|6990 Main St, Riverside|CL
2129|James Smith|555-884-2686|7522 Maple St, Springfield|MX
2130|Patricia Johnson|555-903-8016|2081 Lakeview Dr, Greenville|CO
2131|Michael Williams|555-777-8837|1456 Maple St, Riverside|PE
2132|James Davis|555-246-5918|4721 Oak Ave, Franklin|CL
2133|John Brown|555-760-7683|6718 Main St, Franklin|MX
2134|Jennifer Garcia|555-365-4585|6499 Main St, Riverside|CO
2135|Jennifer Jones|555-710-7246|5575 Oak Ave, Franklin|PE
2136|Patricia Smith|555-441-5452|9458 Pine St, Greenville|CL
2137|Robert Miller|555-995-1325|5998 Lakeview Dr, Greenville|MX
2138|Jennifer Williams|555-822-9585|6461 Cedar Rd, Riverside|CO
2139|Michael Smith|555-476-5535|9778 Cedar Rd, Franklin|PE
2140|Linda Williams|555-236-7749|7807 Main St, Franklin|CL
2141|Linda Davis|555-566-9578|2272 Lakeview Dr, Springfield|MX
2142|James Smith|555-498-4890|5905 Pine St, Madison|CO
2143|Linda Smith|555-454-2905|494 Oak Ave, Bristol|PE
2144|Robert Williams|555-442-8585|4760 Lakeview Dr, Madison|CL
2145|James Johnson|555-172-9125|778 Oak Ave, Madison|MX
2146|Linda Miller|555-722-7418|2451 Lakeview Dr, Riverside|CO
2147|Mary Jones|555-207-9613|9472 Cedar Rd, Franklin|PE
2148|John Johnson|555-835-9564|8241 Main St, Bristol|CL
2149|Mary Miller|555-203-3216|9181 Main St, Springfield|MX
2150|Patricia Brown|555-204-5159|2425 Pine St, Bristol|CO
2151|Mary Davis|555-731-2917|8510 Pine St, Franklin|PE
2152|James Miller|555-285-3749|6501 Lakeview Dr, Franklin|CL
2153|Patricia Jones|555-439-8014|2690 Cedar Rd, Greenville|MX
2154|Mary Brown|555-143-8739|1083 Cedar Rd, Madison|CO
2155|Linda Williams|555-460-3791|5216 Cedar Rd, Madison|PE
2156|Jennifer Smith|555-720-3058|7458 Oak Ave, Riverside|CL
2157|Robert Brown|555-679-1461|3875 Maple St, Greenville|MX
2158|James Williams|555-823-1121|3037 Oak Ave, Madison|CO
2159|Michael Miller|555-524-1362|3860 Main St, Greenville|PE
2160|John Williams|555-918-6960|3117 Pine St, Springfield|CL
2161|Linda Garcia|555-957-9903|9527 Cedar Rd, Madison|MX
2162|Mary Brown|555-558-2102|3672 Main St, Bristol|CO
2163|John Johnson|555-382-9946|2297 Pine St, Madison|PE
2164|Mary Williams|555-242-5236|9972 Cedar Rd, Madison|CL
2165|Mary Johnson|555-490-2833|308 Lakeview Dr, Bristol|MX
2166|Linda Jones|555-828-5962|2885 Pine St, Bristol|CO
2167|Robert Jones|555-249-8580|3709 Pine St, Greenville|PE
2168|John Johnson|555-201-5635|3964 Lakeview Dr, Bristol|CL
2169|James Garcia|555-807-1565|4996 Cedar Rd, Franklin|MX
2170|John Smith|555-593-4911|4972 Pine St, Franklin|CO
2171|Michael Brown|555-312-6477|3080 Lakeview Dr, Bristol|PE
2172|Jennifer Brown|555-724-6344|9462 Lakeview Dr, Madison|CL
2173|Mary Jones|555-948-1886|2816 Oak Ave, Franklin|MX
2174|James Miller|555-571-5444|1294 Main St, Bristol|CO
2175|James Johnson|555-790-2529|141 Oak Ave, Greenville|PE
2176|Michael Miller|555-900-9724|9988 Pine St, Bristol|CL
2177|Robert Davis|555-847-3504|2452 Maple St, Madison|MX
2178|James Williams|555-122-9317|4103 Lakeview Dr, Springfield|CO
2179|James Garcia|555-316-4569|4805 Cedar Rd, Bristol|PE
2180|James Johnson|555-780-6990|5833 Cedar Rd, Greenville|CL
2181|Robert Jones|555-315-8304|3805 Pine St, Springfield|MX
2182|Mary Brown|555-558-4348|6256 Lakeview Dr, Riverside|CO
2183|Patricia Williams|555-263-6090|5640 Cedar Rd, Riverside|PE
2184|Jennifer Smith|555-966-6962|8278 Lakeview Dr, Madison|CL
2185|Mary Williams|555-239-8457|8785 Oak Ave, Bristol|MX
2186|Michael Williams|555-326-5887|4422 Main St, Springfield|CO
2187|Michael Brown|555-376-1776|8929 Main St, Greenville|PE
2188|John Brown|555-867-8616|2153 Maple St, Riverside|CL
2189|Mary Miller|555-969-7815|9534 Cedar Rd, Riverside|MX
2190|James Miller|555-304-8006|512 Maple St, Riverside|CO
2191|Linda Brown|555-908-8072|2152 Main St, Bristol|PE
2192|James Miller|555-645-8208|7452 Cedar Rd, Greenville|CL
2193|Patricia Garcia|555-144-3074|906 Lakeview Dr, Franklin|MX
2194|Patricia Jones|555-247-6606|2482 Lakeview Dr, Springfield|CO
2195|James Miller|555-214-7749|1738 Main St, Riverside|PE
2196|Jennifer Jones|555-617-2175|6020 Main St, Riverside|CL
2197|Michael Smith|555-956-1695|458 Main St, Madison|MX
2198|Robert Johnson|555-790-1194|5687 Main St, Springfield|CO
2199|John Brown|555-815-9301|1804 Pine St, Greenville|PE
2200|Linda Jones|555-403-2521|2393 Oak Ave, Riverside|CL
2201|Michael Jones|555-868-1426|5033 Lakeview Dr, Greenville|MX
2202|John Davis|555-990-7139|5811 Pine St, Springfield|CO
2203|Jennifer Miller|555-137-2265|3106 Lakeview Dr, Springfield|PE
2204|Patricia Miller|555-946-6994|4663 Maple St, Springfield|CL
2205|Michael Garcia|555-817-9263|1568 Pine St, Riverside|MX
2206|Linda Williams|555-468-7721|3536 Cedar Rd, Greenville|CO
2207|Robert Williams|555-819-4213|5392 Main St, Madison|PE
2208|Mary Davis|555-505-2382|8619 Main St, Bristol|CL
2209|Patricia Garcia|555-126-9759|1050 Cedar Rd, Bristol|MX
2210|Michael Brown|555-958-3582|3916 Lakeview Dr, Riverside|CO
2211|Michael Davis|555-353-3081|7679 Main St, Madison|PE
2212|Linda Davis|555-524-5148|7136 Maple St, Riverside|CL
2213|Robert Davis|555-637-3371|218 Lakeview Dr, Bristol|MX
2214|Mary Jones|555-353-7554|5960 Pine St, Greenville|CO
2215|John Brown|555-366-1017|4326 Oak Ave, Franklin|PE
2216|John Williams|555-295-9543|571 Pine St, Greenville|CL
2217|Patricia Garcia|555-758-4927|7099 Maple St, Madison|MX
2218|James Miller|555-400-5248|8339 Main St, Greenville|CO
2219|Patricia Jones|555-366-6550|5717 Cedar Rd, Madison|PE
2220|Jennifer Davis|555-966-4831|3489 Lakeview Dr, Springfield|CL
2221|John Miller|555-473-4733|7302 Pine St, Greenville|MX
2222|Michael Brown|555-486-4045|6294 Cedar Rd, Springfield|CO
2223|Jennifer Jones|555-951-3832|4377 Oak Ave, Bristol|PE
2224|Patricia Davis|555-209-9368|318 Cedar Rd, Madison|CL
2225|James Brown|555-410-8138|3683 Lakeview Dr, Greenville|MX
2226|Robert Miller|555-119-5811|5487 Pine St, Madison|CO
2227|Jennifer Williams|555-302-8023|5586 Lakeview Dr, Madison|PE
2228|Patricia Jones|555-247-9247|1739 Maple St, Bristol|CL
2229|Linda Garcia|555-325-4153|4817 Main St, Bristol|MX
2230|James Williams|555-277-9338|5201 Pine St, Greenville|CO
2231|Robert Smith|555-971-2603|5690 Maple St, Greenville|PE
2232|Linda Miller|555-156-7125|9699 Main St, Springfield|CL
2233|Linda Davis|555-818-1975|6281 Oak Ave, Madison|MX
2234|John Jones|555-301-2653|4327 Oak Ave, Madison|CO
2235|Michael Smith|555-306-8379|2878 Oak Ave, Riverside|PE
2236|Mary Brown|555-250-8863|8536 Maple St, Madison|CL
2237|James Garcia|555-942-5352|816 Lakeview Dr, Bristol|MX
2238|Mary Johnson|555-155-3777|5449 Pine St, Greenville|CO
2239|James Smith|555-163-2799|8604 Cedar Rd, Riverside|PE
2240|James Garcia|555-934-8134|8226 Cedar Rd, Madison|CL
2241|Michael Garcia|555-342-3082|5253 Lakeview Dr, Springfield|MX
2242|Jennifer Davis|555-890-4795|3587 Maple St, Riverside|CO
2243|John Johnson|555-175-1535|8457 Maple St, Springfield|PE
2244|Patricia Smith|555-948-4729|7012 Maple St, Greenville|CL
2245|Robert Jones|555-726-2928|8556 Cedar Rd, Franklin|MX
2246|Robert Davis|555-838-4047|5008 Maple St, Riverside|CO
2247|Mary Williams|555-557-1715|3802 Lakeview Dr, Riverside|PE
2248|John Davis|555-385-6289|7701 Maple St, Springfield|CL
2249|Michael Garcia|555-607-2293|9436 Lakeview Dr, Springfield|MX
2250|Linda Davis|555-149-9723|4377 Pine St, Riverside|CO
2251|Patricia Miller|555-464-5406|2596 Main St, Madison|PE
2252|John Williams|555-249-9440|6983 Maple St, Bristol|CL
2253|John Smith|555-287-8198|8620 Pine St, Greenville|MX
2254|John Brown|555-518-8957|4439 Pine St, Springfield|CO
2255|John Johnson|555-775-3517|6332 Lakeview Dr, Riverside|PE
2256|Jennifer Jones|555-502-2602|2571 Pine St, Greenville|CL
2257|Patricia Johnson|555-755-7769|8521 Maple St, Greenville|MX
2258|Patricia Jones|555-253-2813|1839 Cedar Rd, Riverside|CO
2259|Patricia Williams|555-339-8738|7601 Maple St, Riverside|PE
2260|Linda Davis|555-403-4414|147 Lakeview Dr, Riverside|CL
2261|John Garcia|555-428-7914|1205 Oak Ave, Riverside|MX
2262|John Miller|555-872-8718|7591 Pine St, Riverside|CO
2263|Linda Brown|555-874-7342|3511 Maple St, Greenville|PE
2264|Robert Garcia|555-583-9206|8620 Lakeview Dr, Madison|CL
2265|Linda Williams|555-730-6278|2080 Pine St, Franklin|MX
2266|Linda Brown|555-160-2762|7288 Pine St, Madison|CO
2267|John Jones|555-607-9213|5025 Lakeview Dr, Springfield|PE
2268|Mary Brown|555-106-5343|6243 Lakeview Dr, Franklin|CL
2269|James Davis|555-260-5115|9306 Maple St, Franklin|MX
2270|Linda Brown|555-227-6216|395 Main St, Franklin|CO
2271|Jennifer Brown|555-869-6593|6452 Oak Ave, Bristol|PE
2272|Michael Miller|555-398-7746|1180 Main St, Springfield|CL
2273|Robert Jones|555-194-7089|3632 Main St, Riverside|MX
2274|Mary Brown|555-498-5778|8542 Main St, Greenville|CO
2275|Linda Williams|555-111-7240|1664 Lakeview Dr, Greenville|PE
2276|James Williams|555-979-4830|4992 Pine St, Bristol|CL
2277|John Williams|555-381-9795|7064 Lakeview Dr, Greenville|MX
2278|John Williams|555-503-4624|1938 Pine St, Springfield|CO
2279|Mary Johnson|555-985-5596|6150 Cedar Rd, Greenville|PE
2280|Patricia Davis|555-343-3714|6900 Main St, Madison|CL
2281|James Johnson|555-184-2259|4498 Oak Ave, Franklin|MX
2282|Michael Jones|555-959-4966|1701 Maple St, Madison|CO
2283|Robert Jones|555-117-4101|4253 Main St, Madison|PE
2284|Mary Smith|555-128-5240|3340 Pine St, Greenville|CL
2285|Mary Jones|555-734-3308|4397 Oak Ave, Springfield|MX
2286|Jennifer Jones|555-317-1873|2574 Main St, Bristol|CO
2287|Robert Johnson|555-275-2132|5458 Lakeview Dr, Springfield|PE
2288|Jennifer Garcia|555-331-1678|7411 Cedar Rd, Riverside|CL
2289|Robert Miller|555-444-5616|9435 Pine St, Greenville|MX
2290|Linda Jones|555-230-8263|5130 Lakeview Dr, Greenville|CO
2291|Mary Williams|555-973-2297|5274 Pine St, Bristol|PE
2292|Robert Williams|555-707-6035|3232 Pine St, Madison|CL
2293|Robert Johnson|555-340-3879|3366 Cedar Rd, Madison|MX
2294|Jennifer Miller|555-350-7293|7596 Lakeview Dr, Riverside|CO
2295|Mary Johnson|555-366-5699|1463 Cedar Rd, Bristol|PE
2296|Patricia Jones|555-386-1420|4157 Oak Ave, Franklin|CL
2297|Mary Miller|555-453-6547|4106 Pine St, Riverside|MX
2298|Patricia Jones|555-830-3583|7939 Cedar Rd, Greenville|CO
2299|Robert Jones|555-807-4871|962 Maple St, Springfield|PE
2300|Patricia Davis|555-893-1727|6510 Oak Ave, Franklin|CL
2301|Robert Garcia|555-902-3531|7773 Lakeview Dr, Springfield|MX
2302|Robert Johnson|555-129-4082|4272 Oak Ave, Greenville|CO
2303|Linda Davis|555-922-7963|8691 Oak Ave, Madison|PE
2304|Patricia Smith|555-350-2136|8642 Cedar Rd, Madison|CL
2305|Patricia Brown|555-265-6792|1020 Cedar Rd, Riverside|MX
2306|John Smith|555-205-3194|673 Oak Ave, Bristol|CO
2307|James Williams|555-896-5690|5024 Oak Ave, Franklin|PE
2308|Patricia Williams|555-722-7292|9219 Pine St, Franklin|CL
2309|Jennifer Jones|555-776-3495|2486 Main St, Greenville|MX
2310|Mary Davis|555-758-8984|9362 Maple St, Greenville|CO
2311|Patricia Garcia|555-292-7709|3846 Maple St, Madison|PE
2312|James Johnson|555-770-3003|2272 Oak Ave, Springfield|CL
2313|Linda Miller|555-931-3760|4371 Oak Ave, Greenville|MX
2314|Robert Davis|555-499-3167|3663 Maple St, Bristol|CO
2315|James Miller|555-266-8169|6920 Pine St, Madison|PE
2316|Patricia Smith|555-450-5620|5703 Lakeview Dr, Madison|CL
2317|James Smith|555-362-4837|2258 Lakeview Dr, Springfield|MX
2318|Linda Williams|555-454-2409|4883 Oak Ave, Riverside|CO
2319|Robert Davis|555-782-9579|2737 Cedar Rd, Greenville|PE
2320|James Williams|555-404-3005|2032 Cedar Rd, Madison|CL
2321|Mary Johnson|555-342-1196|7386 Main St, Madison|MX
2322|Robert Smith|555-491-1520|1815 Main St, Franklin|CO
2323|Linda Garcia|555-538-4625|5763 Main St, Franklin|PE
2324|Michael Davis|555-738-7255|6294 Maple St, Madison|CL
2325|John Brown|555-979-2846|5606 Main St, Riverside|MX
2326|Robert Brown|555-830-1339|8117 Lakeview Dr, Madison|CO
2327|Robert Davis|555-645-2479|8124 Oak Ave, Riverside|PE
2328|Patricia Williams|555-251-1217|1186 Oak Ave, Greenville|CL
2329|Robert Davis|555-727-3429|7767 Maple St, Riverside|MX
2330|Robert Jones|555-373-4301|6835 Oak Ave, Madison|CO
2331|Michael Smith|555-652-7584|9163 Main St, Bristol|PE
2332|Patricia Davis|555-267-9427|5635 Oak Ave, Greenville|CL
2333|John Miller|555-590-6954|1455 Cedar Rd, Bristol|MX
2334|James Johnson|555-447-1261|1614 Lakeview Dr, Greenville|CO
2335|James Smith|555-220-4598|8081 Cedar Rd, Riverside|PE
2336|Jennifer Garcia|555-547-4286|9715 Maple St, Bristol|CL
2337|Linda Jones|555-677-3977|6340 Oak Ave, Springfield|MX
2338|James Williams|555-157-2502|7755 Oak Ave, Madison|CO
2339|John Davis|555-125-7765|2932 Oak Ave, Springfield|PE
2340|Jennifer Garcia|555-810-6754|1932 Main St, Bristol|CL
2341|John Miller|555-503-1839|6487 Cedar Rd, Franklin|MX
2342|Patricia Miller|555-975-9561|5837 Oak Ave, Greenville|CO
2343|Michael Jones|555-737-7787|8778 Oak Ave, Riverside|PE
2344|Mary Brown|555-223-1610|7867 Oak Ave, Bristol|CL
2345|James Brown|555-920-6756|2003 Main St, Franklin|MX
2346|Robert Jones|555-989-4748|1181 Cedar Rd, Bristol|CO
2347|Patricia Jones|555-525-6099|4433 Maple St, Springfield|PE
2348|Jennifer Johnson|555-726-6172|6395 Oak Ave, Madison|CL
2349|Mary Brown|555-685-4044|2833 Cedar Rd, Riverside|MX
2350|Michael Brown|555-175-3458|7101 Lakeview Dr, Bristol|CO
2351|Linda Williams|555-477-2897|3238 Pine St, Greenville|PE
2352|Mary Williams|555-634-3079|2331 Cedar Rd, Riverside|CL
2353|John Johnson|555-388-2015|1185 Maple St, Madison|MX
2354|James Williams|555-156-8487|7045 Oak Ave, Greenville|CO
2355|Linda Garcia|555-997-7889|9308 Lakeview Dr, Riverside|PE
2356|Jennifer Davis|555-102-7675|2117 Lakeview Dr, Springfield|CL
2357|Jennifer Jones|555-965-8446|708 Maple St, Bristol|MX
2358|Linda Jones|555-780-9506|9859 Cedar Rd, Franklin|CO
2359|Jennifer Brown|555-213-9749|8161 Maple St, Springfield|PE
2360|Jennifer Smith|555-287-2918|726 Lakeview Dr, Springfield|CL
2361|Mary Williams|555-546-1261|5039 Pine St, Riverside|MX
2362|Mary Jones|555-301-7152|4300 Main St, Franklin|CO
2363|Linda Miller|555-987-9473|9623 Lakeview Dr, Franklin|PE
2364|John Williams|555-514-2775|2050 Cedar Rd, Riverside|CL
2365|Linda Johnson|555-888-9525|351 Pine St, Riverside|MX
2366|Patricia Brown|555-489-2805|7961 Cedar Rd, Franklin|CO
2367|Patricia Garcia|555-572-9624|1215 Main St, Franklin|PE
2368|Jennifer Johnson|555-722-7879|9728 Maple St, Madison|CL
2369|Robert Williams|555-971-4032|7250 Maple St, Greenville|MX
2370|Mary Davis|555-180-9874|1851 Lakeview Dr, Madison|CO
2371|Jennifer Smith|555-795-6490|2302 Oak Ave, Springfield|PE
2372|Robert Johnson|555-253-3817|1940 Main St, Springfield|CL
2373|John Jones|555-849-9104|7630 Maple St, Bristol|MX
2374|Mary Brown|555-904-2894|439 Maple St, Franklin|CO
2375|Jennifer Williams|555-899-5165|4931 Oak Ave, Madison|PE
2376|Robert Smith|555-447-8480|3218 Cedar Rd, Bristol|CL
2377|Linda Johnson|555-588-7450|8070 Maple St, Madison|MX
2378|Linda Brown|555-171-2082|1654 Lakeview Dr, Greenville|CO
2379|Mary Garcia|555-636-6706|9313 Cedar Rd, Madison|PE
2380|Patricia Brown|555-702-5759|4076 Oak Ave, Bristol|CL
2381|Robert Miller|555-181-6021|5561 Pine St, Springfield|MX
2382|Jennifer Jones|555-714-6629|8685 Pine St, Franklin|CO
2383|James Johnson|555-394-4980|297 Cedar Rd, Bristol|PE
2384|Patricia Jones|555-832-4614|2322 Maple St, Springfield|CL
2385|Mary Williams|555-621-1022|1165 Oak Ave, Bristol|MX
2386|John Smith|555-853-4229|1419 Oak Ave, Riverside|CO
2387|Robert Smith|555-189-6293|6636 Lakeview Dr, Riverside|PE
2388|Linda Miller|555-712-7454|9738 Cedar Rd, Greenville|CL
2389|Jennifer Miller|555-192-6320|9850 Pine St, Greenville|MX
2390|John Miller|555-784-1173|1170 Oak Ave, Greenville|CO
2391|James Garcia|555-158-3260|4433 Cedar Rd, Springfield|PE
2392|Jennifer Davis|555-216-8847|3945 Lakeview Dr, Greenville|CL
2393|James Davis|555-429-3526|781 Cedar Rd, Franklin|MX
2394|John Jones|555-616-6415|4631 Main St, Madison|CO
2395|Robert Johnson|555-579-9080|2293 Oak Ave, Franklin|PE
2396|Robert Garcia|555-958-6412|9741 Oak Ave, Madison|CL
2397|Michael Brown|555-955-3000|6881 Lakeview Dr, Springfield|MX
2398|Mary Garcia|555-935-3159|7822 Pine St, Bristol|CO
2399|Patricia Brown|555-779-4466|3060 Pine St, Riverside|PE
2400|John Brown|555-670-2818|6079 Lakeview Dr, Madison|CL
2401|Linda Williams|555-694-6937|357 Pine St, Greenville|MX
2402|Jennifer Miller|555-641-2617|678 Lakeview Dr, Springfield|CO
2403|Jennifer Smith|555-431-9578|4865 Maple St, Springfield|PE
2404|James Williams|555-923-5062|8052 Cedar Rd, Madison|CL
2405|Jennifer Garcia|555-768-8861|3585 Oak Ave, Springfield|MX
2406|James Miller|555-512-3240|4205 Maple St, Madison|CO
2407|Patricia Jones|555-339-8098|8527 Maple St, Bristol|PE
2408|John Miller|555-252-3286|3255 Main St, Madison|CL
2409|Patricia Jones|555-704-5996|4125 Maple St, Bristol|MX
2410|Mary Williams|555-657-5690|4842 Oak Ave, Riverside|CO
2411|Mary Davis|555-935-8540|4315 Maple St, Bristol|PE
2412|Mary Jones|555-639-7971|6344 Cedar Rd, Franklin|CL
2413|Mary Jones|555-214-6104|9166 Lakeview Dr, Franklin|MX
2414|John Garcia|555-783-9758|4267 Main St, Riverside|CO
2415|John Miller|555-881-9606|5324 Maple St, Madison|PE
2416|Patricia Johnson|555-473-6757|4838 Oak Ave, Springfield|CL
2417|Mary Miller|555-463-5776|8901 Lakeview Dr, Madison|MX
2418|Jennifer Smith|555-879-5243|5825 Maple St, Greenville|CO
2419|James Garcia|555-637-1217|6051 Maple St, Madison|PE
2420|Michael Davis|555-101-9541|4240 Maple St, Franklin|CL
2421|Patricia Miller|555-842-7119|8583 Lakeview Dr, Bristol|MX
2422|James Brown|555-434-7686|7667 Main St, Springfield|CO
2423|Jennifer Brown|555-929-3162|2432 Maple St, Bristol|PE
2424|Robert Smith|555-987-3475|2464 Main St, Greenville|CL
2425|Mary Brown|555-275-7178|3472 Cedar Rd, Madison|MX
2426|Patricia Williams|555-506-3807|9641 Maple St, Franklin|CO
2427|Robert Brown|555-173-3733|3169 Main St, Greenville|PE
2428|Robert Smith|555-349-8585|3810 Oak Ave, Bristol|CL
2429|Patricia Brown|555-480-6742|803 Maple St, Madison|MX
2430|Robert Williams|555-179-3913|1206 Maple St, Bristol|CO
2431|Linda Williams|555-833-3269|6231 Pine St, Greenville|PE
2432|James Williams|555-805-1037|3477 Maple St, Bristol|CL
2433|Robert Davis|555-390-1490|3584 Cedar Rd, Bristol|MX
2434|John Smith|555-968-8206|9101 Maple St, Franklin|CO
2435|James Garcia|555-573-6948|5789 Lakeview Dr, Madison|PE
2436|Jennifer Williams|555-513-8601|8529 Pine St, Franklin|CL
2437|Linda Johnson|555-589-6906|3171 Pine St, Franklin|MX
2438|Robert Garcia|555-585-5012|5644 Oak Ave, Greenville|CO
2439|Mary Johnson|555-529-7160|9197 Pine St, Madison|PE
2440|Mary Davis|555-375-5742|8994 Pine St, Bristol|CL
2441|Jennifer Smith|555-652-4480|4763 Maple St, Riverside|MX
2442|Mary Williams|555-901-7972|2030 Oak Ave, Greenville|CO
2443|John Davis|555-554-4530|5997 Oak Ave, Franklin|PE
2444|Linda Johnson|555-884-1739|8974 Pine St, Franklin|CL
2445|Robert Johnson|555-469-4332|8308 Maple St, Springfield|MX
2446|Robert Williams|555-215-9139|5237 Pine St, Riverside|CO
2447|Jennifer Jones|555-461-7496|3162 Pine St, Madison|PE
2448|Mary Brown|555-658-3926|9728 Lakeview Dr, Greenville|CL
2449|Patricia Jones|555-146-5748|4529 Main St, Bristol|MX
2450|Michael Williams|555-715-9385|5915 Pine St, Madison|CO
2451|Linda Williams|555-528-4956|2630 Pine St, Madison|PE
2452|Jennifer Miller|555-207-2550|3466 Pine St, Springfield|CL
2453|Michael Davis|555-467-5935|6275 Main St, Bristol|MX
2454|James Williams|555-854-8850|2989 Cedar Rd, Franklin|CO
2455|James Williams|555-127-3627|4882 Maple St, Springfield|PE
2456|James Garcia|555-131-7845|8838 Cedar Rd, Madison|CL
2457|Linda Smith|555-656-5799|5935 Cedar Rd, Greenville|MX
2458|Mary Smith|555-545-4689|7196 Oak Ave, Madison|CO
2459|Linda Jones|555-848-7333|9038 Main St, Madison|PE
2460|Patricia Johnson|555-868-9247|9801 Cedar Rd, Springfield|CL
2461|Jennifer Smith|555-695-7493|3002 Cedar Rd, Franklin|MX
2462|Patricia Miller|555-963-9572|6048 Lakeview Dr, Madison|CO
2463|Linda Jones|555-960-1854|1704 Pine St, Madison|PE
2464|Patricia Miller|555-371-8524|6121 Maple St, Bristol|CL
2465|Robert Johnson|555-684-9282|3017 Maple St, Franklin|MX
2466|Patricia Jones|555-843-3658|5211 Maple St, Franklin|CO
2467|Mary Williams|555-936-4925|5634 Pine St, Springfield|PE
2468|John Miller|555-374-8075|9447 Cedar Rd, Riverside|CL
2469|Michael Davis|555-287-7152|2609 Pine St, Springfield|MX
2470|John Miller|555-679-3406|334 Oak Ave, Madison|CO
2471|Jennifer Garcia|555-724-1742|1895 Cedar Rd, Madison|PE
2472|James Garcia|555-564-6803|2876 Lakeview Dr, Greenville|CL
2473|James Davis|555-835-6552|4663 Lakeview Dr, Greenville|MX
2474|Mary Williams|555-495-5590|4516 Lakeview Dr, Bristol|CO
2475|Mary Jones|555-413-9382|8270 Maple St, Bristol|PE
2476|Patricia Johnson|555-165-1928|351 Cedar Rd, Bristol|CL
2477|Michael Johnson|555-178-2795|4663 Main St, Franklin|MX
2478|Linda Williams|555-997-8053|9128 Maple St, Riverside|CO
2479|Jennifer Johnson|555-224-1249|3696 Maple St, Springfield|PE
2480|Mary Smith|555-547-4835|6578 Main St, Madison|CL
2481|John Smith|555-672-1893|3768 Maple St, Riverside|MX
2482|John Williams|555-296-8608|9058 Oak Ave, Riverside|CO
2483|James Johnson|555-788-9025|6590 Cedar Rd, Springfield|PE
2484|Patricia Garcia|555-336-5771|1576 Maple St, Bristol|CL
2485|John Brown|555-606-9277|3225 Lakeview Dr, Madison|MX
2486|Mary Williams|555-621-3115|6358 Lakeview Dr, Springfield|CO
2487|Michael Smith|555-400-5717|1141 Oak Ave, Springfield|PE
2488|Jennifer Smith|555-792-6981|2588 Maple St, Springfield|CL
2489|Jennifer Garcia|555-504-9768|8688 Cedar Rd, Madison|MX
2490|Mary Williams|555-131-7120|9323 Maple St, Springfield|CO
2491|John Jones|555-325-9073|7859 Oak Ave, Springfield|PE
2492|John Jones|555-542-6375|6913 Maple St, Franklin|CL
2493|James Smith|555-287-9660|2915 Pine St, Springfield|MX
2494|Robert Brown|555-666-6008|7287 Lakeview Dr, Madison|CO
2495|Michael Brown|555-215-4388|1976 Lakeview Dr, Madison|PE
2496|Mary Smith|555-337-3195|8840 Oak Ave, Springfield|CL
2497|Mary Miller|555-141-5280|9497 Main St, Bristol|MX
2498|Linda Miller|555-819-7144|3234 Main St, Springfield|CO
2499|John Jones|555-262-1595|4399 Main St, Springfield|PE
2500|John Miller|555-637-6411|680 Main St, Springfield|CL
2501|Jennifer Jones|555-644-4440|5403 Cedar Rd, Madison|MX
2502|Mary Brown|555-738-9240|2811 Oak Ave, Bristol|CO
2503|Robert Williams|555-190-8397|3803 Oak Ave, Greenville|PE
2504|Jennifer Jones|555-606-1276|9686 Oak Ave, Greenville|CL
2505|Linda Garcia|555-447-8296|7398 Main St, Greenville|MX
2506|Robert Davis|555-358-8229|4978 Cedar Rd, Springfield|CO
2507|Jennifer Johnson|555-263-1962|8839 Oak Ave, Bristol|PE
2508|Michael Smith|555-821-3391|9168 Oak Ave, Franklin|CL
2509|Robert Garcia|555-716-2899|216 Oak Ave, Madison|MX
2510|Jennifer Smith|555-381-6947|7531 Cedar Rd, Springfield|CO
2511|John Garcia|555-301-3349|1183 Oak Ave, Madison|PE
2512|Robert Jones|555-774-6130|7667 Cedar Rd, Bristol|CL
2513|Patricia Miller|555-863-7162|3889 Main St, Bristol|MX
2514|Mary Brown|555-180-7665|1826 Lakeview Dr, Riverside|CO
2515|Mary Jones|555-444-9917|3648 Maple St, Greenville|PE
2516|John Brown|555-471-9985|6575 Main St, Madison|CL
2517|Patricia Garcia|555-893-7341|4610 Lakeview Dr, Springfield|MX
2518|James Garcia|555-771-7164|757 Maple St, Bristol|CO
2519|Linda Davis|555-277-6465|3723 Maple St, Riverside|PE
2520|Mary Garcia|555-235-5784|7212 Lakeview Dr, Madison|CL
2521|Jennifer Smith|555-856-9060|9383 Pine St, Riverside|MX
2522|Mary Brown|555-692-5085|2224 Oak Ave, Franklin|CO
2523|Jennifer Brown|555-595-7984|1384 Maple St, Bristol|PE
2524|Patricia Garcia|555-343-1671|1927 Cedar Rd, Madison|CL
2525|Robert Garcia|555-468-5623|4551 Maple St, Franklin|MX
2526|Patricia Williams|555-750-8488|310 Lakeview Dr, Bristol|CO
2527|Linda Jones|555-953-6208|5654 Main St, Madison|PE
2528|Mary Miller|555-530-2295|5513 Pine St, Madison|CL
2529|James Miller|555-604-1352|7741 Maple St, Bristol|MX
2530|Mary Miller|555-234-3067|624 Lakeview Dr, Greenville|CO
2531|John Brown|555-685-5544|3784 Pine St, Riverside|PE
2532|Robert Brown|555-947-2768|1347 Oak Ave, Greenville|CL
2533|Jennifer Brown|555-205-3455|8128 Oak Ave, Bristol|MX
2534|Patricia Williams|555-911-1073|7283 Oak Ave, Bristol|CO
2535|James Davis|555-657-6591|7754 Lakeview Dr, Bristol|PE
2536|Mary Miller|555-628-9150|4215 Cedar Rd, Riverside|CL
2537|Patricia Miller|555-936-4005|5366 Maple St, Greenville|MX
2538|James Jones|555-763-7176|8287 Oak Ave, Franklin|CO
2539|Linda Davis|555-526-9723|2468 Pine St, Greenville|PE
2540|Patricia Davis|555-170-7759|7238 Oak Ave, Greenville|CL
2541|Mary Smith|555-510-5284|8410 Oak Ave, Madison|MX
2542|Linda Davis|555-838-5143|3966 Cedar Rd, Greenville|CO
2543|John Brown|555-687-1010|1265 Maple St, Springfield|PE
2544|Michael Davis|555-645-4035|3753 Main St, Springfield|CL
2545|Linda Miller|555-708-2275|7120 Lakeview Dr, Bristol|MX
2546|James Garcia|555-476-1442|3335 Oak Ave, Riverside|CO
2547|Michael Johnson|555-389-5832|908 Oak Ave, Bristol|PE
2548|Mary Williams|555-167-3497|8507 Cedar Rd, Madison|CL
2549|Mary Jones|555-479-2213|3298 Maple St, Bristol|MX
2550|Linda Jones|555-106-6242|8481 Cedar Rd, Bristol|CO
2551|John Jones|555-535-1937|5609 Cedar Rd, Madison|PE
2552|John Miller|555-577-9409|2907 Cedar Rd, Riverside|CL
2553|Patricia Brown|555-995-5573|3883 Main St, Riverside|MX
2554|Michael Williams|555-360-1949|5512 Lakeview Dr, Bristol|CO
2555|Linda Davis|555-615-8082|6919 Pine St, Franklin|PE
2556|Jennifer Williams|555-789-9941|3859 Lakeview Dr, Bristol|CL
2557|James Johnson|555-588-1498|3198 Pine St, Bristol|MX
2558|John Brown|555-199-1870|6776 Lakeview Dr, Springfield|CO
2559|Patricia Jones|555-238-5540|3292 Pine St, Franklin|PE
2560|John Davis|555-235-6026|2710 Pine St, Greenville|CL
2561|Patricia Miller|555-838-2905|8436 Oak Ave, Greenville|MX
2562|John Jones|555-517-8482|8370 Maple St, Franklin|CO
2563|James Davis|555-485-6372|7342 Cedar Rd, Riverside|PE
2564|Michael Garcia|555-150-5332|3754 Maple St, Springfield|CL
2565|Jennifer Johnson|555-539-4007|8626 Oak Ave, Riverside|MX
2566|Jennifer Miller|555-321-2240|1852 Pine St, Greenville|CO
2567|Jennifer Miller|555-507-6818|8184 Main St, Franklin|PE
2568|Michael Davis|555-638-4506|5656 Pine St, Franklin|CL
2569|Mary Smith|555-798-8318|3342 Oak Ave, Springfield|MX
2570|Michael Garcia|555-459-2472|4036 Oak Ave, Franklin|CO
2571|Robert Williams|555-318-2294|4461 Oak Ave, Riverside|PE
2572|John Williams|555-481-1543|1259 Pine St, Franklin|CL
2573|Patricia Williams|555-590-2740|2223 Lakeview Dr, Franklin|MX
2574|Jennifer Miller|555-527-1110|4785 Lakeview Dr, Madison|CO
2575|Jennifer Johnson|555-626-3244|517 Lakeview Dr, Franklin|PE
2576|Robert Davis|555-755-1963|516 Oak Ave, Greenville|CL
2577|James Smith|555-115-4902|2568 Lakeview Dr, Riverside|MX
2578|John Brown|555-858-4854|4810 Pine St, Riverside|CO
2579|Robert Brown|555-400-5598|3110 Lakeview Dr, Springfield|PE
2580|Michael Brown|555-121-3369|8425 Oak Ave, Greenville|CL
2581|Patricia Miller|555-989-2452|4038 Pine St, Riverside|MX
2582|Jennifer Miller|555-501-7931|4869 Oak Ave, Franklin|CO
2583|Patricia Jones|555-162-3869|1266 Oak Ave, Franklin|PE
2584|John Davis|555-413-2375|525 Oak Ave, Riverside|CL
2585|Jennifer Johnson|555-216-6869|5336 Maple St, Bristol|MX
2586|Michael Miller|555-949-5328|3793 Lakeview Dr, Bristol|CO
2587|James Jones|555-743-6809|6052 Cedar Rd, Bristol|PE
2588|Patricia Jones|555-515-2632|1925 Cedar Rd, Greenville|CL
2589|Mary Miller|555-794-7938|1607 Cedar Rd, Madison|MX
2590|James Jones|555-682-6982|8566 Lakeview Dr, Greenville|CO
2591|John Miller|555-924-9743|5631 Lakeview Dr, Riverside|PE
2592|Robert Miller|555-695-6312|6587 Main St, Riverside|CL
2593|Robert Miller|555-417-5157|4090 Oak Ave, Franklin|MX
2594|Patricia Garcia|555-850-1182|2574 Maple St, Madison|CO
2595|Mary Davis|555-725-8879|9854 Lakeview Dr, Springfield|PE
2596|Robert Garcia|555-514-5116|5260 Maple St, Springfield|CL
2597|Mary Miller|555-357-4618|8073 Pine St, Riverside|MX
2598|Linda Brown|555-177-9737|7715 Maple St, Bristol|CO
2599|Patricia Williams|555-723-3828|1529 Oak Ave, Madison|PE
2600|Mary Garcia|555-433-3998|7746 Oak Ave, Springfield|CL
2601|Robert Johnson|555-466-6667|3510 Cedar Rd, Bristol|MX
2602|Linda Smith|555-321-9436|6125 Main St, Madison|CO
2603|Linda Davis|555-322-3158|5424 Lakeview Dr, Madison|PE
2604|Robert Davis|555-958-8271|399 Oak Ave, Franklin|CL
2605|Jennifer Williams|555-324-2994|2886 Pine St, Bristol|MX
2606|Patricia Smith|555-680-4850|2969 Pine St, Springfield|CO
2607|Michael Garcia|555-118-3529|3602 Lakeview Dr, Riverside|PE
2608|Jennifer Miller|555-865-2368|2949 Oak Ave, Riverside|CL
2609|Robert Williams|555-704-5161|1485 Main St, Riverside|MX
2610|Mary Johnson|555-286-8860|8490 Lakeview Dr, Greenville|CO
2611|John Brown|555-508-1338|4200 Maple St, Greenville|PE
2612|Patricia Smith|555-728-5304|4315 Cedar Rd, Riverside|CL
2613|Jennifer Jones|555-250-7932|2832 Cedar Rd, Greenville|MX
2614|Jennifer Smith|555-325-2484|6448 Lakeview Dr, Greenville|CO
2615|Jennifer Brown|555-652-1260|9786 Oak Ave, Springfield|PE
2616|Mary Williams|555-188-2274|6333 Oak Ave, Riverside|CL
2617|Patricia Miller|555-404-5504|9291 Oak Ave, Madison|MX
2618|Michael Johnson|555-707-5358|3975 Main St, Bristol|CO
2619|Jennifer Smith|555-689-9102|5924 Pine St, Franklin|PE
2620|Michael Smith|555-369-5083|4950 Main St, Riverside|CL
2621|Mary Williams|555-805-4636|3074 Pine St, Franklin|MX
2622|John Smith|555-186-5179|3974 Pine St, Franklin|CO
2623|Robert Johnson|555-604-6208|295 Maple St, Greenville|PE
2624|John Davis|555-821-9563|2263 Oak Ave, Riverside|CL
2625|Robert Miller|555-796-1221|2793 Cedar Rd, Greenville|MX
2626|Mary Brown|555-902-2641|3355 Main St, Bristol|CO
2627|Robert Smith|555-102-5901|946 Main St, Bristol|PE
2628|John Smith|555-800-5462|980 Lakeview Dr, Bristol|CL
2629|Mary Garcia|555-594-6944|7292 Main St, Greenville|MX
2630|Mary Davis|555-888-1393|7850 Main St, Bristol|CO
2631|James Brown|555-587-9447|2580 Oak Ave, Riverside|PE
2632|Mary Smith|555-412-6130|4192 Cedar Rd, Greenville|CL
2633|John Smith|555-355-9738|5716 Oak Ave, Riverside|MX
2634|John Miller|555-482-8722|905 Pine St, Madison|CO
2635|James Smith|555-875-4126|4747 Maple St, Riverside|PE
2636|James Smith|555-135-8478|1935 Lakeview Dr, Bristol|CL
2637|James Garcia|555-208-4668|109 Maple St, Madison|MX
2638|John Brown|555-801-9849|8903 Main St, Bristol|CO
2639|Robert Williams|555-113-5186|8164 Main St, Greenville|PE
2640|Mary Jones|555-725-3119|9773 Pine St, Franklin|CL
2641|Linda Jones|555-405-2310|6537 Lakeview Dr, Springfield|MX
2642|John Williams|555-177-7594|4752 Lakeview Dr, Bristol|CO
2643|Patricia Miller|555-402-3051|3157 Maple St, Riverside|PE
2644|Michael Williams|555-591-7565|6647 Lakeview Dr, Springfield|CL
2645|Patricia Davis|555-287-3034|8171 Lakeview Dr, Franklin|MX
2646|Patricia Williams|555-946-4936|7176 Lakeview Dr, Greenville|CO
2647|Robert Williams|555-424-9982|9727 Lakeview Dr, Bristol|PE
2648|Michael Miller|555-310-7952|7794 Cedar Rd, Greenville|CL
2649|Patricia Brown|555-114-9832|1247 Oak Ave, Franklin|MX
2650|Jennifer Miller|555-199-7535|1627 Maple St, Springfield|CO
2651|Patricia Williams|555-267-1794|1178 Pine St, Madison|PE
2652|Michael Davis|555-556-3075|2300 Pine St, Springfield|CL
2653|John Jones|555-285-5247|1432 Cedar Rd, Riverside|MX
2654|John Garcia|555-449-5281|9916 Cedar Rd, Greenville|CO
2655|Jennifer Miller|555-632-4405|9033 Main St, Greenville|PE
2656|Linda Brown|555-682-6150|9785 Maple St, Springfield|CL
2657|Michael Smith|555-638-4774|7601 Pine St, Franklin|MX
2658|Robert Brown|555-473-7582|9322 Maple St, Bristol|CO
2659|Robert Williams|555-214-5487|6103 Main St, Madison|PE
2660|James Johnson|555-795-7512|9492 Maple St, Bristol|CL
2661|Robert Garcia|555-345-4435|9213 Oak Ave, Franklin|MX
2662|James Miller|555-632-4164|7354 Cedar Rd, Franklin|CO
2663|John Johnson|555-540-2113|2139 Lakeview Dr, Bristol|PE
2664|Robert Davis|555-375-5760|5028 Cedar Rd, Riverside|CL
2665|Patricia Davis|555-936-9255|6849 Oak Ave, Franklin|MX
2666|Mary Smith|555-902-4652|3745 Maple St, Franklin|CO
2667|John Johnson|555-169-8172|503 Lakeview Dr, Franklin|PE
2668|John Garcia|555-406-9940|6460 Lakeview Dr, Madison|CL
2669|John Smith|555-977-2112|915 Maple St, Franklin|MX
2670|John Johnson|555-167-4179|4529 Lakeview Dr, Bristol|CO
2671|Patricia Williams|555-669-3057|6301 Lakeview Dr, Bristol|PE
2672|James Brown|555-977-9116|1900 Pine St, Riverside|CL
2673|Mary Smith|555-714-3394|8324 Lakeview Dr, Madison|MX
2674|Robert Garcia|555-751-1986|5603 Main St, Bristol|CO
2675|Mary Garcia|555-495-8895|3975 Oak Ave, Greenville|PE
2676|John Garcia|555-921-9316|2624 Lakeview Dr, Madison|CL
2677|Robert Davis|555-535-2514|5790 Maple St, Bristol|MX
2678|Patricia Johnson|555-453-7435|3572 Cedar Rd, Riverside|CO
2679|Patricia Johnson|555-236-9242|7274 Lakeview Dr, Greenville|PE
2680|Jennifer Jones|555-232-5603|5040 Cedar Rd, Springfield|CL
2681|Robert Smith|555-874-8905|4773 Main St, Madison|MX
2682|Mary Davis|555-897-9219|6791 Pine St, Springfield|CO
2683|John Brown|555-528-8139|5657 Lakeview Dr, Franklin|PE
2684|John Jones|555-856-2042|9241 Pine St, Bristol|CL
2685|James Johnson|555-225-5828|3681 Main St, Madison|MX
2686|John Brown|555-418-6829|6291 Cedar Rd, Bristol|CO
2687|Linda Jones|555-860-7596|4626 Lakeview Dr, Franklin|PE
2688|Jennifer Johnson|555-932-4133|3767 Main St, Madison|CL
2689|James Garcia|555-351-8252|2903 Cedar Rd, Greenville|MX
2690|James Jones|555-727-6322|4353 Lakeview Dr, Springfield|CO
2691|Robert Williams|555-518-9649|3087 Cedar Rd, Bristol|PE
2692|Linda Garcia|555-100-9904|4430 Oak Ave, Greenville|CL
2693|Linda Davis|555-289-7607|2082 Cedar Rd, Greenville|MX
2694|Robert Williams|555-131-7440|9676 Lakeview Dr, Madison|CO
2695|James Brown|555-876-4675|6388 Pine St, Bristol|PE
2696|Robert Garcia|555-554-5344|2177 Main St, Madison|CL
2697|Michael Jones|555-278-9797|2311 Pine St, Riverside|MX
2698|James Smith|555-919-3082|6443 Lakeview Dr, Riverside|CO
2699|John Garcia|555-102-1575|6072 Oak Ave, Springfield|PE
2700|Mary Johnson|555-345-8286|7234 Maple St, Riverside|CL
2701|James Garcia|555-804-6487|6216 Main St, Franklin|MX
2702|Mary Brown|555-334-6625|4604 Maple St, Bristol|CO
2703|Robert Johnson|555-932-9115|3758 Cedar Rd, Franklin|PE
2704|Michael Smith|555-711-2534|263 Main St, Franklin|CL
2705|Patricia Miller|555-139-8964|2637 Main St, Bristol|MX
2706|John Williams|555-449-1608|8810 Lakeview Dr, Madison|CO
2707|Michael Davis|555-401-1618|6165 Cedar Rd, Franklin|PE
2708|Jennifer Johnson|555-932-8728|5168 Pine St, Greenville|CL
2709|Michael Davis|555-101-6606|5801 Cedar Rd, Bristol|MX
2710|Jennifer Garcia|555-183-2836|4847 Main St, Madison|CO
2711|Linda Davis|555-969-2604|944 Oak Ave, Franklin|PE
2712|Patricia Miller|555-303-5956|529 Pine St, Greenville|CL
2713|Michael Williams|555-201-1034|3719 Cedar Rd, Riverside|MX
2714|Linda Smith|555-270-9526|971 Main St, Riverside|CO
2715|Patricia Johnson|555-880-5690|1591 Lakeview Dr, Bristol|PE
2716|Michael Williams|555-252-4217|5012 Lakeview Dr, Madison|CL
2717|Patricia Smith|555-655-2874|4678 Maple St, Bristol|MX
2718|Mary Miller|555-457-9961|2068 Main St, Franklin|CO
2719|Linda Garcia|555-802-1547|4245 Cedar Rd, Bristol|PE
2720|Michael Johnson|555-245-2383|6117 Maple St, Riverside|CL
2721|Mary Brown|555-728-9736|3173 Maple St, Franklin|MX
2722|John Brown|555-452-5665|3932 Maple St, Franklin|CO
2723|Jennifer Smith|555-444-1543|1854 Pine St, Bristol|PE
2724|Linda Davis|555-397-7834|4385 Lakeview Dr, Greenville|CL
2725|James Brown|555-238-3554|8450 Lakeview Dr, Riverside|MX
2726|Linda Brown|555-623-4591|8571 Main St, Bristol|CO
2727|Robert Smith|555-512-9989|8462 Main St, Madison|PE
2728|Patricia Garcia|555-560-5202|477 Maple St, Madison|CL
2729|Linda Garcia|555-106-2161|9694 Oak Ave, Springfield|MX
2730|Jennifer Jones|555-737-7300|1576 Main St, Riverside|CO
2731|Linda Brown|555-217-8349|2956 Maple St, Springfield|PE
2732|James Smith|555-878-4884|288 Pine St, Greenville|CL
2733|Linda Williams|555-721-5375|6282 Maple St, Riverside|MX
2734|John Johnson|555-783-4447|7114 Lakeview Dr, Madison|CO
2735|John Johnson|555-494-6037|215 Oak Ave, Springfield|PE
2736|Linda Williams|555-441-4208|3565 Cedar Rd, Riverside|CL
2737|John Johnson|555-657-2310|1802 Cedar Rd, Springfield|MX
2738|John Garcia|555-746-6615|6387 Main St, Madison|CO
2739|James Smith|555-194-6872|1335 Main St, Springfield|PE
2740|James Williams|555-607-8597|9788 Main St, Springfield|CL
2741|Robert Williams|555-493-8428|5414 Pine St, Springfield|MX
2742|Mary Davis|555-511-1904|3398 Main St, Madison|CO
2743|Patricia Jones|555-318-9793|5741 Pine St, Franklin|PE
2744|Mary Williams|555-359-4767|7114 Main St, Franklin|CL
2745|Michael Johnson|555-813-3581|3494 Pine St, Springfield|MX
2746|James Johnson|555-625-1077|5556 Maple St, Bristol|CO
2747|Linda Davis|555-356-9686|4895 Pine St, Springfield|PE
2748|Jennifer Williams|555-962-7893|6986 Cedar Rd, Madison|CL
2749|Patricia Brown|555-795-7531|5905 Main St, Madison|MX
2750|Jennifer Garcia|555-554-7204|9653 Cedar Rd, Bristol|CO
2751|Mary Miller|555-661-4560|2549 Oak Ave, Madison|PE
2752|Jennifer Garcia|555-994-3330|2519 Maple St, Springfield|CL
2753|Michael Garcia|555-196-4417|2596 Lakeview Dr, Riverside|MX
2754|Patricia Smith|555-517-1567|5583 Pine St, Springfield|CO
2755|Patricia Garcia|555-665-7498|1349 Pine St, Franklin|PE
2756|Linda Miller|555-270-5218|4347 Main St, Greenville|CL
2757|James Brown|555-448-2120|124 Cedar Rd, Riverside|MX
2758|Patricia Jones|555-628-4280|5683 Pine St, Greenville|CO
2759|Mary Davis|555-886-9240|5043 Oak Ave, Riverside|PE
2760|James Johnson|555-814-6324|8087 Pine St, Bristol|CL
2761|Jennifer Miller|555-284-8698|3662 Pine St, Madison|MX
2762|Patricia Davis|555-758-4095|6505 Pine St, Riverside|CO
2763|Robert Garcia|555-761-8121|5599 Pine St, Franklin|PE
2764|Michael Garcia|555-707-5927|3391 Maple St, Franklin|CL
2765|Jennifer Garcia|555-133-6902|4728 Cedar Rd, Franklin|MX
2766|Jennifer Jones|555-669-5768|5303 Main St, Springfield|CO
2767|Mary Jones|555-538-6248|166 Main St, Madison|PE
2768|Jennifer Smith|555-753-6328|3832 Lakeview Dr, Madison|CL
2769|Patricia Garcia|555-819-4748|7721 Oak Ave, Greenville|MX
2770|Michael Garcia|555-953-7712|4968 Pine St, Springfield|CO
2771|Michael Jones|555-772-7786|3591 Cedar Rd, Greenville|PE
2772|Patricia Williams|555-607-2360|223 Oak Ave, Franklin|CL
2773|James Williams|555-503-2710|440 Maple St, Franklin|MX
2774|Robert Davis|555-799-3902|2635 Oak Ave, Madison|CO
2775|Linda Brown|555-640-7336|4749 Main St, Franklin|PE
2776|Jennifer Brown|555-260-6191|8434 Oak Ave, Madison|CL
2777|John Davis|555-447-5191|8714 Lakeview Dr, Riverside|MX
2778|Linda Davis|555-589-3626|9642 Pine St, Franklin|CO
2779|Patricia Miller|555-170-5409|399 Lakeview Dr, Madison|PE
2780|Mary Miller|555-578-3186|1889 Pine St, Madison|CL
2781|Robert Miller|555-956-4904|5087 Main St, Riverside|MX
2782|Mary Miller|555-551-6000|9311 Lakeview Dr, Springfield|CO
2783|Mary Smith|555-888-4870|4731 Cedar Rd, Bristol|PE
2784|Patricia Garcia|555-271-8454|7315 Cedar Rd, Springfield|CL
2785|Robert Williams|555-726-9486|2153 Pine St, Springfield|MX
2786|Jennifer Jones|555-438-9956|5385 Pine St, Greenville|CO
2787|Mary Williams|555-277-9970|2049 Maple St, Riverside|PE
2788|Patricia Johnson|555-123-3572|8965 Main St, Greenville|CL
2789|Linda Brown|555-309-8653|4712 Lakeview Dr, Riverside|MX
2790|Jennifer Garcia|555-469-5214|5926 Main St, Franklin|CO
2791|Michael Brown|555-769-4669|352 Oak Ave, Franklin|PE
2792|Patricia Smith|555-531-6226|6001 Lakeview Dr, Madison|CL
2793|Jennifer Davis|555-934-2059|1975 Main St, Franklin|MX
2794|Mary Jones|555-311-2193|2568 Maple St, Riverside|CO
2795|Patricia Johnson|555-433-8436|6010 Pine St, Greenville|PE
2796|James Garcia|555-528-3565|1232 Main St, Bristol|CL
2797|Robert Smith|555-817-9032|3342 Lakeview Dr, Franklin|MX
2798|Linda Jones|555-405-7226|6210 Maple St, Bristol|CO
2799|Michael Garcia|555-686-8831|6873 Main St, Bristol|PE
2800|James Johnson|555-371-8974|9473 Maple St, Springfield|CL
2801|James Johnson|555-953-8890|226 Pine St, Madison|MX
2802|Robert Garcia|555-954-5055|9303 Cedar Rd, Greenville|CO
2803|Linda Brown|555-447-6615|6076 Main St, Bristol|PE
2804|James Johnson|555-194-2048|5415 Oak Ave, Franklin|CL
2805|James Johnson|555-898-7708|2442 Pine St, Greenville|MX
2806|Jennifer Williams|555-935-9631|9802 Oak Ave, Riverside|CO
2807|John Brown|555-336-9490|5204 Main St, Madison|PE
2808|Linda Garcia|555-676-5579|822 Pine St, Riverside|CL
2809|Michael Jones|555-505-6894|5670 Oak Ave, Greenville|MX
2810|Linda Garcia|555-958-5069|7338 Maple St, Madison|CO
2811|Mary Johnson|555-915-4625|7375 Cedar Rd, Springfield|PE
2812|Mary Davis|555-203-4713|1621 Maple St, Madison|CL
2813|James Brown|555-391-3518|4769 Main St, Riverside|MX
2814|Linda Williams|555-915-8269|9348 Oak Ave, Bristol|CO
2815|Jennifer Williams|555-128-2385|3889 Main St, Franklin|PE
2816|Linda Davis|555-922-3414|5166 Pine St, Madison|CL
2817|John Jones|555-503-8466|7929 Main St, Bristol|MX
2818|Mary Williams|555-610-1591|3376 Main St, Bristol|CO
2819|John Garcia|555-925-9851|6986 Lakeview Dr, Riverside|PE
2820|Patricia Garcia|555-638-8445|1666 Pine St, Franklin|CL
2821|Mary Jones|555-427-8466|1114 Main St, Springfield|MX
2822|Jennifer Smith|555-804-3417|265 Oak Ave, Franklin|CO
2823|Linda Brown|555-859-3136|7301 Lakeview Dr, Bristol|PE
2824|Jennifer Jones|555-684-7487|6359 Pine St, Greenville|CL
2825|Jennifer Johnson|555-991-1401|8612 Maple St, Franklin|MX
2826|John Garcia|555-198-5585|1380 Main St, Greenville|CO
2827|Linda Jones|555-246-7170|8682 Lakeview Dr, Bristol|PE
2828|Linda Brown|555-757-4985|4545 Lakeview Dr, Springfield|CL
2829|Jennifer Davis|555-564-4619|4920 Lakeview Dr, Greenville|MX
2830|John Brown|555-354-6468|2404 Pine St, Riverside|CO
2831|Mary Miller|555-110-3266|4446 Lakeview Dr, Greenville|PE
2832|Mary Miller|555-671-5596|7009 Oak Ave, Bristol|CL
2833|Linda Davis|555-665-5328|6247 Lakeview Dr, Springfield|MX
2834|Jennifer Jones|555-561-7461|9651 Oak Ave, Riverside|CO
2835|Patricia Jones|555-505-4431|9935 Cedar Rd, Greenville|PE
2836|Mary Johnson|555-925-5043|6871 Maple St, Franklin|CL
2837|Michael Garcia|555-887-1675|1039 Cedar Rd, Riverside|MX
2838|Robert Davis|555-869-9092|9480 Oak Ave, Riverside|CO
2839|James Jones|555-393-9377|2430 Cedar Rd, Riverside|PE
2840|Mary Miller|555-334-9026|6147 Cedar Rd, Franklin|CL
2841|Mary Miller|555-637-7460|4396 Main St, Madison|MX
2842|Linda Miller|555-445-8496|9457 Maple St, Franklin|CO
2843|John Jones|555-193-3320|9455 Maple St, Greenville|PE
2844|Jennifer Brown|555-160-9577|9953 Main St, Madison|CL
2845|Mary Johnson|555-139-5741|1338 Maple St, Greenville|MX
2846|Linda Brown|555-521-5890|1210 Oak Ave, Franklin|CO
2847|Robert Garcia|555-613-7300|3993 Lakeview Dr, Bristol|PE
2848|Jennifer Miller|555-516-9275|6665 Oak Ave, Franklin|CL
2849|James Williams|555-147-4309|5977 Lakeview Dr, Bristol|MX
2850|Linda Miller|555-526-7906|7719 Cedar Rd, Greenville|CO
2851|Robert Smith|555-123-1603|5796 Maple St, Riverside|PE
2852|John Garcia|555-502-1913|4131 Lakeview Dr, Madison|CL
2853|Patricia Jones|555-883-3843|8312 Pine St, Springfield|MX
2854|Linda Williams|555-547-3960|7225 Lakeview Dr, Riverside|CO
2855|Michael Davis|555-861-7324|375 Main St, Madison|PE
2856|Mary Davis|555-646-5424|2198 Maple St, Bristol|CL
2857|Michael Davis|555-558-8222|4386 Lakeview Dr, Riverside|MX
2858|Jennifer Williams|555-825-8571|8576 Pine St, Bristol|CO
2859|Robert Johnson|555-906-1092|4626 Lakeview Dr, Franklin|PE
2860|Robert Davis|555-588-1808|7146 Oak Ave, Franklin|CL
2861|Robert Miller|555-347-2081|2123 Lakeview Dr, Franklin|MX
2862|Michael Smith|555-201-5297|4519 Pine St, Madison|CO
2863|James Smith|555-301-2901|9746 Lakeview Dr, Madison|PE
2864|Linda Miller|555-213-9069|7342 Cedar Rd, Bristol|CL
2865|Mary Davis|555-249-5311|2771 Cedar Rd, Bristol|MX
2866|Michael Jones|555-273-4070|2438 Lakeview Dr, Franklin|CO
2867|Robert Miller|555-331-2555|7237 Cedar Rd, Greenville|PE
2868|John Smith|555-110-7558|4104 Lakeview Dr, Madison|CL
2869|Linda Brown|555-690-5029|8942 Main St, Franklin|MX
2870|John Garcia|555-840-4969|4799 Cedar Rd, Madison|CO
2871|John Williams|555-367-5995|9488 Lakeview Dr, Riverside|PE
2872|Mary Williams|555-359-1087|1206 Oak Ave, Springfield|CL
2873|James Williams|555-877-7627|1860 Maple St, Springfield|MX
2874|Patricia Johnson|555-394-7580|5521 Lakeview Dr, Springfield|CO
2875|John Brown|555-662-6831|1672 Cedar Rd, Springfield|PE
2876|Robert Garcia|555-351-9723|6647 Oak Ave, Springfield|CL
2877|Jennifer Johnson|555-385-9015|5672 Main St, Madison|MX
2878|Robert Brown|555-843-9269|1713 Main St, Madison|CO
2879|John Jones|555-414-9602|8323 Maple St, Springfield|PE
2880|Jennifer Smith|555-499-4208|9430 Pine St, Greenville|CL
2881|Jennifer Garcia|555-387-2319|7413 Main St, Springfield|MX
2882|Jennifer Miller|555-142-5561|6110 Maple St, Franklin|CO
2883|Linda Garcia|555-220-4449|1452 Cedar Rd, Springfield|PE
2884|Jennifer Smith|555-870-7061|7227 Main St, Greenville|CL
2885|Michael Davis|555-613-8950|8267 Lakeview Dr, Greenville|MX
2886|Linda Davis|555-501-3964|1167 Lakeview Dr, Springfield|CO
2887|James Davis|555-939-9234|8739 Oak Ave, Greenville|PE
2888|Linda Garcia|555-972-4094|3165 Pine St, Springfield|CL
2889|Patricia Williams|555-434-4217|2077 Cedar Rd, Springfield|MX
2890|Mary Garcia|555-177-9935|9686 Main St, Madison|CO
2891|Linda Williams|555-498-1433|967 Maple St, Riverside|PE
2892|Mary Jones|555-410-9546|613 Pine St, Riverside|CL
2893|Robert Smith|555-358-1863|1420 Cedar Rd, Springfield|MX
2894|Mary Davis|555-650-9809|3243 Main St, Franklin|CO
2895|Patricia Davis|555-995-2019|9401 Lakeview Dr, Springfield|PE
2896|John Garcia|555-848-5562|9208 Maple St, Madison|CL
2897|James Miller|555-191-6576|571 Cedar Rd, Franklin|MX
2898|Linda Davis|555-707-8542|8238 Pine St, Riverside|CO
2899|James Miller|555-418-2742|2603 Cedar Rd, Franklin|PE
2900|James Williams|555-804-8343|3244 Main St, Franklin|CL
2901|James Jones|555-918-4438|6728 Cedar Rd, Bristol|MX
2902|John Brown|555-522-5551|6288 Lakeview Dr, Springfield|CO
2903|Jennifer Garcia|555-723-3944|1768 Cedar Rd, Springfield|PE
2904|Jennifer Miller|555-159-4039|9475 Lakeview Dr, Riverside|CL
2905|Mary Smith|555-870-7802|6040 Cedar Rd, Franklin|MX
2906|John Davis|555-532-8351|1438 Cedar Rd, Springfield|CO
2907|Jennifer Jones|555-130-1665|8697 Cedar Rd, Greenville|PE
2908|Robert Johnson|555-982-7560|5274 Cedar Rd, Bristol|CL
2909|John Miller|555-354-9419|5130 Main St, Springfield|MX
2910|James Miller|555-130-6398|6626 Cedar Rd, Greenville|CO
2911|Jennifer Johnson|555-813-5788|9177 Pine St, Riverside|PE
2912|Mary Williams|555-887-3486|3360 Cedar Rd, Franklin|CL
2913|Linda Johnson|555-334-8102|7770 Oak Ave, Springfield|MX
2914|Michael Smith|555-423-7587|3782 Maple St, Franklin|CO
2915|Michael Davis|555-492-9796|7338 Main St, Riverside|PE
2916|James Miller|555-547-3688|7108 Lakeview Dr, Madison|CL
2917|Patricia Williams|555-106-2902|877 Pine St, Greenville|MX
2918|John Miller|555-650-9086|6283 Lakeview Dr, Greenville|CO
2919|Robert Williams|555-239-4022|347 Cedar Rd, Springfield|PE
2920|James Davis|555-503-1464|4028 Main St, Riverside|CL
2921|Mary Miller|555-827-6227|6850 Pine St, Madison|MX
2922|John Miller|555-363-8521|6999 Main St, Springfield|CO
2923|Michael Davis|555-103-9692|4257 Oak Ave, Franklin|PE
2924|Mary Johnson|555-967-3587|7752 Pine St, Bristol|CL
2925|James Brown|555-353-2147|8999 Pine St, Springfield|MX
2926|Linda Johnson|555-407-6097|8715 Oak Ave, Madison|CO
2927|Patricia Williams|555-509-3328|387 Oak Ave, Madison|PE
2928|Robert Williams|555-683-2042|3913 Pine St, Madison|CL
2929|Patricia Williams|555-145-8602|8872 Maple St, Bristol|MX
2930|James Jones|555-660-2035|8984 Lakeview Dr, Springfield|CO
2931|Michael Johnson|555-116-8162|2033 Pine St, Riverside|PE
2932|James Davis|555-270-5390|115 Main St, Franklin|CL
2933|John Johnson|555-283-1377|5098 Main St, Greenville|MX
2934|Mary Smith|555-316-3400|6280 Maple St, Springfield|CO
2935|Linda Brown|555-876-3442|4211 Cedar Rd, Bristol|PE
2936|Jennifer Williams|555-891-7378|7067 Oak Ave, Springfield|CL
2937|Linda Johnson|555-729-7651|3502 Pine St, Franklin|MX
2938|Robert Johnson|555-707-3973|2432 Oak Ave, Bristol|CO
2939|John Johnson|555-645-8663|8697 Pine St, Bristol|PE
2940|Michael Williams|555-234-6866|6497 Lakeview Dr, Greenville|CL
2941|Patricia Johnson|555-991-7532|2826 Main St, Springfield|MX
2942|James Davis|555-674-6526|9613 Cedar Rd, Franklin|CO
2943|James Jones|555-860-3576|2324 Lakeview Dr, Springfield|PE
2944|Robert Garcia|555-994-6661|7267 Oak Ave, Bristol|CL
2945|Michael Davis|555-741-1795|5760 Cedar Rd, Greenville|MX
2946|John Garcia|555-245-9421|6968 Pine St, Bristol|CO
2947|Patricia Jones|555-850-8155|2834 Cedar Rd, Springfield|PE
2948|Mary Williams|555-540-3675|9871 Pine St, Greenville|CL
2949|Robert Smith|555-155-8002|5285 Main St, Greenville|MX
2950|James Brown|555-694-9388|1745 Cedar Rd, Springfield|CO
2951|Patricia Garcia|555-336-9992|9097 Cedar Rd, Franklin|PE
2952|Robert Garcia|555-454-2972|3400 Main St, Madison|CL
2953|Linda Garcia|555-887-5589|3951 Lakeview Dr, Bristol|MX
2954|Mary Davis|555-304-9039|8059 Maple St, Franklin|CO
2955|Mary Miller|555-173-8567|1300 Cedar Rd, Springfield|PE
2956|Jennifer Johnson|555-558-8496|7186 Lakeview Dr, Franklin|CL
2957|John Smith|555-134-4544|4111 Oak Ave, Riverside|MX
2958|Michael Johnson|555-495-9314|8142 Maple St, Riverside|CO
2959|Patricia Jones|555-778-5385|6017 Lakeview Dr, Franklin|PE
2960|Jennifer Miller|555-575-5341|8129 Pine St, Franklin|CL
2961|Patricia Brown|555-674-3878|7660 Oak Ave, Greenville|MX
2962|Mary Brown|555-890-3676|6604 Cedar Rd, Madison|CO
2963|Mary Johnson|555-408-8158|9026 Oak Ave, Greenville|PE
2964|Jennifer Miller|555-583-6220|9053 Oak Ave, Riverside|CL
2965|Robert Johnson|555-812-2959|1045 Lakeview Dr, Bristol|MX
2966|Michael Garcia|555-149-1835|193 Cedar Rd, Franklin|CO
2967|Jennifer Smith|555-836-4109|2822 Cedar Rd, Franklin|PE
2968|Linda Brown|555-676-6242|4655 Cedar Rd, Greenville|CL
2969|Robert Smith|555-712-9119|4074 Oak Ave, Greenville|MX
2970|John Brown|555-586-1015|3954 Cedar Rd, Riverside|CO
2971|Patricia Miller|555-390-9326|3280 Lakeview Dr, Springfield|PE
2972|Robert Jones|555-976-7860|9437 Oak Ave, Bristol|CL
2973|Patricia Garcia|555-536-5850|8343 Pine St, Bristol|MX
2974|Linda Brown|555-707-1568|4150 Cedar Rd, Madison|CO
2975|Robert Davis|555-100-1695|5667 Pine St, Riverside|PE
2976|John Davis|555-997-3972|8648 Oak Ave, Bristol|CL
2977|Robert Jones|555-966-6732|6229 Lakeview Dr, Riverside|MX
2978|James Jones|555-526-7854|7249 Oak Ave, Riverside|CO
2979|Mary Smith|555-750-6407|6370 Maple St, Madison|PE
2980|Linda Johnson|555-187-7176|5823 Oak Ave, Franklin|CL
2981|James Jones|555-551-6004|2159 Oak Ave, Greenville|MX
2982|Jennifer Brown|555-625-6395|1972 Main St, Greenville|CO
2983|Michael Brown|555-561-4304|7788 Pine St, Springfield|PE
2984|Jennifer Miller|555-227-1000|1224 Pine St, Riverside|CL
2985|Linda Smith|555-614-4453|8275 Oak Ave, Madison|MX
2986|Mary Brown|555-726-7773|6408 Main St, Springfield|CO
2987|Linda Brown|555-794-6640|8193 Lakeview Dr, Riverside|PE
2988|Linda Davis|555-921-4983|9155 Pine St, Riverside|CL
2989|John Smith|555-144-7049|3855 Main St, Riverside|MX
2990|Michael Jones|555-675-7187|3600 Cedar Rd, Bristol|CO
2991|Jennifer Johnson|555-874-6008|9628 Main St, Springfield|PE
2992|Robert Miller|555-364-3142|1574 Main St, Franklin|CL
2993|James Smith|555-244-7730|1154 Cedar Rd, Bristol|MX
2994|Robert Garcia|555-981-5991|420 Pine St, Greenville|CO
2995|Mary Smith|555-448-4793|3514 Pine St, Franklin|PE
2996|Mary Brown|555-832-6939|9060 Pine St, Riverside|CL
2997|Linda Brown|555-591-8829|589 Cedar Rd, Madison|MX
2998|James Davis|555-833-9950|5760 Maple St, Bristol|CO
2999|Linda Johnson|555-378-4391|344 Lakeview Dr, Bristol|PE
3000|Linda Jones|555-424-9640|2535 Oak Ave, Greenville|CL
3001|Robert Jones|555-730-3925|8196 Cedar Rd, Bristol|MX
3002|Linda Miller|555-600-3124|3889 Maple St, Madison|CO
3003|Jennifer Miller|555-527-8656|1634 Pine St, Springfield|PE
3004|Jennifer Brown|555-369-2887|5571 Cedar Rd, Bristol|CL
3005|John Davis|555-648-7769|5665 Lakeview Dr, Riverside|MX
3006|Jennifer Smith|555-874-4077|5570 Pine St, Riverside|CO
3007|Jennifer Miller|555-204-8423|3692 Pine St, Franklin|PE
3008|John Garcia|555-951-5784|8964 Lakeview Dr, Franklin|CL
3009|Robert Williams|555-950-5877|7286 Oak Ave, Springfield|MX
3010|John Johnson|555-428-6035|367 Oak Ave, Riverside|CO
3011|John Brown|555-503-7776|2126 Pine St, Franklin|PE
3012|Linda Brown|555-853-2649|1360 Oak Ave, Riverside|CL
3013|Jennifer Jones|555-722-3849|6375 Maple St, Riverside|MX
3014|Robert Brown|555-210-4085|2102 Pine St, Bristol|CO
3015|Jennifer Johnson|555-703-8970|3286 Pine St, Bristol|PE
3016|Linda Garcia|555-166-7283|466 Oak Ave, Greenville|CL
3017|Jennifer Brown|555-787-2556|5844 Main St, Bristol|MX
3018|James Smith|555-534-4529|9885 Main St, Madison|CO
3019|Patricia Smith|555-421-5324|881 Lakeview Dr, Springfield|PE
3020|Patricia Davis|555-640-4838|6014 Pine St, Bristol|CL
3021|Linda Jones|555-879-8703|8958 Lakeview Dr, Riverside|MX
3022|Mary Miller|555-441-2384|8402 Main St, Springfield|CO
3023|John Williams|555-262-6554|3457 Lakeview Dr, Greenville|PE
3024|Linda Jones|555-205-3906|4949 Lakeview Dr, Greenville|CL
3025|Mary Garcia|555-962-4191|9221 Main St, Springfield|MX
3026|Linda Davis|555-473-4211|1452 Main St, Springfield|CO
3027|Robert Davis|555-733-8348|1756 Maple St, Greenville|PE
3028|Robert Williams|555-690-7546|9157 Lakeview Dr, Bristol|CL
3029|Mary Miller|555-478-7477|9345 Oak Ave, Greenville|MX
3030|Robert Jones|555-978-7202|9316 Oak Ave, Franklin|CO
3031|Jennifer Garcia|555-121-8739|4229 Pine St, Riverside|PE
3032|Michael Johnson|555-299-8007|7120 Oak Ave, Bristol|CL
3033|Linda Davis|555-501-4188|9641 Main St, Greenville|MX
3034|Mary Brown|555-593-1269|7037 Cedar Rd, Greenville|CO
3035|James Davis|555-901-4370|1455 Maple St, Madison|PE
3036|Michael Miller|555-350-2388|324 Maple St, Franklin|CL
3037|Patricia Miller|555-757-6057|7943 Lakeview Dr, Madison|MX
3038|John Smith|555-111-3567|4804 Maple St, Riverside|CO
3039|Jennifer Williams|555-378-3702|7489 Oak Ave, Riverside|PE
3040|Mary Johnson|555-419-3698|2027 Cedar Rd, Franklin|CL
3041|Linda Garcia|555-836-3353|5985 Pine St, Madison|MX
3042|Robert Garcia|555-904-5680|1842 Oak Ave, Riverside|CO
3043|Michael Brown|555-980-2592|6972 Pine St, Bristol|PE
3044|Michael Miller|555-665-6586|5239 Cedar Rd, Riverside|CL
3045|Linda Brown|555-166-4262|6275 Cedar Rd, Bristol|MX
3046|Linda Davis|555-164-1466|8734 Maple St, Riverside|CO
3047|Robert Williams|555-553-1143|6603 Cedar Rd, Franklin|PE
3048|Robert Garcia|555-261-5752|9404 Main St, Bristol|CL
3049|John Johnson|555-438-2942|901 Pine St, Bristol|MX
3050|Mary Brown|555-504-3379|7624 Oak Ave, Riverside|CO
3051|Mary Garcia|555-129-3538|5257 Cedar Rd, Bristol|PE
3052|James Jones|555-153-8941|6421 Oak Ave, Bristol|CL
3053|Patricia Brown|555-365-5851|8257 Lakeview Dr, Greenville|MX
3054|Linda Williams|555-215-2861|8968 Pine St, Bristol|CO
3055|John Brown|555-647-3876|616 Maple St, Riverside|PE
3056|Patricia Williams|555-489-2457|4714 Lakeview Dr, Bristol|CL
3057|Linda Williams|555-259-3652|721 Maple St, Springfield|MX
3058|Robert Davis|555-530-8638|5473 Cedar Rd, Franklin|CO
3059|Michael Brown|555-108-7909|478 Lakeview Dr, Riverside|PE
3060|Robert Smith|555-786-5562|5208 Cedar Rd, Franklin|CL
3061|Jennifer Miller|555-962-9783|9012 Cedar Rd, Franklin|MX
3062|Michael Jones|555-682-1839|1304 Oak Ave, Madison|CO
3063|Mary Miller|555-811-6051|9183 Cedar Rd, Riverside|PE
3064|Michael Johnson|555-955-7567|3903 Lakeview Dr, Greenville|CL
3065|John Smith|555-126-6076|571 Maple St, Madison|MX
3066|Michael Williams|555-839-1341|2013 Maple St, Riverside|CO
3067|Jennifer Garcia|555-348-1481|3828 Oak Ave, Springfield|PE
3068|Michael Williams|555-138-7521|5381 Main St, Franklin|CL
3069|Robert Miller|555-183-8571|2727 Pine St, Bristol|MX
3070|Robert Jones|555-873-1876|1376 Maple St, Riverside|CO
3071|Michael Brown|555-468-2998|5773 Maple St, Springfield|PE
3072|Mary Smith|555-815-1586|3401 Pine St, Madison|CL
3073|Michael Johnson|555-987-9675|6539 Oak Ave, Springfield|MX
3074|John Johnson|555-343-5993|9469 Cedar Rd, Greenville|CO
3075|Michael Brown|555-584-3271|658 Maple St, Springfield|PE
3076|Robert Smith|555-671-2326|9768 Main St, Bristol|CL
3077|Linda Johnson|555-277-8899|8332 Lakeview Dr, Bristol|MX
3078|Patricia Smith|555-413-9925|3810 Main St, Riverside|CO
3079|John Brown|555-884-8656|8220 Oak Ave, Greenville|PE
3080|Linda Brown|555-171-2504|7286 Pine St, Madison|CL
3081|Patricia Garcia|555-583-3981|9164 Oak Ave, Madison|MX
3082|Linda Brown|555-468-6214|9227 Cedar Rd, Greenville|CO
3083|Robert Smith|555-627-1136|4078 Pine St, Greenville|PE
3084|Michael Davis|555-370-2334|5870 Lakeview Dr, Riverside|CL
3085|Linda Jones|555-170-6509|9890 Cedar Rd, Springfield|MX
3086|Mary Johnson|555-310-7231|1479 Main St, Bristol|CO
3087|James Garcia|555-593-6126|141 Pine St, Madison|PE
3088|Michael Williams|555-906-4844|4380 Lakeview Dr, Madison|CL
3089|Michael Miller|555-211-3143|917 Lakeview Dr, Franklin|MX
3090|John Davis|555-215-5666|8199 Oak Ave, Madison|CO
3091|Mary Miller|555-164-8403|2885 Oak Ave, Madison|PE
3092|Jennifer Davis|555-145-4322|5384 Oak Ave, Riverside|CL
3093|Jennifer Smith|555-826-6370|2465 Pine St, Springfield|MX
3094|Michael Davis|555-611-3122|7768 Maple St, Bristol|CO
3095|Patricia Johnson|555-434-7010|1124 Cedar Rd, Madison|PE
3096|Jennifer Jones|555-667-1528|2247 Pine St, Riverside|CL
3097|Linda Davis|555-302-1723|4654 Maple St, Madison|MX
3098|James Davis|555-706-7990|4420 Pine St, Springfield|CO
3099|Linda Williams|555-345-7446|6151 Maple St, Greenville|PE
3100|Michael Johnson|555-464-6852|2191 Cedar Rd, Greenville|CL
3101|John Garcia|555-401-1514|155 Pine St, Springfield|MX
3102|Michael Johnson|555-311-9400|7055 Oak Ave, Madison|CO
3103|Robert Jones|555-513-5504|9221 Oak Ave, Greenville|PE
3104|James Jones|555-294-2578|1710 Main St, Springfield|CL
3105|James Davis|555-126-2269|9606 Main St, Springfield|MX
3106|James Jones|555-483-2133|9519 Pine St, Riverside|CO
3107|Michael Miller|555-341-5115|3644 Pine St, Springfield|PE
3108|Patricia Williams|555-928-3636|5983 Oak Ave, Bristol|CL
3109|Patricia Jones|555-127-4102|491 Pine St, Riverside|MX
3110|Patricia Davis|555-516-3502|3938 Cedar Rd, Madison|CO
3111|Linda Johnson|555-252-4464|1345 Maple St, Franklin|PE
3112|Patricia Johnson|555-769-5781|3952 Maple St, Bristol|CL
3113|Linda Williams|555-249-5879|318 Oak Ave, Madison|MX
3114|Mary Smith|555-408-9016|9432 Oak Ave, Franklin|CO
3115|Mary Brown|555-339-6846|5366 Maple St, Bristol|PE
3116|Robert Brown|555-781-9644|9964 Main St, Riverside|CL
3117|Patricia Smith|555-629-4461|6106 Lakeview Dr, Greenville|MX
3118|Mary Jones|555-803-2556|3138 Pine St, Madison|CO
3119|James Miller|555-210-9003|3931 Cedar Rd, Bristol|PE
3120|Michael Jones|555-313-2094|353 Oak Ave, Bristol|CL
3121|Linda Jones|555-535-3669|631 Oak Ave, Greenville|MX
3122|James Johnson|555-731-6918|9387 Pine St, Bristol|CO
3123|Linda Johnson|555-387-8980|1148 Main St, Franklin|PE
3124|John Smith|555-394-1939|7617 Cedar Rd, Springfield|CL
3125|Robert Davis|555-230-5309|2838 Maple St, Bristol|MX
3126|Patricia Smith|555-189-8753|2321 Cedar Rd, Madison|CO
3127|John Johnson|555-307-5734|6486 Pine St, Madison|PE
3128|James Davis|555-667-3836|956 Main St, Bristol|CL
3129|John Davis|555-276-9268|3704 Pine St, Greenville|MX
3130|Michael Williams|555-206-3448|8764 Cedar Rd, Madison|CO
3131|Linda Smith|555-912-5827|8014 Pine St, Madison|PE
3132|Linda Miller|555-498-7656|4245 Lakeview Dr, Franklin|CL
3133|Robert Jones|555-883-7020|4756 Cedar Rd, Springfield|MX
3134|Jennifer Davis|555-265-8549|2745 Lakeview Dr, Bristol|CO
3135|Michael Miller|555-113-2068|6636 Pine St, Franklin|PE
3136|Robert Jones|555-900-6353|2483 Pine St, Springfield|CL
3137|Linda Smith|555-877-9508|5663 Main St, Bristol|MX
3138|Robert Jones|555-448-3286|3919 Lakeview Dr, Greenville|CO
3139|Mary Smith|555-281-9690|3426 Pine St, Greenville|PE
3140|Robert Johnson|555-656-6005|7697 Oak Ave, Bristol|CL
3141|Jennifer Brown|555-567-6000|5872 Pine St, Bristol|MX
3142|John Johnson|555-145-1701|7904 Cedar Rd, Madison|CO
3143|Robert Davis|555-718-1290|4129 Lakeview Dr, Bristol|PE
3144|Robert Brown|555-998-9941|2605 Lakeview Dr, Greenville|CL
3145|Mary Jones|555-832-2317|1543 Pine St, Bristol|MX
3146|Patricia Brown|555-503-4426|3730 Lakeview Dr, Springfield|CO
3147|James Williams|555-585-2975|2471 Pine St, Greenville|PE
3148|Patricia Jones|555-810-1562|8847 Oak Ave, Riverside|CL
3149|James Davis|555-796-4828|5778 Lakeview Dr, Greenville|MX
3150|Robert Johnson|555-625-8182|1509 Pine St, Springfield|CO
3151|Jennifer Johnson|555-324-6389|8530 Lakeview Dr, Franklin|PE
3152|Michael Jones|555-544-4377|8441 Lakeview Dr, Bristol|CL
3153|Patricia Garcia|555-784-1609|4478 Maple St, Madison|MX
3154|James Miller|555-625-1930|4634 Pine St, Greenville|CO
3155|John Jones|555-256-1952|449 Maple St, Greenville|PE
3156|Michael Davis|555-189-8659|5715 Pine St, Greenville|CL
3157|Robert Davis|555-605-8966|9255 Lakeview Dr, Bristol|MX
3158|Linda Jones|555-457-3322|8476 Cedar Rd, Greenville|CO
3159|Michael Miller|555-636-6778|1647 Maple St, Springfield|PE
3160|Jennifer Brown|555-461-3632|3929 Lakeview Dr, Springfield|CL
3161|John Williams|555-842-3385|7578 Main St, Madison|MX
3162|John Miller|555-416-4011|4033 Lakeview Dr, Franklin|CO
3163|Patricia Smith|555-595-7208|3359 Cedar Rd, Springfield|PE
3164|Jennifer Jones|555-974-4669|814 Pine St, Greenville|CL
3165|Michael Smith|555-620-7829|2171 Main St, Riverside|MX
3166|Jennifer Garcia|555-402-4054|3948 Main St, Springfield|CO
3167|Patricia Davis|555-822-6894|7687 Lakeview Dr, Madison|PE
3168|John Williams|555-384-4552|276 Maple St, Riverside|CL
3169|Patricia Brown|555-991-5826|8367 Maple St, Riverside|MX
3170|Linda Miller|555-865-4238|6447 Oak Ave, Bristol|CO
3171|Linda Jones|555-998-8344|2183 Main St, Bristol|PE
3172|Linda Brown|555-956-3446|4641 Lakeview Dr, Greenville|CL
3173|Michael Miller|555-936-3082|7410 Cedar Rd, Madison|MX
3174|Patricia Johnson|555-589-8538|4128 Lakeview Dr, Franklin|CO
3175|Patricia Miller|555-285-5841|1094 Pine St, Madison|PE
3176|Robert Smith|555-739-9283|1578 Pine St, Springfield|CL
3177|Patricia Garcia|555-525-8954|4636 Oak Ave, Madison|MX
3178|John Miller|555-848-5496|4635 Oak Ave, Greenville|CO
3179|John Brown|555-560-6997|7451 Lakeview Dr, Riverside|PE
3180|James Williams|555-118-5191|7566 Cedar Rd, Bristol|CL
3181|Jennifer Davis|555-363-3737|100 Maple St, Franklin|MX
3182|Linda Williams|555-427-4292|7686 Cedar Rd, Springfield|CO
3183|John Garcia|555-123-4901|5005 Pine St, Riverside|PE
3184|Linda Brown|555-433-7688|1061 Cedar Rd, Greenville|CL
3185|Mary Davis|555-774-4693|1973 Oak Ave, Bristol|MX
3186|Mary Brown|555-718-5850|2465 Cedar Rd, Franklin|CO
3187|Michael Garcia|555-329-9174|6851 Lakeview Dr, Bristol|PE
3188|Robert Miller|555-265-3846|5709 Oak Ave, Greenville|CL
3189|Jennifer Brown|555-192-7006|7602 Lakeview Dr, Greenville|MX
3190|Michael Williams|555-455-8006|7939 Main St, Springfield|CO
3191|James Brown|555-219-2972|1909 Main St, Greenville|PE
3192|Michael Smith|555-106-5601|5014 Lakeview Dr, Springfield|CL
3193|Linda Johnson|555-124-1768|3571 Pine St, Greenville|MX
3194|Michael Davis|555-195-2756|3143 Lakeview Dr, Madison|CO
3195|Mary Jones|555-105-8424|2499 Pine St, Springfield|PE
3196|Jennifer Davis|555-898-4154|3429 Lakeview Dr, Springfield|CL
3197|Robert Williams|555-454-4647|6652 Pine St, Madison|MX
3198|Linda Davis|555-852-5956|1763 Oak Ave, Bristol|CO
3199|Mary Miller|555-331-9055|9193 Pine St, Madison|PE
3200|Michael Jones|555-656-1882|3495 Pine St, Franklin|CL
3201|Robert Brown|555-903-9469|6599 Oak Ave, Riverside|MX
3202|Robert Garcia|555-736-7083|5536 Oak Ave, Springfield|CO
3203|Robert Brown|555-923-9626|8246 Lakeview Dr, Riverside|PE
3204|Michael Davis|555-956-7164|6885 Lakeview Dr, Madison|CL
3205|Mary Brown|555-552-5061|2885 Pine St, Springfield|MX
3206|Patricia Smith|555-307-1905|2265 Cedar Rd, Franklin|CO
3207|Patricia Williams|555-975-7720|7282 Maple St, Franklin|PE
3208|Michael Jones|555-554-2230|6170 Pine St, Springfield|CL
3209|James Williams|555-717-3842|5380 Pine St, Franklin|MX
3210|Mary Johnson|555-787-8210|675 Cedar Rd, Madison|CO
3211|Mary Garcia|555-546-5047|5224 Pine St, Greenville|PE
3212|Mary Johnson|555-500-9742|5636 Maple St, Franklin|CL
3213|John Garcia|555-353-3838|4926 Lakeview Dr, Greenville|MX
3214|Mary Williams|555-634-3818|7123 Oak Ave, Springfield|CO
3215|Patricia Jones|555-983-6287|8450 Pine St, Franklin|PE
3216|Linda Garcia|555-716-6943|9690 Oak Ave, Bristol|CL
3217|Jennifer Brown|555-178-3125|6673 Oak Ave, Riverside|MX
3218|James Garcia|555-484-6888|4863 Maple St, Greenville|CO
3219|Patricia Smith|555-268-7621|4686 Cedar Rd, Madison|PE
3220|Robert Garcia|555-948-2225|4353 Pine St, Bristol|CL
3221|James Miller|555-476-7693|2213 Cedar Rd, Greenville|MX
3222|Michael Jones|555-837-8959|3481 Pine St, Greenville|CO
3223|Jennifer Miller|555-179-5122|1224 Maple St, Riverside|PE
3224|Robert Williams|555-890-1772|1952 Main St, Riverside|CL
3225|John Garcia|555-502-6907|9919 Oak Ave, Riverside|MX
3226|Michael Jones|555-291-5670|9184 Oak Ave, Bristol|CO
3227|Michael Garcia|555-944-3549|8061 Oak Ave, Springfield|PE
3228|Patricia Garcia|555-803-1511|9073 Pine St, Madison|CL
3229|Robert Jones|555-578-6708|8126 Oak Ave, Riverside|MX
3230|Patricia Jones|555-798-4050|2739 Pine St, Franklin|CO
3231|Jennifer Williams|555-730-1400|433 Cedar Rd, Riverside|PE
3232|Patricia Davis|555-829-7076|6432 Cedar Rd, Franklin|CL
3233|Mary Smith|555-483-5355|5936 Oak Ave, Madison|MX
3234|John Jones|555-666-2641|1163 Lakeview Dr, Greenville|CO
3235|James Garcia|555-576-6193|5546 Main St, Madison|PE
3236|Robert Smith|555-536-7073|912 Lakeview Dr, Bristol|CL
3237|John Johnson|555-373-5006|4302 Cedar Rd, Greenville|MX
3238|Mary Garcia|555-427-6534|6252 Oak Ave, Greenville|CO
3239|Jennifer Johnson|555-219-9895|4490 Pine St, Greenville|PE
3240|Jennifer Johnson|555-764-6908|555 Main St, Madison|CL
3241|Linda Garcia|555-941-4605|9327 Lakeview Dr, Riverside|MX
3242|James Brown|555-628-2517|8407 Cedar Rd, Riverside|CO
3243|Robert Davis|555-301-5743|9769 Lakeview Dr, Bristol|PE
3244|John Davis|555-612-2530|5943 Lakeview Dr, Bristol|CL
3245|Patricia Garcia|555-623-8093|5333 Pine St, Madison|MX
3246|James Brown|555-979-9014|6773 Maple St, Franklin|CO
3247|John Jones|555-571-4979|2929 Pine St, Riverside|PE
3248|Patricia Miller|555-843-4030|2112 Main St, Bristol|CL
3249|Patricia Jones|555-734-3903|7971 Pine St, Greenville|MX
3250|John Miller|555-913-1044|3327 Maple St, Madison|CO
3251|Michael Davis|555-699-3788|9869 Maple St, Springfield|PE
3252|Robert Brown|555-640-8074|181 Cedar Rd, Franklin|CL
3253|Linda Jones|555-749-6800|9512 Lakeview Dr, Bristol|MX
3254|Linda Williams|555-585-8919|6911 Cedar Rd, Franklin|CO
3255|Robert Williams|555-650-2358|6246 Main St, Springfield|PE
3256|Robert Johnson|555-410-6598|3268 Cedar Rd, Madison|CL
3257|Robert Jones|555-412-5263|6244 Cedar Rd, Springfield|MX
3258|Jennifer Smith|555-569-6659|5189 Lakeview Dr, Bristol|CO
3259|Michael Smith|555-111-1193|2776 Cedar Rd, Franklin|PE
3260|Michael Williams|555-131-2193|7104 Oak Ave, Riverside|CL
3261|Jennifer Garcia|555-644-5045|4830 Pine St, Greenville|MX
3262|Linda Williams|555-426-2090|3016 Pine St, Madison|CO
3263|Linda Smith|555-341-6668|2856 Maple St, Bristol|PE
3264|John Williams|555-752-7698|5616 Maple St, Greenville|CL
3265|John Garcia|555-461-1044|3564 Lakeview Dr, Franklin|MX
3266|Patricia Garcia|555-387-2203|456 Lakeview Dr, Franklin|CO
3267|Jennifer Smith|555-879-5682|8525 Oak Ave, Bristol|PE
3268|Jennifer Garcia|555-490-4405|7574 Pine St, Bristol|CL
3269|John Brown|555-774-5978|9960 Cedar Rd, Madison|MX
3270|John Davis|555-341-5704|7677 Pine St, Franklin|CO
3271|John Miller|555-882-8458|6161 Maple St, Springfield|PE
3272|John Smith|555-394-5767|1314 Oak Ave, Franklin|CL
3273|Robert Miller|555-323-2434|8665 Oak Ave, Franklin|MX
3274|Patricia Jones|555-192-9752|6733 Main St, Franklin|CO
3275|Linda Davis|555-169-8076|8160 Oak Ave, Bristol|PE
3276|James Smith|555-847-1102|1990 Pine St, Springfield|CL
3277|John Jones|555-915-8068|7474 Lakeview Dr, Madison|MX
3278|Mary Miller|555-945-6970|4945 Lakeview Dr, Greenville|CO
3279|Patricia Williams|555-183-1836|3506 Oak Ave, Greenville|PE
3280|Robert Brown|555-725-8571|9086 Cedar Rd, Riverside|CL
3281|James Williams|555-273-3528|831 Maple St, Greenville|MX
3282|Michael Miller|555-610-4774|9597 Maple St, Bristol|CO
3283|Michael Williams|555-366-3945|1950 Lakeview Dr, Greenville|PE
3284|Linda Smith|555-300-5084|3958 Main St, Madison|CL
3285|Robert Smith|555-977-2237|5905 Main St, Bristol|MX
3286|James Jones|555-263-3688|7764 Cedar Rd, Springfield|CO
3287|Robert Johnson|555-470-2626|7393 Lakeview Dr, Madison|PE
3288|Linda Miller|555-160-9814|1712 Pine St, Springfield|CL
3289|Michael Jones|555-722-9352|9901 Lakeview Dr, Franklin|MX
3290|James Davis|555-755-2079|6703 Oak Ave, Riverside|CO
3291|Mary Johnson|555-777-6997|9014 Pine St, Springfield|PE
3292|Michael Brown|555-468-2281|3614 Main St, Springfield|CL
3293|Patricia Davis|555-404-8345|6085 Oak Ave, Bristol|MX
3294|Jennifer Smith|555-252-9226|7765 Maple St, Madison|CO
3295|Mary Miller|555-131-6908|4861 Maple St, Franklin|PE
3296|Patricia Williams|555-990-7627|9751 Lakeview Dr, Madison|CL
3297|Robert Jones|555-437-2722|8374 Oak Ave, Madison|MX
3298|Patricia Smith|555-275-4348|6223 Pine St, Franklin|CO
3299|Mary Miller|555-981-4938|9928 Oak Ave, Franklin|PE
3300|John Davis|555-932-8637|6375 Lakeview Dr, Springfield|CL
3301|Linda Johnson|555-503-3962|6116 Maple St, Franklin|MX
3302|Patricia Davis|555-297-2449|1979 Oak Ave, Madison|CO
3303|James Smith|555-990-8262|581 Oak Ave, Riverside|PE
3304|Mary Davis|555-625-1782|7614 Lakeview Dr, Riverside|CL
3305|Jennifer Smith|555-710-4780|6680 Cedar Rd, Bristol|MX
3306|Linda Brown|555-917-7351|4559 Lakeview Dr, Greenville|CO
3307|Linda Williams|555-836-7703|4659 Main St, Franklin|PE
3308|Patricia Jones|555-830-1191|6391 Main St, Franklin|CL
3309|Mary Williams|555-456-5607|6257 Lakeview Dr, Franklin|MX
3310|John Miller|555-470-9662|9571 Oak Ave, Riverside|CO
3311|Patricia Brown|555-848-8072|2122 Main St, Greenville|PE
3312|John Jones|555-808-2850|9312 Cedar Rd, Springfield|CL
3313|James Garcia|555-551-1562|368 Maple St, Greenville|MX
3314|John Johnson|555-895-6186|2092 Oak Ave, Bristol|CO
3315|John Davis|555-507-6777|2797 Lakeview Dr, Franklin|PE
3316|Linda Garcia|555-742-8380|8131 Cedar Rd, Bristol|CL
3317|Patricia Williams|555-375-1469|4900 Lakeview Dr, Madison|MX
3318|Robert Garcia|555-718-5364|8170 Main St, Springfield|CO
3319|Jennifer Smith|555-127-7434|5758 Main St, Riverside|PE
3320|Robert Brown|555-116-4641|187 Lakeview Dr, Bristol|CL
3321|John Garcia|555-868-1693|2855 Cedar Rd, Greenville|MX
3322|John Jones|555-941-4673|3928 Cedar Rd, Franklin|CO
3323|Mary Miller|555-291-3894|180 Main St, Franklin|PE
3324|Michael Garcia|555-676-4948|1979 Pine St, Riverside|CL
3325|Robert Johnson|555-844-1309|8618 Lakeview Dr, Riverside|MX
3326|Linda Brown|555-885-9220|2775 Cedar Rd, Madison|CO
3327|James Smith|555-805-3937|1658 Maple St, Madison|PE
3328|Patricia Garcia|555-941-1421|4376 Maple St, Springfield|CL
3329|Mary Jones|555-202-3410|2840 Lakeview Dr, Greenville|MX
3330|Robert Jones|555-721-5028|4921 Oak Ave, Greenville|CO
3331|Robert Miller|555-113-4913|5240 Pine St, Madison|PE
3332|Linda Garcia|555-597-8207|8748 Oak Ave, Springfield|CL
3333|Mary Smith|555-951-8737|3489 Lakeview Dr, Bristol|MX
3334|Robert Garcia|555-418-2141|2872 Pine St, Madison|CO
3335|Linda Smith|555-568-9980|8876 Lakeview Dr, Bristol|PE
3336|Mary Garcia|555-339-4613|6711 Oak Ave, Greenville|CL
3337|James Williams|555-624-4786|3802 Oak Ave, Springfield|MX
3338|Mary Jones|555-444-3384|4073 Maple St, Madison|CO
3339|Mary Brown|555-210-8737|517 Oak Ave, Madison|PE
3340|Mary Williams|555-346-3838|2368 Pine St, Springfield|CL
3341|Michael Garcia|555-638-4133|9450 Oak Ave, Franklin|MX
3342|Robert Jones|555-819-6239|5129 Main St, Springfield|CO
3343|Mary Jones|555-301-6936|7815 Maple St, Franklin|PE
3344|James Miller|555-587-2998|5812 Maple St, Madison|CL
3345|Michael Johnson|555-367-3468|8427 Main St, Franklin|MX
3346|Linda Johnson|555-112-4014|4456 Pine St, Bristol|CO
3347|Patricia Brown|555-700-9213|8308 Oak Ave, Greenville|PE
3348|Linda Davis|555-917-2492|3290 Lakeview Dr, Riverside|CL
3349|Mary Williams|555-295-3608|2551 Cedar Rd, Madison|MX
3350|John Smith|555-467-9277|2220 Cedar Rd, Franklin|CO
3351|Mary Smith|555-452-1925|2701 Lakeview Dr, Springfield|PE
3352|Jennifer Davis|555-331-4585|3654 Pine St, Bristol|CL
3353|Jennifer Jones|555-165-4764|4404 Cedar Rd, Bristol|MX
3354|Robert Johnson|555-428-1109|586 Oak Ave, Springfield|CO
3355|Patricia Brown|555-378-6224|9497 Maple St, Springfield|PE
3356|Linda Brown|555-840-9262|1446 Pine St, Greenville|CL
3357|Patricia Johnson|555-137-4621|3740 Oak Ave, Springfield|MX
3358|Linda Johnson|555-680-2618|7641 Maple St, Franklin|CO
3359|James Williams|555-988-8303|6250 Oak Ave, Franklin|PE
3360|James Brown|555-397-3170|3977 Main St, Madison|CL
3361|Linda Garcia|555-824-8445|2475 Pine St, Riverside|MX
3362|Patricia Smith|555-904-3040|5689 Main St, Franklin|CO
3363|Robert Miller|555-515-9029|5630 Pine St, Springfield|PE
3364|Robert Miller|555-443-1383|3468 Main St, Bristol|CL
3365|Patricia Williams|555-448-1050|8636 Oak Ave, Franklin|MX
3366|James Brown|555-714-6832|834 Cedar Rd, Greenville|CO
3367|Patricia Miller|555-607-6892|5494 Maple St, Riverside|PE
3368|Robert Garcia|555-611-1190|1191 Maple St, Franklin|CL
3369|Linda Johnson|555-100-4563|2445 Main St, Franklin|MX
3370|Michael Jones|555-291-2707|403 Maple St, Bristol|CO
3371|James Miller|555-276-8599|6737 Oak Ave, Riverside|PE
3372|Robert Garcia|555-568-5858|3380 Maple St, Bristol|CL
3373|Jennifer Smith|555-594-9465|9358 Oak Ave, Riverside|MX
3374|Robert Smith|555-186-5462|5752 Pine St, Franklin|CO
3375|Jennifer Johnson|555-973-8283|5531 Lakeview Dr, Greenville|PE
3376|John Smith|555-174-9830|6449 Pine St, Riverside|CL
3377|Jennifer Garcia|555-812-9335|6945 Main St, Madison|MX
3378|James Miller|555-127-6450|3227 Cedar Rd, Franklin|CO
3379|Robert Jones|555-433-4220|8099 Pine St, Bristol|PE
3380|James Davis|555-689-5159|5808 Lakeview Dr, Riverside|CL
3381|Mary Smith|555-924-5253|9578 Cedar Rd, Bristol|MX
3382|John Johnson|555-212-5912|6570 Pine St, Madison|CO
3383|Robert Johnson|555-678-5069|8200 Lakeview Dr, Madison|PE
3384|Mary Johnson|555-860-3612|268 Pine St, Springfield|CL
3385|John Williams|555-196-9748|2154 Cedar Rd, Riverside|MX
3386|Patricia Davis|555-114-8475|4810 Main St, Bristol|CO
3387|John Johnson|555-331-8222|9521 Pine St, Franklin|PE
3388|Jennifer Brown|555-562-6548|5761 Pine St, Franklin|CL
3389|John Williams|555-110-3840|1682 Main St, Riverside|MX
3390|Patricia Garcia|555-422-2842|7368 Maple St, Madison|CO
3391|Jennifer Garcia|555-367-3307|6329 Main St, Springfield|PE
3392|John Brown|555-876-3999|7486 Oak Ave, Bristol|CL
3393|Jennifer Miller|555-968-9659|7974 Lakeview Dr, Riverside|MX
3394|Jennifer Brown|555-117-6809|4846 Cedar Rd, Madison|CO
3395|Jennifer Jones|555-652-1678|7227 Pine St, Franklin|PE
3396|Linda Brown|555-500-1936|1132 Maple St, Greenville|CL
3397|Mary Williams|555-402-5322|4886 Main St, Bristol|MX
3398|Linda Davis|555-621-7676|8173 Cedar Rd, Bristol|CO
3399|Jennifer Jones|555-901-5923|9552 Cedar Rd, Springfield|PE
3400|Michael Brown|555-663-3172|460 Lakeview Dr, Franklin|CL
3401|Robert Jones|555-366-2543|9929 Pine St, Franklin|MX
3402|Michael Garcia|555-721-7106|1355 Pine St, Franklin|CO
3403|John Miller|555-521-8116|1629 Pine St, Riverside|PE
3404|Jennifer Johnson|555-103-7466|3371 Main St, Madison|CL
3405|Jennifer Johnson|555-528-3274|6440 Lakeview Dr, Franklin|MX
3406|John Davis|555-297-2553|6504 Oak Ave, Springfield|CO
3407|Robert Miller|555-862-4717|7540 Oak Ave, Springfield|PE
3408|Mary Williams|555-454-4620|6455 Lakeview Dr, Franklin|CL
3409|James Miller|555-371-5821|4760 Maple St, Madison|MX
3410|James Brown|555-461-7299|1220 Pine St, Madison|CO
3411|Jennifer Johnson|555-382-8139|5920 Cedar Rd, Greenville|PE
3412|Michael Miller|555-970-1028|3731 Pine St, Springfield|CL
3413|Linda Johnson|555-707-4249|5198 Main St, Riverside|MX
3414|John Jones|555-875-9329|545 Cedar Rd, Riverside|CO
3415|Mary Jones|555-827-6488|1157 Maple St, Greenville|PE
3416|Linda Smith|555-778-5822|3779 Main St, Madison|CL
3417|Michael Davis|555-216-5855|5456 Pine St, Springfield|MX
3418|Mary Williams|555-963-4157|1562 Oak Ave, Madison|CO
3419|Robert Williams|555-801-6521|8747 Main St, Riverside|PE
3420|Linda Jones|555-486-5496|5511 Oak Ave, Springfield|CL
3421|James Brown|555-120-7834|1287 Cedar Rd, Madison|MX
3422|James Miller|555-987-4799|705 Main St, Springfield|CO
3423|Mary Smith|555-584-2481|9669 Oak Ave, Madison|PE
3424|Patricia Miller|555-834-9597|2791 Main St, Franklin|CL
3425|Mary Brown|555-432-2027|6322 Lakeview Dr, Madison|MX
3426|Jennifer Brown|555-503-6907|2281 Lakeview Dr, Bristol|CO
3427|Linda Garcia|555-607-2828|1360 Oak Ave, Springfield|PE
3428|James Johnson|555-914-6635|6173 Pine St, Riverside|CL
3429|Michael Jones|555-450-5528|4557 Main St, Riverside|MX
3430|Robert Johnson|555-910-6949|6921 Main St, Madison|CO
3431|Michael Smith|555-705-5984|1626 Pine St, Springfield|PE
3432|Linda Smith|555-225-5941|3745 Oak Ave, Franklin|CL
3433|Linda Miller|555-692-1014|3713 Maple St, Riverside|MX
3434|John Jones|555-810-9404|177 Maple St, Franklin|CO
3435|Mary Brown|555-106-7031|4840 Cedar Rd, Springfield|PE
3436|Mary Jones|555-388-9390|3102 Main St, Greenville|CL
3437|John Miller|555-599-9494|5598 Main St, Greenville|MX
3438|Jennifer Smith|555-958-9669|4518 Main St, Riverside|CO
3439|Patricia Smith|555-734-4341|5993 Lakeview Dr, Greenville|PE
3440|Mary Davis|555-985-3080|9108 Maple St, Springfield|CL
3441|Jennifer Johnson|555-108-3377|9177 Maple St, Greenville|MX
3442|Patricia Miller|555-759-5513|8059 Maple St, Madison|CO
3443|Mary Williams|555-123-7251|9996 Oak Ave, Riverside|PE
3444|Michael Jones|555-823-3910|4196 Cedar Rd, Greenville|CL
3445|Jennifer Brown|555-643-7563|5379 Main St, Madison|MX
3446|James Davis|555-655-4507|6749 Oak Ave, Bristol|CO
3447|Robert Davis|555-272-7434|1660 Main St, Madison|PE
3448|Patricia Miller|555-124-3538|1371 Main St, Greenville|CL
3449|Jennifer Brown|555-128-2854|1288 Lakeview Dr, Bristol|MX
3450|John Smith|555-665-3900|1124 Main St, Franklin|CO
3451|Patricia Davis|555-476-6552|2067 Lakeview Dr, Springfield|PE
3452|John Miller|555-505-4840|9265 Pine St, Greenville|CL
3453|Michael Davis|555-786-4820|5929 Cedar Rd, Springfield|MX
3454|Linda Johnson|555-927-7228|5471 Cedar Rd, Bristol|CO
3455|James Miller|555-142-8613|7713 Lakeview Dr, Riverside|PE
3456|Michael Johnson|555-363-5773|6542 Oak Ave, Franklin|CL
3457|Michael Brown|555-237-8183|8979 Main St, Greenville|MX
3458|Michael Garcia|555-211-5744|8372 Cedar Rd, Bristol|CO
3459|John Johnson|555-946-1118|1226 Main St, Greenville|PE
3460|Patricia Williams|555-645-6078|1537 Main St, Springfield|CL
3461|Jennifer Smith|555-336-4731|6754 Pine St, Greenville|MX
3462|John Jones|555-627-4018|5497 Pine St, Greenville|CO
3463|Mary Brown|555-299-4880|3465 Oak Ave, Franklin|PE
3464|James Davis|555-660-5057|417 Pine St, Franklin|CL
3465|Michael Miller|555-159-5335|6447 Main St, Franklin|MX
3466|Michael Garcia|555-837-2384|1316 Cedar Rd, Springfield|CO
3467|John Miller|555-939-2916|1140 Cedar Rd, Greenville|PE
3468|Linda Williams|555-172-6248|8502 Cedar Rd, Springfield|CL
3469|Patricia Williams|555-217-3453|5868 Oak Ave, Riverside|MX
3470|John Jones|555-323-4420|8125 Lakeview Dr, Greenville|CO
3471|John Davis|555-834-2007|8818 Cedar Rd, Greenville|PE
3472|Jennifer Brown|555-524-3153|6407 Main St, Franklin|CL
3473|Michael Miller|555-591-3716|1040 Cedar Rd, Bristol|MX
3474|Mary Williams|555-436-1899|7294 Main St, Riverside|CO
3475|John Brown|555-666-1442|601 Maple St, Greenville|PE
3476|John Brown|555-883-5999|2582 Lakeview Dr, Franklin|CL
3477|Mary Smith|555-976-6489|2774 Pine St, Riverside|MX
3478|James Jones|555-108-3761|9207 Cedar Rd, Greenville|CO
3479|Linda Miller|555-491-9370|9195 Maple St, Riverside|PE
3480|Michael Smith|555-217-8608|4481 Main St, Madison|CL
3481|Jennifer Jones|555-143-7346|9061 Cedar Rd, Greenville|MX
3482|John Garcia|555-516-5614|6879 Main St, Madison|CO
3483|Linda Miller|555-337-2320|6810 Cedar Rd, Springfield|PE
3484|Mary Davis|555-457-2642|4556 Cedar Rd, Madison|CL
3485|Mary Jones|555-198-6612|8914 Maple St, Franklin|MX
3486|Jennifer Brown|555-997-8535|3996 Oak Ave, Riverside|CO
3487|Patricia Davis|555-507-5172|1756 Maple St, Riverside|PE
3488|James Miller|555-281-8190|8973 Lakeview Dr, Bristol|CL
3489|Michael Williams|555-390-9580|6046 Cedar Rd, Madison|MX
3490|Linda Brown|555-297-7875|6764 Lakeview Dr, Bristol|CO
3491|Jennifer Brown|555-396-3924|5193 Lakeview Dr, Franklin|PE
3492|Linda Brown|555-409-8024|9171 Pine St, Madison|CL
3493|James Miller|555-181-3297|5125 Pine St, Springfield|MX
3494|Patricia Davis|555-602-9357|5367 Maple St, Franklin|CO
3495|Michael Williams|555-821-6598|2016 Oak Ave, Greenville|PE
3496|John Davis|555-731-4117|9878 Main St, Franklin|CL
3497|Michael Williams|555-858-9135|9415 Pine St, Riverside|MX
3498|James Williams|555-963-3214|6923 Oak Ave, Springfield|CO
3499|Jennifer Smith|555-350-8735|1243 Maple St, Bristol|PE
3500|James Davis|555-645-7923|2103 Oak Ave, Bristol|CL
3501|Jennifer Jones|555-799-3581|5630 Cedar Rd, Riverside|MX
3502|John Miller|555-555-8018|6433 Pine St, Madison|CO
3503|Jennifer Smith|555-727-5680|1724 Maple St, Springfield|PE
3504|Mary Garcia|555-743-2304|6009 Lakeview Dr, Bristol|CL
3505|Michael Jones|555-731-8617|9863 Cedar Rd, Bristol|MX
3506|James Johnson|555-566-6104|9819 Lakeview Dr, Franklin|CO
3507|Robert Johnson|555-952-3862|7377 Oak Ave, Greenville|PE
3508|James Williams|555-108-1987|4693 Oak Ave, Bristol|CL
3509|John Jones|555-142-9058|9176 Lakeview Dr, Bristol|MX
3510|Michael Johnson|555-950-5918|1591 Lakeview Dr, Springfield|CO
3511|John Garcia|555-768-8599|5078 Oak Ave, Greenville|PE
3512|Patricia Jones|555-138-2676|6565 Maple St, Bristol|CL
3513|Linda Brown|555-139-2262|4456 Maple St, Bristol|MX
3514|Jennifer Johnson|555-207-1056|3110 Maple St, Madison|CO
3515|Mary Johnson|555-645-5364|9756 Main St, Riverside|PE
3516|Jennifer Jones|555-302-5965|6836 Pine St, Franklin|CL
3517|Mary Smith|555-474-9169|1367 Maple St, Franklin|MX
3518|John Jones|555-181-5636|4667 Lakeview Dr, Franklin|CO
3519|Mary Williams|555-537-3335|9641 Main St, Greenville|PE
3520|John Jones|555-880-4975|4757 Main St, Madison|CL
3521|Patricia Jones|555-533-6383|9398 Lakeview Dr, Franklin|MX
3522|James Garcia|555-115-6606|224 Cedar Rd, Springfield|CO
3523|Mary Smith|555-784-8213|6820 Maple St, Madison|PE
3524|John Williams|555-461-7550|5949 Lakeview Dr, Greenville|CL
3525|Michael Williams|555-126-7392|5231 Maple St, Riverside|MX
3526|Jennifer Miller|555-106-3163|3501 Maple St, Greenville|CO
3527|John Jones|555-728-2273|7445 Main St, Springfield|PE
3528|Michael Garcia|555-831-2662|6155 Pine St, Riverside|CL
3529|Patricia Miller|555-286-4938|9325 Cedar Rd, Riverside|MX
3530|John Jones|555-160-7576|7495 Pine St, Bristol|CO
3531|James Johnson|555-550-3655|6091 Lakeview Dr, Bristol|PE
3532|James Miller|555-338-8742|4382 Main St, Springfield|CL
3533|Michael Garcia|555-481-2546|3670 Cedar Rd, Madison|MX
3534|Michael Jones|555-208-6266|8705 Oak Ave, Riverside|CO
3535|Mary Smith|555-228-3712|7814 Maple St, Bristol|PE
3536|Mary Brown|555-579-9335|390 Lakeview Dr, Madison|CL
3537|James Miller|555-936-1568|7144 Oak Ave, Bristol|MX
3538|Jennifer Miller|555-760-2272|2129 Cedar Rd, Franklin|CO
3539|John Johnson|555-425-8302|7773 Lakeview Dr, Riverside|PE
3540|Jennifer Brown|555-892-2575|2482 Main St, Springfield|CL
3541|Jennifer Williams|555-524-2702|538 Cedar Rd, Bristol|MX
3542|Robert Williams|555-470-6079|5041 Maple St, Riverside|CO
3543|Jennifer Garcia|555-457-8845|3393 Main St, Springfield|PE
3544|Linda Jones|555-345-6482|2883 Oak Ave, Franklin|CL
3545|John Johnson|555-962-1688|1551 Maple St, Bristol|MX
3546|Robert Williams|555-118-1465|2196 Oak Ave, Greenville|CO
3547|Jennifer Jones|555-745-2035|6525 Lakeview Dr, Madison|PE
3548|Jennifer Brown|555-774-1244|3448 Main St, Riverside|CL
3549|Jennifer Miller|555-183-4370|5744 Lakeview Dr, Riverside|MX
3550|James Jones|555-504-4311|3144 Lakeview Dr, Franklin|CO
3551|Jennifer Garcia|555-909-1622|1927 Oak Ave, Franklin|PE
3552|Robert Garcia|555-656-4573|758 Pine St, Riverside|CL
3553|Michael Johnson|555-151-6975|6022 Pine St, Franklin|MX
3554|James Jones|555-566-3561|2964 Oak Ave, Riverside|CO
3555|Robert Williams|555-163-9677|3939 Lakeview Dr, Springfield|PE
3556|John Jones|555-744-1765|9592 Pine St, Springfield|CL
3557|Patricia Williams|555-779-5913|5407 Cedar Rd, Springfield|MX
3558|Linda Miller|555-112-6838|6772 Cedar Rd, Madison|CO
3559|Linda Williams|555-885-8068|4784 Cedar Rd, Springfield|PE
3560|Patricia Miller|555-996-4064|8072 Cedar Rd, Bristol|CL
3561|Jennifer Williams|555-166-7420|324 Oak Ave, Riverside|MX
3562|Robert Miller|555-193-6290|1061 Oak Ave, Bristol|CO
3563|John Smith|555-299-5912|4667 Lakeview Dr, Bristol|PE
3564|Robert Garcia|555-300-4941|1986 Main St, Springfield|CL
3565|Patricia Garcia|555-926-7022|1709 Maple St, Franklin|MX
3566|Michael Jones|555-587-5543|8228 Lakeview Dr, Springfield|CO
3567|John Smith|555-851-2658|6999 Oak Ave, Bristol|PE
3568|Robert Williams|555-311-1211|7179 Lakeview Dr, Riverside|CL
3569|Robert Jones|555-954-5581|2863 Main St, Bristol|MX
3570|John Smith|555-976-9685|9043 Main St, Springfield|CO
3571|Michael Davis|555-866-6879|679 Cedar Rd, Greenville|PE
3572|James Johnson|555-272-5719|8329 Pine St, Springfield|CL
3573|John Davis|555-292-2560|6309 Pine St, Bristol|MX
3574|Patricia Smith|555-926-8695|9676 Lakeview Dr, Greenville|CO
3575|Jennifer Smith|555-193-3938|8603 Cedar Rd, Franklin|PE
3576|John Jones|555-159-3096|8556 Oak Ave, Riverside|CL
3577|Patricia Johnson|555-508-7927|7265 Lakeview Dr, Greenville|MX
3578|Patricia Jones|555-409-2597|6412 Lakeview Dr, Franklin|CO
3579|Jennifer Williams|555-293-6529|7544 Main St, Bristol|PE
3580|Jennifer Miller|555-677-9906|3371 Maple St, Madison|CL
3581|Linda Jones|555-914-5017|8423 Oak Ave, Bristol|MX
3582|James Smith|555-119-3110|6013 Pine St, Greenville|CO
3583|Jennifer Johnson|555-354-3592|8786 Pine St, Springfield|PE
3584|Michael Davis|555-445-6366|6205 Cedar Rd, Greenville|CL
3585|Jennifer Williams|555-572-7709|1560 Cedar Rd, Madison|MX
3586|Michael Miller|555-105-5576|7529 Oak Ave, Madison|CO
3587|John Miller|555-677-3634|7138 Cedar Rd, Madison|PE
3588|Michael Williams|555-296-1959|1684 Oak Ave, Riverside|CL
3589|John Smith|555-447-4910|558 Lakeview Dr, Greenville|MX
3590|Jennifer Williams|555-511-1196|9995 Lakeview Dr, Riverside|CO
3591|Robert Johnson|555-387-6071|8693 Maple St, Greenville|PE
3592|James Davis|555-300-2650|3358 Oak Ave, Madison|CL
3593|Jennifer Williams|555-237-4675|7008 Lakeview Dr, Madison|MX
3594|Robert Brown|555-511-3571|7145 Cedar Rd, Springfield|CO
3595|Linda Miller|555-723-7253|5594 Cedar Rd, Riverside|PE
3596|John Garcia|555-513-8764|2368 Maple St, Madison|CL
3597|Jennifer Garcia|555-495-8258|7463 Cedar Rd, Greenville|MX
3598|James Johnson|555-110-6539|1284 Pine St, Springfield|CO
3599|Jennifer Garcia|555-226-8249|5670 Pine St, Springfield|PE
3600|Patricia Williams|555-868-8548|4271 Pine St, Bristol|CL
3601|Jennifer Smith|555-984-5496|6753 Oak Ave, Madison|MX
3602|Patricia Jones|555-459-2548|6874 Main St, Bristol|CO
3603|Jennifer Davis|555-594-7461|2979 Lakeview Dr, Greenville|PE
3604|Mary Jones|555-153-7292|4827 Pine St, Springfield|CL
3605|Patricia Miller|555-790-5577|3818 Main St, Greenville|MX
3606|Jennifer Williams|555-809-9950|5146 Cedar Rd, Madison|CO
3607|Linda Smith|555-354-5987|794 Cedar Rd, Bristol|PE
3608|Linda Johnson|555-760-1366|9208 Cedar Rd, Greenville|CL
3609|Linda Smith|555-351-9851|8836 Main St, Riverside|MX
3610|Michael Davis|555-421-7060|4465 Cedar Rd, Bristol|CO
3611|Patricia Brown|555-495-9868|5882 Oak Ave, Greenville|PE
3612|John Davis|555-185-9832|8320 Maple St, Franklin|CL
3613|Patricia Miller|555-759-1273|7419 Cedar Rd, Riverside|MX
3614|Michael Miller|555-696-5242|4619 Pine St, Greenville|CO
3615|Robert Brown|555-554-6832|867 Maple St, Franklin|PE
3616|Mary Williams|555-427-1140|7387 Lakeview Dr, Bristol|CL
3617|Patricia Brown|555-983-9317|787 Oak Ave, Franklin|MX
3618|Michael Johnson|555-513-6928|3105 Cedar Rd, Bristol|CO
3619|James Smith|555-107-2444|4748 Maple St, Madison|PE
3620|Jennifer Garcia|555-507-9964|8279 Lakeview Dr, Franklin|CL
3621|Robert Brown|555-512-2005|1235 Maple St, Bristol|MX
3622|Robert Davis|555-641-6795|2433 Lakeview Dr, Franklin|CO
3623|Robert Johnson|555-760-1534|4255 Cedar Rd, Franklin|PE
3624|Robert Jones|555-967-5257|8626 Maple St, Bristol|CL
3625|Patricia Garcia|555-150-1926|2467 Pine St, Riverside|MX
3626|Mary Smith|555-700-9367|6257 Pine St, Franklin|CO
3627|Jennifer Williams|555-110-6005|5025 Cedar Rd, Franklin|PE
3628|Linda Brown|555-709-9927|9862 Pine St, Riverside|CL
3629|Patricia Garcia|555-743-2805|163 Pine St, Franklin|MX
3630|Patricia Davis|555-586-3969|4791 Main St, Madison|CO
3631|John Johnson|555-403-8612|1756 Main St, Riverside|PE
3632|Michael Johnson|555-684-1486|8758 Lakeview Dr, Madison|CL
3633|Michael Johnson|555-177-6172|9946 Oak Ave, Springfield|MX
3634|Jennifer Miller|555-224-8623|5015 Main St, Madison|CO
3635|John Davis|555-496-3578|7204 Pine St, Springfield|PE
3636|Mary Brown|555-748-6447|1311 Lakeview Dr, Riverside|CL
3637|John Garcia|555-424-8130|1149 Lakeview Dr, Riverside|MX
3638|Robert Garcia|555-704-4793|6717 Oak Ave, Springfield|CO
3639|James Garcia|555-789-4537|9463 Main St, Franklin|PE
3640|Jennifer Davis|555-470-9382|5445 Oak Ave, Springfield|CL
3641|Michael Miller|555-776-5452|2727 Oak Ave, Riverside|MX
3642|Robert Smith|555-809-5434|182 Pine St, Greenville|CO
3643|Mary Brown|555-317-2625|4350 Oak Ave, Riverside|PE
3644|Jennifer Davis|555-893-2511|7715 Lakeview Dr, Springfield|CL
3645|James Garcia|555-861-8376|3490 Cedar Rd, Springfield|MX
3646|Patricia Jones|555-936-8382|5304 Lakeview Dr, Franklin|CO
3647|Robert Smith|555-910-4442|4697 Cedar Rd, Riverside|PE
3648|Linda Smith|555-895-4935|1971 Cedar Rd, Riverside|CL
3649|Mary Jones|555-836-3800|8824 Lakeview Dr, Greenville|MX
3650|Michael Jones|555-467-5959|9584 Main St, Greenville|CO
3651|Mary Garcia|555-829-7521|4545 Maple St, Greenville|PE
3652|Patricia Jones|555-787-5896|6761 Maple St, Greenville|CL
3653|Robert Jones|555-445-7275|8589 Pine St, Franklin|MX
3654|Michael Brown|555-101-2282|2417 Pine St, Madison|CO
3655|Jennifer Johnson|555-642-7381|5305 Maple St, Springfield|PE
3656|Robert Jones|555-419-8479|1903 Cedar Rd, Bristol|CL
3657|James Jones|555-810-6246|9939 Main St, Bristol|MX
3658|Linda Williams|555-728-2270|5506 Maple St, Riverside|CO
3659|Michael Smith|555-642-2359|6146 Lakeview Dr, Springfield|PE
3660|Linda Davis|555-946-6581|4940 Oak Ave, Madison|CL
3661|Jennifer Jones|555-832-7501|383 Maple St, Madison|MX
3662|James Jones|555-607-8761|3347 Pine St, Franklin|CO
3663|Michael Smith|555-351-2201|3263 Maple St, Riverside|PE
3664|Mary Johnson|555-297-1215|5342 Oak Ave, Bristol|CL
3665|Robert Miller|555-215-2958|6314 Lakeview Dr, Madison|MX
3666|Linda Davis|555-352-3313|5471 Pine St, Riverside|CO
3667|Linda Brown|555-663-9222|2582 Main St, Greenville|PE
3668|Robert Jones|555-466-5969|6767 Pine St, Springfield|CL
3669|Mary Brown|555-677-2557|1845 Pine St, Bristol|MX
3670|Jennifer Smith|555-398-9427|1500 Lakeview Dr, Bristol|CO
3671|Jennifer Jones|555-282-3778|8771 Oak Ave, Riverside|PE
3672|Patricia Smith|555-125-6094|3376 Main St, Greenville|CL
3673|Mary Williams|555-896-8255|2479 Lakeview Dr, Greenville|MX
3674|James Williams|555-761-8212|1838 Cedar Rd, Bristol|CO
3675|Mary Johnson|555-401-3536|4426 Pine St, Madison|PE
3676|Linda Jones|555-205-2510|1422 Main St, Franklin|CL
3677|Michael Smith|555-691-3675|9197 Main St, Madison|MX
3678|John Johnson|555-224-5362|8664 Lakeview Dr, Riverside|CO
3679|John Garcia|555-262-7833|6500 Pine St, Springfield|PE
3680|Jennifer Brown|555-121-2623|641 Cedar Rd, Bristol|CL
3681|Jennifer Smith|555-380-3012|5843 Pine St, Greenville|MX
3682|Mary Williams|555-904-9884|3110 Lakeview Dr, Bristol|CO
3683|Mary Williams|555-352-9619|1943 Oak Ave, Greenville|PE
3684|Jennifer Williams|555-834-9454|9686 Cedar Rd, Bristol|CL
3685|Mary Garcia|555-578-2845|1385 Cedar Rd, Springfield|MX
3686|James Brown|555-276-2383|1394 Main St, Franklin|CO
3687|Patricia Davis|555-869-8224|2415 Lakeview Dr, Springfield|PE
3688|Mary Davis|555-394-9386|774 Main St, Franklin|CL
3689|Patricia Williams|555-259-6169|8594 Pine St, Bristol|MX
3690|Jennifer Johnson|555-958-1874|9800 Oak Ave, Riverside|CO
3691|Linda Davis|555-571-8631|9044 Maple St, Franklin|PE
3692|Patricia Johnson|555-147-7693|3672 Lakeview Dr, Franklin|CL
3693|John Jones|555-924-7248|273 Main St, Bristol|MX
3694|Michael Williams|555-122-7183|6084 Maple St, Franklin|CO
3695|Michael Brown|555-424-6669|9312 Maple St, Bristol|PE
3696|Mary Brown|555-506-7046|2551 Maple St, Springfield|CL
3697|Robert Smith|555-375-6209|4102 Lakeview Dr, Springfield|MX
3698|Robert Davis|555-277-5897|8214 Maple St, Madison|CO
3699|Linda Smith|555-687-6422|253 Lakeview Dr, Riverside|PE
3700|Jennifer Davis|555-952-2282|4981 Oak Ave, Riverside|CL
3701|Patricia Brown|555-204-6250|7603 Main St, Bristol|MX
3702|Mary Smith|555-132-6271|2601 Lakeview Dr, Franklin|CO
3703|Jennifer Smith|555-257-7391|307 Main St, Bristol|PE
3704|James Garcia|555-399-1670|3811 Lakeview Dr, Springfield|CL
3705|Patricia Jones|555-290-9935|4450 Oak Ave, Franklin|MX
3706|Linda Jones|555-101-9367|3409 Oak Ave, Franklin|CO
3707|Robert Johnson|555-712-9827|8137 Cedar Rd, Riverside|PE
3708|Linda Davis|555-575-9452|7066 Cedar Rd, Franklin|CL
3709|Linda Williams|555-272-4101|137 Lakeview Dr, Greenville|MX
3710|Jennifer Williams|555-841-5438|9393 Pine St, Bristol|CO
3711|John Davis|555-937-4272|2022 Cedar Rd, Greenville|PE
3712|Patricia Garcia|555-127-1415|682 Cedar Rd, Madison|CL
3713|Patricia Brown|555-627-7643|3885 Main St, Springfield|MX
3714|John Davis|555-215-1694|7946 Cedar Rd, Madison|CO
3715|James Johnson|555-453-8043|8450 Main St, Riverside|PE
3716|Linda Williams|555-462-6820|9673 Pine St, Franklin|CL
3717|John Williams|555-153-1444|247 Lakeview Dr, Bristol|MX
3718|Robert Davis|555-487-4823|5740 Main St, Greenville|CO
3719|James Johnson|555-681-4911|6908 Cedar Rd, Franklin|PE
3720|Patricia Davis|555-504-9882|8601 Cedar Rd, Bristol|CL
3721|Mary Garcia|555-290-2406|4547 Cedar Rd, Bristol|MX
3722|James Garcia|555-429-1881|6679 Main St, Greenville|CO
3723|Patricia Johnson|555-549-7757|8328 Lakeview Dr, Greenville|PE
3724|James Garcia|555-482-7665|3500 Pine St, Greenville|CL
3725|Robert Jones|555-559-6720|8175 Maple St, Franklin|MX
3726|Patricia Johnson|555-548-9092|4780 Pine St, Bristol|CO
3727|Robert Davis|555-519-9823|6677 Cedar Rd, Riverside|PE
3728|Mary Jones|555-627-3106|645 Maple St, Madison|CL
3729|John Brown|555-509-3721|9082 Maple St, Springfield|MX
3730|Robert Davis|555-744-9881|4915 Oak Ave, Bristol|CO
3731|Robert Miller|555-741-8636|6186 Cedar Rd, Riverside|PE
3732|James Miller|555-186-2156|3271 Oak Ave, Madison|CL
3733|Jennifer Smith|555-290-5331|7771 Lakeview Dr, Riverside|MX
3734|Linda Williams|555-481-4703|4232 Maple St, Springfield|CO
3735|John Jones|555-607-9299|808 Cedar Rd, Bristol|PE
3736|Robert Davis|555-481-8937|1521 Pine St, Riverside|CL
3737|Jennifer Miller|555-188-4484|9124 Maple St, Bristol|MX
3738|Patricia Brown|555-787-7036|253 Oak Ave, Bristol|CO
3739|Robert Brown|555-120-3514|7056 Cedar Rd, Madison|PE
3740|Jennifer Smith|555-604-4908|1875 Pine St, Greenville|CL
3741|Robert Johnson|555-218-1784|771 Oak Ave, Springfield|MX
3742|Linda Johnson|555-460-2026|730 Maple St, Riverside|CO
3743|Robert Williams|555-775-3618|5108 Lakeview Dr, Bristol|PE
3744|Mary Brown|555-873-5639|6758 Maple St, Franklin|CL
3745|Jennifer Jones|555-569-9509|7779 Lakeview Dr, Springfield|MX
3746|Michael Brown|555-155-4447|9959 Pine St, Bristol|CO
3747|Robert Brown|555-108-6004|5957 Lakeview Dr, Riverside|PE
3748|James Miller|555-111-9199|9772 Maple St, Franklin|CL
3749|Mary Brown|555-703-8672|2973 Maple St, Greenville|MX
3750|James Garcia|555-689-2880|181 Oak Ave, Greenville|CO
3751|Michael Davis|555-606-6562|8162 Pine St, Bristol|PE
3752|Robert Miller|555-335-6277|3973 Oak Ave, Franklin|CL
3753|Mary Davis|555-996-4241|339 Maple St, Greenville|MX
3754|Robert Garcia|555-781-8904|2335 Maple St, Riverside|CO
3755|Patricia Miller|555-768-1205|4770 Oak Ave, Springfield|PE
3756|James Smith|555-494-1852|6188 Main St, Bristol|CL
3757|Mary Smith|555-973-5048|8271 Oak Ave, Riverside|MX
3758|Mary Johnson|555-582-9103|3318 Main St, Madison|CO
3759|James Brown|555-917-2901|2684 Lakeview Dr, Madison|PE
3760|Mary Johnson|555-954-8678|1819 Oak Ave, Greenville|CL
3761|Jennifer Williams|555-327-3418|5429 Cedar Rd, Madison|MX
3762|Mary Smith|555-183-3486|3408 Pine St, Madison|CO
3763|Linda Williams|555-145-5528|5751 Lakeview Dr, Madison|PE
3764|Robert Jones|555-235-8078|4023 Oak Ave, Riverside|CL
3765|Linda Garcia|555-529-6626|3307 Main St, Franklin|MX
3766|John Brown|555-766-5382|9448 Maple St, Bristol|CO
3767|Mary Brown|555-644-4513|8623 Maple St, Greenville|PE
3768|Michael Miller|555-118-6020|969 Maple St, Springfield|CL
3769|Linda Garcia|555-842-6522|4217 Lakeview Dr, Madison|MX
3770|James Brown|555-382-9083|3026 Maple St, Springfield|CO
3771|Michael Jones|555-620-9781|772 Cedar Rd, Franklin|PE
3772|Linda Jones|555-592-7388|1717 Maple St, Bristol|CL
3773|Mary Miller|555-983-6820|3595 Pine St, Madison|MX
3774|Robert Smith|555-618-2710|6180 Pine St, Bristol|CO
3775|Mary Smith|555-398-7998|8842 Cedar Rd, Bristol|PE
3776|John Johnson|555-642-3246|1515 Lakeview Dr, Greenville|CL
3777|Linda Williams|555-109-7821|7923 Maple St, Greenville|MX
3778|John Johnson|555-334-6957|3669 Lakeview Dr, Riverside|CO
3779|Robert Miller|555-373-2461|3539 Lakeview Dr, Bristol|PE
3780|Robert Jones|555-621-3554|4099 Maple St, Franklin|CL
3781|Mary Davis|555-268-4129|368 Pine St, Madison|MX
3782|James Smith|555-349-3455|4615 Pine St, Greenville|CO
3783|Robert Brown|555-821-9486|1681 Lakeview Dr, Bristol|PE
3784|James Smith|555-495-5667|3883 Cedar Rd, Riverside|CL
3785|Mary Brown|555-476-6729|8170 Pine St, Springfield|MX
3786|Robert Smith|555-392-6553|4004 Oak Ave, Bristol|CO
3787|John Williams|555-803-4285|7743 Main St, Greenville|PE
3788|Michael Johnson|555-973-2531|7531 Pine St, Greenville|CL
3789|John Jones|555-381-3353|1885 Oak Ave, Springfield|MX
3790|John Brown|555-281-3144|9918 Maple St, Riverside|CO
3791|Linda Johnson|555-274-8187|2012 Main St, Greenville|PE
3792|James Brown|555-513-7871|6284 Cedar Rd, Franklin|CL
3793|James Jones|555-818-7273|5921 Lakeview Dr, Greenville|MX
3794|John Johnson|555-227-6516|9983 Maple St, Greenville|CO
3795|Jennifer Jones|555-833-2104|6914 Lakeview Dr, Greenville|PE
3796|Patricia Davis|555-192-7486|4529 Cedar Rd, Greenville|CL
3797|Jennifer Davis|555-636-4395|8163 Main St, Bristol|MX
3798|Mary Williams|555-548-5778|7092 Main St, Madison|CO
3799|Linda Miller|555-203-9317|9391 Main St, Greenville|PE
3800|Patricia Davis|555-583-2951|3746 Oak Ave, Greenville|CL
3801|Linda Smith|555-803-3723|2250 Lakeview Dr, Riverside|MX
3802|Jennifer Garcia|555-289-9171|3583 Maple St, Greenville|CO
3803|Linda Smith|555-920-8444|8398 Main St, Madison|PE
3804|Robert Brown|555-439-1743|199 Cedar Rd, Madison|CL
3805|James Jones|555-316-5594|7012 Oak Ave, Greenville|MX
3806|Jennifer Garcia|555-340-2239|5201 Cedar Rd, Franklin|CO
3807|John Williams|555-439-9676|4982 Maple St, Riverside|PE
3808|Jennifer Miller|555-455-4464|5153 Oak Ave, Franklin|CL
3809|Linda Williams|555-293-4878|1091 Lakeview Dr, Riverside|MX
3810|Michael Jones|555-578-4277|5020 Cedar Rd, Bristol|CO
3811|Jennifer Davis|555-667-9766|1175 Pine St, Riverside|PE
3812|Linda Jones|555-333-5245|8761 Oak Ave, Riverside|CL
3813|Mary Davis|555-966-6566|9838 Maple St, Franklin|MX
3814|Jennifer Jones|555-605-5671|4171 Pine St, Madison|CO
3815|Michael Jones|555-461-3377|1864 Maple St, Franklin|PE
3816|Linda Smith|555-467-2479|6776 Oak Ave, Riverside|CL
3817|Linda Jones|555-898-1630|1292 Cedar Rd, Madison|MX
3818|Mary Brown|555-389-6097|8933 Maple St, Bristol|CO
3819|John Brown|555-783-3560|3298 Cedar Rd, Bristol|PE
3820|Linda Smith|555-702-1214|8221 Oak Ave, Bristol|CL
3821|Patricia Brown|555-499-7596|895 Cedar Rd, Franklin|MX
3822|Robert Brown|555-445-5768|9761 Main St, Greenville|CO
3823|Mary Smith|555-954-9948|6979 Cedar Rd, Springfield|PE
3824|John Davis|555-840-4092|3332 Lakeview Dr, Springfield|CL
3825|Jennifer Davis|555-512-2766|7480 Cedar Rd, Franklin|MX
3826|Mary Williams|555-530-6030|9940 Cedar Rd, Madison|CO
3827|John Garcia|555-569-6659|2747 Main St, Springfield|PE
3828|Michael Smith|555-249-4021|4368 Cedar Rd, Greenville|CL
3829|Mary Williams|555-261-1112|2469 Lakeview Dr, Madison|MX
3830|Linda Brown|555-736-3115|9305 Pine St, Bristol|CO
3831|John Davis|555-454-1705|6066 Pine St, Madison|PE
3832|John Brown|555-534-8980|5992 Cedar Rd, Greenville|CL
3833|James Brown|555-970-2705|9176 Oak Ave, Riverside|MX
3834|Michael Johnson|555-884-5033|6372 Pine St, Franklin|CO
3835|Linda Jones|555-968-4213|2898 Oak Ave, Madison|PE
3836|John Garcia|555-392-2580|4737 Maple St, Madison|CL
3837|Michael Smith|555-645-2971|6133 Oak Ave, Franklin|MX
3838|Robert Jones|555-503-3796|3405 Cedar Rd, Franklin|CO
3839|Michael Johnson|555-977-5173|8621 Main St, Springfield|PE
3840|John Williams|555-805-2113|3435 Cedar Rd, Madison|CL
3841|Jennifer Williams|555-212-6557|1382 Maple St, Franklin|MX
3842|Linda Smith|555-180-2698|4150 Main St, Franklin|CO
3843|John Jones|555-755-4101|935 Oak Ave, Greenville|PE
3844|James Brown|555-991-9028|8088 Lakeview Dr, Madison|CL
3845|Patricia Johnson|555-824-1918|6043 Main St, Springfield|MX
3846|Jennifer Smith|555-585-5501|3788 Lakeview Dr, Springfield|CO
3847|Mary Johnson|555-819-5983|5414 Cedar Rd, Greenville|PE
3848|Linda Jones|555-968-4905|7205 Pine St, Franklin|CL
3849|Patricia Smith|555-352-6663|1497 Main St, Franklin|MX
3850|Mary Jones|555-771-7315|9733 Oak Ave, Bristol|CO
3851|Linda Brown|555-928-2209|9122 Main St, Madison|PE
3852|Patricia Miller|555-890-2282|5420 Maple St, Riverside|CL
3853|Mary Williams|555-138-6547|7445 Pine St, Franklin|MX
3854|Michael Davis|555-169-1170|8108 Pine St, Madison|CO
3855|Michael Brown|555-303-1952|7275 Maple St, Franklin|PE
3856|James Smith|555-401-6454|1570 Main St, Madison|CL
3857|Michael Garcia|555-394-9213|3800 Lakeview Dr, Springfield|MX
3858|Michael Williams|555-881-8489|4972 Pine St, Franklin|CO
3859|James Davis|555-281-6712|5684 Main St, Greenville|PE
3860|Jennifer Davis|555-328-6058|355 Oak Ave, Madison|CL
3861|Mary Jones|555-924-8886|1614 Oak Ave, Riverside|MX
3862|Mary Brown|555-138-5924|5329 Lakeview Dr, Madison|CO
3863|Mary Jones|555-112-8626|8055 Cedar Rd, Greenville|PE
3864|James Jones|555-683-7697|3689 Oak Ave, Riverside|CL
3865|Linda Jones|555-727-2931|1508 Oak Ave, Springfield|MX
3866|John Brown|555-114-8553|5793 Maple St, Bristol|CO
3867|John Johnson|555-499-8397|660 Cedar Rd, Franklin|PE
3868|Michael Johnson|555-644-7636|4694 Oak Ave, Madison|CL
3869|Linda Garcia|555-943-9426|5843 Maple St, Franklin|MX
3870|Patricia Davis|555-392-7343|4716 Pine St, Madison|CO
3871|Michael Williams|555-484-1906|726 Lakeview Dr, Madison|PE
3872|Robert Davis|555-736-6353|8629 Main St, Bristol|CL
3873|John Jones|555-881-1527|2185 Main St, Greenville|MX
3874|Patricia Davis|555-974-2063|5272 Oak Ave, Bristol|CO
3875|Michael Johnson|555-848-7313|7587 Main St, Greenville|PE
3876|Jennifer Brown|555-873-7404|6477 Cedar Rd, Springfield|CL
3877|Robert Jones|555-999-3656|6741 Cedar Rd, Franklin|MX
3878|Patricia Jones|555-288-9940|8602 Cedar Rd, Riverside|CO
3879|Robert Smith|555-776-4064|4639 Maple St, Riverside|PE
3880|Linda Brown|555-821-8797|9219 Pine St, Bristol|CL
3881|John Brown|555-191-4047|7270 Cedar Rd, Riverside|MX
3882|Patricia Smith|555-596-5202|1930 Pine St, Bristol|CO
3883|John Brown|555-464-3994|6903 Oak Ave, Bristol|PE
3884|Jennifer Williams|555-824-8845|4815 Pine St, Franklin|CL
3885|James Jones|555-487-8484|9011 Oak Ave, Springfield|MX
3886|Michael Williams|555-100-9810|5022 Maple St, Springfield|CO
3887|Mary Garcia|555-334-5599|7491 Maple St, Riverside|PE
3888|Michael Garcia|555-897-4489|2676 Cedar Rd, Greenville|CL
3889|Michael Garcia|555-422-3114|5281 Main St, Greenville|MX
3890|Michael Miller|555-316-2269|3121 Main St, Madison|CO
3891|Robert Brown|555-897-6622|6484 Cedar Rd, Madison|PE
3892|Mary Garcia|555-228-1961|6144 Oak Ave, Springfield|CL
3893|Patricia Garcia|555-947-8831|6785 Lakeview Dr, Bristol|MX
3894|Linda Davis|555-291-1395|4245 Main St, Bristol|CO
3895|Jennifer Davis|555-171-7048|1309 Pine St, Madison|PE
3896|Jennifer Jones|555-143-6565|1571 Main St, Franklin|CL
3897|Mary Miller|555-892-2737|4070 Oak Ave, Franklin|MX
3898|James Johnson|555-679-2432|9786 Main St, Franklin|CO
3899|James Brown|555-265-1918|7162 Pine St, Riverside|PE
3900|Jennifer Smith|555-183-3033|9402 Oak Ave, Bristol|CL
3901|Mary Garcia|555-574-7701|3153 Maple St, Franklin|MX
3902|John Jones|555-201-5590|4522 Lakeview Dr, Franklin|CO
3903|James Smith|555-583-6440|1434 Maple St, Bristol|PE
3904|John Garcia|555-278-7188|9446 Main St, Bristol|CL
3905|James Jones|555-561-1041|7488 Cedar Rd, Greenville|MX
3906|Linda Miller|555-126-7761|2801 Cedar Rd, Madison|CO
3907|Robert Garcia|555-764-8085|7575 Pine St, Greenville|PE
3908|Jennifer Johnson|555-588-2327|5986 Lakeview Dr, Greenville|CL
3909|James Smith|555-342-3055|5523 Cedar Rd, Bristol|MX
3910|Patricia Davis|555-664-2749|9604 Lakeview Dr, Madison|CO
3911|Mary Brown|555-178-5031|467 Main St, Greenville|PE
3912|John Jones|555-414-2122|4165 Main St, Franklin|CL
3913|Jennifer Garcia|555-637-6313|8779 Maple St, Springfield|MX
3914|Robert Johnson|555-708-9110|178 Main St, Franklin|CO
3915|Linda Brown|555-776-9090|7238 Main St, Franklin|PE
3916|Patricia Miller|555-772-5806|7233 Maple St, Springfield|CL
3917|Jennifer Brown|555-920-7019|9992 Lakeview Dr, Madison|MX
3918|John Smith|555-362-2296|4540 Cedar Rd, Riverside|CO
3919|James Johnson|555-601-1688|8396 Lakeview Dr, Riverside|PE
3920|Robert Miller|555-491-2108|3423 Maple St, Springfield|CL
3921|Jennifer Davis|555-633-4769|3607 Lakeview Dr, Franklin|MX
3922|John Davis|555-881-3963|8486 Cedar Rd, Springfield|CO
3923|Mary Davis|555-688-6145|1790 Lakeview Dr, Greenville|PE
3924|Robert Jones|555-169-7096|2589 Cedar Rd, Franklin|CL
3925|James Johnson|555-317-4687|902 Lakeview Dr, Greenville|MX
3926|Jennifer Garcia|555-392-6938|9599 Main St, Madison|CO
3927|John Brown|555-155-1074|871 Pine St, Madison|PE
3928|Michael Miller|555-697-5976|1008 Lakeview Dr, Madison|CL
3929|Robert Miller|555-354-3337|7645 Maple St, Springfield|MX
3930|Michael Williams|555-897-4341|1681 Oak Ave, Springfield|CO
3931|Patricia Garcia|555-526-3145|1046 Main St, Franklin|PE
3932|John Garcia|555-770-5873|9715 Maple St, Riverside|CL
3933|Mary Jones|555-262-4997|8588 Maple St, Greenville|MX
3934|James Smith|555-819-2194|5730 Maple St, Madison|CO
3935|Mary Williams|555-425-1525|180 Cedar Rd, Riverside|PE
3936|John Davis|555-248-5275|3206 Pine St, Greenville|CL
3937|John Johnson|555-453-4520|9499 Lakeview Dr, Bristol|MX
3938|Jennifer Smith|555-650-7408|3548 Lakeview Dr, Riverside|CO
3939|James Johnson|555-916-7825|9697 Maple St, Riverside|PE
3940|James Brown|555-401-2592|1809 Lakeview Dr, Franklin|CL
3941|Linda Jones|555-940-8373|5984 Main St, Greenville|MX
3942|Patricia Williams|555-802-4703|2818 Main St, Greenville|CO
3943|John Johnson|555-920-9868|2678 Main St, Franklin|PE
3944|Robert Davis|555-346-2855|3379 Main St, Springfield|CL
3945|Michael Garcia|555-159-8803|7604 Oak Ave, Madison|MX
3946|Michael Davis|555-946-6917|8129 Lakeview Dr, Franklin|CO
3947|Patricia Davis|555-779-3369|1103 Lakeview Dr, Franklin|PE
3948|John Williams|555-421-8588|4926 Oak Ave, Springfield|CL
3949|Jennifer Miller|555-933-5900|795 Cedar Rd, Springfield|MX
3950|Robert Jones|555-498-9034|6619 Cedar Rd, Bristol|CO
3951|John Davis|555-767-8035|2164 Cedar Rd, Riverside|PE
3952|Robert Jones|555-461-2738|1173 Main St, Madison|CL
3953|Robert Johnson|555-894-5738|168 Pine St, Riverside|MX
3954|Jennifer Davis|555-321-4303|5622 Maple St, Franklin|CO
3955|Robert Garcia|555-460-8604|7476 Maple St, Franklin|PE
3956|Jennifer Brown|555-366-8881|6424 Lakeview Dr, Franklin|CL
3957|Patricia Garcia|555-186-9784|2885 Lakeview Dr, Bristol|MX
3958|Jennifer Davis|555-794-9763|1718 Maple St, Greenville|CO
3959|Linda Brown|555-765-1134|7701 Main St, Bristol|PE
3960|Mary Brown|555-703-4612|3128 Lakeview Dr, Springfield|CL
3961|Michael Garcia|555-576-5525|2390 Maple St, Madison|MX
3962|Patricia Smith|555-166-5244|405 Pine St, Bristol|CO
3963|Linda Miller|555-624-4207|9323 Maple St, Bristol|PE
3964|Robert Smith|555-782-2881|2448 Oak Ave, Springfield|CL
3965|Patricia Johnson|555-233-2928|5935 Oak Ave, Bristol|MX
3966|Linda Jones|555-492-7226|8264 Main St, Greenville|CO
3967|James Garcia|555-973-7005|9011 Cedar Rd, Franklin|PE
3968|Robert Smith|555-947-8978|5862 Main St, Bristol|CL
3969|James Johnson|555-183-7647|6248 Maple St, Springfield|MX
3970|Linda Williams|555-620-1475|8111 Cedar Rd, Springfield|CO
3971|Linda Smith|555-828-2434|424 Oak Ave, Madison|PE
3972|James Jones|555-870-9425|3722 Oak Ave, Franklin|CL
3973|John Jones|555-601-9084|5385 Main St, Bristol|MX
3974|Michael Brown|555-638-2902|3812 Main St, Greenville|CO
3975|Patricia Miller|555-576-1996|2445 Cedar Rd, Springfield|PE
3976|John Miller|555-889-3845|8790 Pine St, Springfield|CL
3977|Robert Williams|555-980-1070|280 Pine St, Springfield|MX
3978|James Brown|555-898-7373|6109 Oak Ave, Franklin|CO
3979|James Johnson|555-292-6721|2850 Lakeview Dr, Madison|PE
3980|Mary Davis|555-664-2169|8691 Lakeview Dr, Springfield|CL
3981|Patricia Johnson|555-105-7444|8509 Maple St, Franklin|MX
3982|Jennifer Johnson|555-714-1327|584 Maple St, Madison|CO
3983|James Jones|555-359-1988|5619 Main St, Bristol|PE
3984|Jennifer Davis|555-373-1139|8608 Oak Ave, Franklin|CL
3985|Mary Jones|555-755-2976|3340 Lakeview Dr, Greenville|MX
3986|Linda Miller|555-344-3587|2090 Lakeview Dr, Riverside|CO
3987|Robert Jones|555-516-5734|7623 Maple St, Greenville|PE
3988|Robert Garcia|555-210-6251|1217 Oak Ave, Riverside|CL
3989|Patricia Johnson|555-469-9760|8371 Cedar Rd, Madison|MX
3990|Michael Miller|555-157-5280|9489 Lakeview Dr, Greenville|CO
3991|Robert Jones|555-810-9886|4350 Oak Ave, Madison|PE
3992|Robert Smith|555-279-9849|7702 Main St, Bristol|CL
3993|Linda Jones|555-733-3984|8411 Maple St, Madison|MX
3994|James Smith|555-666-3172|5497 Cedar Rd, Riverside|CO
3995|Robert Brown|555-567-1771|1320 Pine St, Riverside|PE
3996|James Miller|555-739-6063|2851 Cedar Rd, Greenville|CL
3997|Mary Garcia|555-379-9967|532 Lakeview Dr, Madison|MX
3998|Mary Jones|555-879-7713|8256 Oak Ave, Riverside|CO
3999|John Williams|555-848-2337|8377 Maple St, Riverside|PE
4000|Michael Miller|555-955-3635|9774 Cedar Rd, Madison|CL
4001|Michael Miller|555-139-2773|475 Pine St, Bristol|MX
4002|Michael Davis|555-776-7025|3619 Pine St, Riverside|CO
4003|Michael Davis|555-545-4593|9945 Maple St, Greenville|PE
4004|John Williams|555-209-2274|2233 Cedar Rd, Springfield|CL
4005|Michael Davis|555-968-8736|5291 Pine St, Riverside|MX
4006|Robert Brown|555-288-9313|4305 Lakeview Dr, Riverside|CO
4007|Patricia Davis|555-497-5537|1666 Cedar Rd, Springfield|PE
4008|Linda Johnson|555-310-8605|4227 Oak Ave, Madison|CL
4009|James Garcia|555-415-8830|764 Lakeview Dr, Riverside|MX
4010|Michael Jones|555-685-6508|8428 Maple St, Bristol|CO
4011|Mary Smith|555-540-3933|7551 Oak Ave, Franklin|PE
4012|Patricia Smith|555-581-6981|7548 Main St, Madison|CL
4013|Jennifer Williams|555-473-9051|2425 Pine St, Greenville|MX
4014|Robert Williams|555-520-6214|4344 Main St, Riverside|CO
4015|Jennifer Smith|555-266-9708|7166 Maple St, Springfield|PE
4016|Mary Brown|555-755-3656|3731 Main St, Greenville|CL
4017|James Johnson|555-363-3860|7505 Cedar Rd, Riverside|MX
4018|Robert Davis|555-465-6765|1702 Maple St, Madison|CO
4019|Linda Williams|555-952-5499|8830 Pine St, Springfield|PE
4020|Jennifer Smith|555-278-5861|7874 Main St, Madison|CL
4021|Linda Williams|555-625-5792|543 Pine St, Bristol|MX
4022|Mary Johnson|555-825-5381|2748 Cedar Rd, Riverside|CO
4023|James Garcia|555-841-3905|1148 Maple St, Greenville|PE
4024|John Smith|555-756-1428|5875 Maple St, Franklin|CL
4025|Robert Jones|555-709-2855|6538 Maple St, Madison|MX
4026|Linda Jones|555-774-2997|5953 Main St, Springfield|CO
4027|Linda Jones|555-496-6675|8268 Lakeview Dr, Franklin|PE
4028|Patricia Garcia|555-214-4350|2195 Main St, Madison|CL
4029|Robert Davis|555-597-3156|2428 Cedar Rd, Springfield|MX
4030|James Brown|555-961-1021|9140 Oak Ave, Springfield|CO
4031|John Johnson|555-644-8732|1030 Main St, Bristol|PE
4032|James Garcia|555-838-3098|3860 Oak Ave, Madison|CL
4033|Robert Johnson|555-121-1444|3848 Oak Ave, Franklin|MX
4034|Michael Johnson|555-781-9622|8142 Oak Ave, Greenville|CO
4035|Michael Miller|555-229-5126|6508 Maple St, Bristol|PE
4036|Robert Smith|555-109-2415|7966 Maple St, Franklin|CL
4037|James Davis|555-160-7125|193 Maple St, Franklin|MX
4038|James Garcia|555-989-1485|9989 Lakeview Dr, Franklin|CO
4039|Linda Williams|555-195-2222|3090 Oak Ave, Springfield|PE
4040|Jennifer Brown|555-717-9348|499 Pine St, Madison|CL
4041|Mary Brown|555-279-2736|6839 Cedar Rd, Madison|MX
4042|Jennifer Jones|555-121-1977|2428 Oak Ave, Greenville|CO
4043|Jennifer Davis|555-393-5456|7490 Maple St, Greenville|PE
4044|Jennifer Miller|555-649-1677|8686 Main St, Bristol|CL
4045|Jennifer Brown|555-461-2589|2450 Maple St, Springfield|MX
4046|Jennifer Williams|555-842-1235|329 Oak Ave, Riverside|CO
4047|Linda Miller|555-562-5213|1948 Lakeview Dr, Riverside|PE
4048|Michael Brown|555-453-7973|151 Oak Ave, Madison|CL
4049|Michael Brown|555-831-7055|5393 Pine St, Madison|MX
4050|Mary Garcia|555-403-6986|8159 Lakeview Dr, Bristol|CO
4051|Robert Johnson|555-476-6043|6471 Oak Ave, Bristol|PE
4052|Patricia Davis|555-748-2156|3643 Main St, Greenville|CL
4053|Patricia Johnson|555-942-3611|6784 Pine St, Riverside|MX
4054|Michael Garcia|555-934-6338|8829 Maple St, Franklin|CO
4055|Linda Garcia|555-683-1636|9704 Oak Ave, Madison|PE
4056|Patricia Jones|555-906-2883|4402 Lakeview Dr, Madison|CL
4057|Patricia Garcia|555-934-9294|5561 Cedar Rd, Greenville|MX
4058|Jennifer Miller|555-522-9422|2262 Maple St, Springfield|CO
4059|John Brown|555-510-4480|2670 Cedar Rd, Madison|PE
4060|Robert Miller|555-759-2748|5561 Lakeview Dr, Madison|CL
4061|Michael Davis|555-798-1787|5901 Pine St, Bristol|MX
4062|Linda Garcia|555-625-3835|3291 Maple St, Madison|CO
4063|James Davis|555-784-3486|8263 Main St, Greenville|PE
4064|Patricia Johnson|555-616-1320|1277 Oak Ave, Bristol|CL
4065|Mary Miller|555-527-4269|8435 Main St, Springfield|MX
4066|Mary Miller|555-184-8263|8163 Oak Ave, Springfield|CO
4067|Robert Garcia|555-439-8743|5502 Lakeview Dr, Franklin|PE
4068|Linda Garcia|555-126-5943|6290 Cedar Rd, Greenville|CL
4069|Patricia Smith|555-583-2993|4462 Lakeview Dr, Greenville|MX
4070|Robert Brown|555-983-9322|2005 Lakeview Dr, Franklin|CO
4071|Michael Davis|555-348-9652|7800 Lakeview Dr, Riverside|PE
4072|James Davis|555-661-2177|7979 Lakeview Dr, Franklin|CL
4073|Michael Smith|555-856-3856|9320 Main St, Bristol|MX
4074|Linda Miller|555-642-7824|1614 Lakeview Dr, Springfield|CO
4075|Robert Miller|555-399-4990|8674 Cedar Rd, Springfield|PE
4076|Mary Garcia|555-465-6147|5966 Pine St, Franklin|CL
4077|Jennifer Johnson|555-703-5197|5586 Cedar Rd, Bristol|MX
4078|Patricia Davis|555-867-2031|7892 Cedar Rd, Franklin|CO
4079|John Smith|555-550-1791|4673 Main St, Madison|PE
4080|James Johnson|555-997-9743|1246 Cedar Rd, Riverside|CL
4081|Mary Smith|555-502-9881|1762 Pine St, Springfield|MX
4082|Mary Davis|555-425-7526|991 Lakeview Dr, Springfield|CO
4083|John Brown|555-727-2489|432 Main St, Riverside|PE
4084|Mary Williams|555-660-6753|4447 Pine St, Springfield|CL
4085|Mary Johnson|555-961-8995|2602 Oak Ave, Riverside|MX
4086|Robert Jones|555-564-5311|471 Pine St, Greenville|CO
4087|James Miller|555-241-1261|1527 Main St, Riverside|PE
4088|Michael Miller|555-587-6098|1561 Cedar Rd, Bristol|CL
4089|James Miller|555-235-3585|3146 Main St, Franklin|MX
4090|Patricia Brown|555-399-6264|2006 Oak Ave, Springfield|CO
4091|James Johnson|555-226-3898|572 Pine St, Bristol|PE
4092|Jennifer Miller|555-148-7483|3158 Lakeview Dr, Springfield|CL
4093|Patricia Johnson|555-111-2121|6848 Cedar Rd, Franklin|MX
4094|James Williams|555-764-1928|7900 Oak Ave, Greenville|CO
4095|Jennifer Davis|555-827-3101|3531 Oak Ave, Greenville|PE
4096|Michael Garcia|555-936-3789|6982 Oak Ave, Franklin|CL
4097|Linda Williams|555-199-8101|2713 Maple St, Madison|MX
4098|Jennifer Johnson|555-138-7345|9560 Lakeview Dr, Bristol|CO
4099|Linda Jones|555-279-7951|4984 Cedar Rd, Bristol|PE
4100|Linda Smith|555-412-7404|4679 Main St, Springfield|CL
4101|Michael Williams|555-707-3459|8382 Main St, Madison|MX
4102|Michael Garcia|555-899-9458|7688 Maple St, Madison|CO
4103|Michael Johnson|555-259-7963|9589 Pine St, Franklin|PE
4104|Linda Miller|555-251-5847|623 Cedar Rd, Riverside|CL
4105|Patricia Miller|555-715-9160|8829 Pine St, Franklin|MX
4106|Linda Miller|555-612-1979|3101 Main St, Madison|CO
4107|Mary Williams|555-559-8257|7370 Pine St, Bristol|PE
4108|John Davis|555-155-7624|5181 Lakeview Dr, Bristol|CL
4109|Michael Jones|555-132-8677|4255 Oak Ave, Franklin|MX
4110|Jennifer Williams|555-839-2296|5168 Oak Ave, Riverside|CO
4111|Jennifer Davis|555-318-4790|1535 Main St, Riverside|PE
4112|Linda Miller|555-197-1238|4546 Cedar Rd, Riverside|CL
4113|Robert Smith|555-571-4066|1626 Main St, Madison|MX
4114|Linda Johnson|555-779-1992|9593 Cedar Rd, Greenville|CO
4115|Linda Davis|555-508-7154|7494 Main St, Riverside|PE
4116|John Davis|555-616-9883|8254 Lakeview Dr, Greenville|CL
4117|Mary Garcia|555-806-4688|8254 Lakeview Dr, Riverside|MX
4118|Mary Davis|555-837-3820|6489 Main St, Bristol|CO
4119|Michael Williams|555-215-5927|4494 Pine St, Franklin|PE
4120|Robert Garcia|555-952-2906|1919 Lakeview Dr, Franklin|CL
4121|Robert Williams|555-948-6583|2764 Pine St, Madison|MX
4122|Mary Johnson|555-576-9741|1932 Maple St, Greenville|CO
4123|Linda Davis|555-907-9154|137 Cedar Rd, Greenville|PE
4124|Michael Smith|555-746-4257|9021 Lakeview Dr, Bristol|CL
4125|James Miller|555-767-1862|9668 Pine St, Springfield|MX
4126|Michael Williams|555-693-9288|2423 Maple St, Bristol|CO
4127|James Jones|555-656-4639|6570 Pine St, Franklin|PE
4128|James Garcia|555-352-1188|1605 Maple St, Franklin|CL
4129|James Brown|555-450-7169|5732 Maple St, Madison|MX
4130|John Miller|555-667-5178|2273 Main St, Riverside|CO
4131|Michael Davis|555-877-3283|8857 Lakeview Dr, Riverside|PE
4132|Jennifer Miller|555-325-8639|9555 Lakeview Dr, Greenville|CL
4133|Robert Garcia|555-765-8745|814 Oak Ave, Greenville|MX
4134|Jennifer Davis|555-235-4328|413 Main St, Springfield|CO
4135|Linda Smith|555-318-6760|4081 Cedar Rd, Bristol|PE
4136|James Williams|555-903-1754|7013 Oak Ave, Franklin|CL
4137|John Miller|555-588-4724|7593 Cedar Rd, Madison|MX
4138|Michael Miller|555-715-5840|9056 Lakeview Dr, Franklin|CO
4139|Linda Williams|555-784-3603|7310 Main St, Bristol|PE
4140|Patricia Johnson|555-220-8699|9163 Pine St, Bristol|CL
4141|Patricia Brown|555-615-2527|2635 Main St, Greenville|MX
4142|Jennifer Jones|555-109-6495|4466 Lakeview Dr, Greenville|CO
4143|Linda Garcia|555-153-7636|4846 Main St, Madison|PE
4144|Patricia Garcia|555-747-4441|2787 Lakeview Dr, Greenville|CL
4145|Jennifer Davis|555-893-6111|5646 Cedar Rd, Madison|MX
4146|Linda Johnson|555-601-5244|3750 Maple St, Greenville|CO
4147|Mary Miller|555-633-8846|1472 Main St, Madison|PE
4148|Linda Garcia|555-504-1940|786 Maple St, Bristol|CL
4149|Michael Davis|555-243-5924|7957 Oak Ave, Franklin|MX
4150|Linda Williams|555-579-4381|2317 Lakeview Dr, Madison|CO
4151|Patricia Johnson|555-447-5862|9746 Maple St, Franklin|PE
4152|Linda Smith|555-727-1164|2113 Lakeview Dr, Franklin|CL
4153|Patricia Jones|555-729-6971|2144 Lakeview Dr, Bristol|MX
4154|Mary Miller|555-999-2438|7848 Pine St, Bristol|CO
4155|Robert Williams|555-615-5769|472 Pine St, Bristol|PE
4156|Linda Davis|555-951-1731|8730 Maple St, Franklin|CL
4157|Linda Williams|555-607-4851|4397 Maple St, Riverside|MX
4158|Linda Miller|555-840-7577|5339 Main St, Riverside|CO
4159|Mary Williams|555-939-5903|2209 Lakeview Dr, Bristol|PE
4160|Patricia Brown|555-342-1844|2377 Maple St, Riverside|CL
4161|Michael Johnson|555-479-3279|8387 Main St, Greenville|MX
4162|Linda Miller|555-826-5703|7465 Main St, Franklin|CO
4163|James Williams|555-280-6791|3468 Oak Ave, Riverside|PE
4164|Robert Brown|555-879-3380|389 Pine St, Riverside|CL
4165|John Davis|555-587-9996|728 Maple St, Greenville|MX
4166|Patricia Jones|555-621-8176|2930 Cedar Rd, Springfield|CO
4167|Patricia Smith|555-384-1843|5597 Maple St, Franklin|PE
4168|James Smith|555-498-5737|6105 Lakeview Dr, Bristol|CL
4169|Jennifer Brown|555-316-8993|4511 Maple St, Greenville|MX
4170|Linda Davis|555-856-5968|7653 Lakeview Dr, Franklin|CO
4171|James Garcia|555-952-2031|584 Oak Ave, Madison|PE
4172|Patricia Miller|555-287-5254|9814 Main St, Greenville|CL
4173|Michael Miller|555-647-9904|891 Oak Ave, Springfield|MX
4174|Mary Miller|555-405-2196|6567 Pine St, Riverside|CO
4175|Michael Williams|555-919-2898|2381 Cedar Rd, Springfield|PE
4176|Jennifer Smith|555-546-4980|4249 Maple St, Bristol|CL
4177|John Smith|555-157-6383|4696 Lakeview Dr, Springfield|MX
4178|Patricia Smith|555-654-1256|2361 Cedar Rd, Madison|CO
4179|Robert Miller|555-115-7279|7650 Main St, Bristol|PE
4180|Patricia Brown|555-886-6116|9622 Oak Ave, Riverside|CL
4181|Robert Jones|555-905-1124|5982 Oak Ave, Springfield|MX
4182|Linda Miller|555-956-7300|7462 Cedar Rd, Greenville|CO
4183|Mary Johnson|555-166-4962|2289 Main St, Springfield|PE
4184|Jennifer Garcia|555-966-9464|2478 Maple St, Springfield|CL
4185|Mary Smith|555-952-3902|7655 Maple St, Greenville|MX
4186|Mary Brown|555-318-8350|2028 Main St, Riverside|CO
4187|John Garcia|555-540-8200|9099 Main St, Franklin|PE
4188|Patricia Garcia|555-757-2441|2160 Lakeview Dr, Springfield|CL
4189|Robert Jones|555-906-2639|2720 Cedar Rd, Franklin|MX
4190|Patricia Davis|555-559-7229|5649 Cedar Rd, Riverside|CO
4191|John Johnson|555-660-1024|7507 Oak Ave, Franklin|PE
4192|Robert Miller|555-356-2886|2265 Pine St, Franklin|CL
4193|Linda Jones|555-397-3621|764 Lakeview Dr, Bristol|MX
4194|Jennifer Brown|555-962-8134|428 Oak Ave, Franklin|CO
4195|Jennifer Smith|555-460-3464|9965 Maple St, Bristol|PE
4196|Robert Davis|555-385-8133|3745 Main St, Bristol|CL
4197|Robert Johnson|555-392-3092|6256 Oak Ave, Madison|MX
4198|James Davis|555-355-6639|4248 Pine St, Greenville|CO
4199|John Brown|555-280-1287|8659 Lakeview Dr, Bristol|PE
4200|James Miller|555-407-9917|6342 Oak Ave, Bristol|CL
4201|Patricia Smith|555-534-7067|6620 Maple St, Franklin|MX
4202|Patricia Jones|555-781-8529|5354 Pine St, Madison|CO
4203|Linda Johnson|555-467-3371|903 Cedar Rd, Riverside|PE
4204|Michael Brown|555-579-9541|4591 Oak Ave, Riverside|CL
4205|Patricia Miller|555-746-3311|9194 Pine St, Springfield|MX
4206|Linda Smith|555-963-4636|7922 Lakeview Dr, Greenville|CO
4207|Patricia Williams|555-833-3555|1491 Lakeview Dr, Greenville|PE
4208|Mary Johnson|555-194-6202|1656 Cedar Rd, Riverside|CL
4209|Linda Jones|555-253-2949|8168 Oak Ave, Greenville|MX
4210|John Davis|555-523-9938|4151 Pine St, Springfield|CO
4211|Michael Davis|555-181-9226|7790 Lakeview Dr, Franklin|PE
4212|Michael Williams|555-845-6960|8192 Cedar Rd, Franklin|CL
4213|John Jones|555-364-7504|2446 Cedar Rd, Bristol|MX
4214|Patricia Garcia|555-950-6225|8577 Lakeview Dr, Springfield|CO
4215|Jennifer Johnson|555-734-4429|6875 Oak Ave, Springfield|PE
4216|Robert Miller|555-737-7510|9795 Pine St, Bristol|CL
4217|Michael Williams|555-480-3401|1527 Cedar Rd, Greenville|MX
4218|John Garcia|555-956-8777|916 Main St, Madison|CO
4219|James Garcia|555-492-6787|5481 Oak Ave, Madison|PE
4220|Michael Jones|555-539-6968|9769 Oak Ave, Franklin|CL
4221|Robert Davis|555-621-3211|3139 Oak Ave, Franklin|MX
4222|Patricia Smith|555-832-3356|2227 Cedar Rd, Bristol|CO
4223|Patricia Miller|555-821-9652|9563 Maple St, Riverside|PE
4224|Michael Garcia|555-417-2946|8820 Oak Ave, Springfield|CL
4225|James Davis|555-998-6437|6398 Lakeview Dr, Springfield|MX
4226|Patricia Johnson|555-509-7805|1482 Maple St, Bristol|CO
4227|Patricia Jones|555-718-8269|5486 Main St, Greenville|PE
4228|Mary Williams|555-239-4075|9855 Pine St, Springfield|CL
4229|Michael Miller|555-192-1040|8396 Cedar Rd, Springfield|MX
4230|Robert Brown|555-210-7784|222 Oak Ave, Greenville|CO
4231|Patricia Jones|555-899-9114|1780 Cedar Rd, Springfield|PE
4232|Jennifer Miller|555-340-8765|7569 Maple St, Franklin|CL
4233|Robert Davis|555-430-2420|6751 Cedar Rd, Madison|MX
4234|Jennifer Smith|555-620-4835|9670 Oak Ave, Madison|CO
4235|Michael Davis|555-525-8313|8217 Maple St, Bristol|PE
4236|Patricia Jones|555-947-9188|1404 Maple St, Greenville|CL
4237|Robert Williams|555-694-8156|8108 Lakeview Dr, Greenville|MX
4238|Jennifer Miller|555-799-3126|2945 Maple St, Franklin|CO
4239|Linda Davis|555-196-8915|4536 Maple St, Madison|PE
4240|Linda Williams|555-389-7140|428 Oak Ave, Greenville|CL
4241|Patricia Jones|555-853-9259|4759 Oak Ave, Bristol|MX
4242|James Miller|555-879-8332|1502 Main St, Riverside|CO
4243|James Garcia|555-306-8406|4569 Maple St, Franklin|PE
4244|Jennifer Williams|555-632-7775|4829 Lakeview Dr, Greenville|CL
4245|Jennifer Brown|555-127-5975|5492 Maple St, Bristol|MX
4246|Michael Johnson|555-156-9031|7873 Main St, Greenville|CO
4247|Mary Johnson|555-964-7776|564 Maple St, Bristol|PE
4248|Jennifer Johnson|555-692-6705|3968 Maple St, Franklin|CL
4249|Mary Davis|555-891-5556|2429 Lakeview Dr, Franklin|MX
4250|Mary Williams|555-400-3320|2308 Lakeview Dr, Bristol|CO
4251|Patricia Davis|555-913-8533|7531 Cedar Rd, Franklin|PE
4252|James Smith|555-244-3701|479 Oak Ave, Greenville|CL
4253|Michael Williams|555-749-4916|693 Maple St, Riverside|MX
4254|Linda Smith|555-566-8301|4792 Pine St, Riverside|CO
4255|Michael Miller|555-165-6454|5699 Lakeview Dr, Franklin|PE
4256|Robert Davis|555-874-6214|9907 Pine St, Springfield|CL
4257|Linda Garcia|555-820-9047|5227 Lakeview Dr, Bristol|MX
4258|Linda Smith|555-844-8143|9537 Main St, Franklin|CO
4259|Robert Smith|555-413-1979|155 Maple St, Bristol|PE
4260|Mary Miller|555-354-9934|6450 Lakeview Dr, Greenville|CL
4261|John Garcia|555-899-5296|8721 Maple St, Riverside|MX
4262|James Jones|555-887-6652|8707 Cedar Rd, Springfield|CO
4263|Mary Jones|555-207-1260|9567 Oak Ave, Franklin|PE
4264|Mary Davis|555-789-5145|1494 Oak Ave, Riverside|CL
4265|Mary Williams|555-695-7546|177 Main St, Franklin|MX
4266|Linda Smith|555-448-7194|7429 Lakeview Dr, Riverside|CO
4267|Patricia Davis|555-430-7184|9933 Lakeview Dr, Greenville|PE
4268|John Jones|555-268-1363|319 Lakeview Dr, Bristol|CL
4269|Mary Miller|555-905-8747|7223 Main St, Franklin|MX
4270|Patricia Brown|555-170-8808|7151 Lakeview Dr, Springfield|CO
4271|Jennifer Williams|555-573-6627|5949 Oak Ave, Greenville|PE
4272|Robert Garcia|555-298-1577|2184 Maple St, Greenville|CL
4273|Patricia Davis|555-137-3872|7577 Main St, Madison|MX
4274|John Jones|555-723-2955|1491 Oak Ave, Franklin|CO
4275|Jennifer Garcia|555-697-9929|2851 Lakeview Dr, Bristol|PE
4276|Michael Brown|555-961-9303|7743 Pine St, Riverside|CL
4277|Linda Garcia|555-874-4252|7828 Maple St, Greenville|MX
4278|Patricia Miller|555-358-9250|533 Pine St, Franklin|CO
4279|Robert Garcia|555-365-8047|4389 Oak Ave, Franklin|PE
4280|Michael Smith|555-873-4129|1807 Oak Ave, Franklin|CL
4281|Mary Johnson|555-984-7430|3970 Oak Ave, Madison|MX
4282|Michael Davis|555-644-6170|9684 Lakeview Dr, Springfield|CO
4283|Michael Jones|555-755-9930|7386 Lakeview Dr, Riverside|PE
4284|James Garcia|555-128-4137|3256 Lakeview Dr, Madison|CL
4285|John Brown|555-976-2573|7435 Lakeview Dr, Riverside|MX
4286|Michael Brown|555-626-4563|3563 Oak Ave, Riverside|CO
4287|Patricia Garcia|555-808-2136|278 Lakeview Dr, Riverside|PE
4288|Patricia Davis|555-417-4807|3011 Maple St, Franklin|CL
4289|Jennifer Davis|555-604-2486|8055 Oak Ave, Greenville|MX
4290|Mary Jones|555-391-4360|2430 Cedar Rd, Greenville|CO
4291|Linda Williams|555-130-6092|9719 Oak Ave, Riverside|PE
4292|Jennifer Smith|555-612-1463|539 Cedar Rd, Riverside|CL
4293|Michael Garcia|555-653-1805|6776 Pine St, Madison|MX
4294|Mary Williams|555-989-9597|3767 Oak Ave, Franklin|CO
4295|John Williams|555-694-4110|6224 Main St, Springfield|PE
4296|Robert Williams|555-359-3355|9586 Maple St, Franklin|CL
4297|Robert Jones|555-134-8749|6053 Lakeview Dr, Madison|MX
4298|Robert Johnson|555-460-5789|497 Cedar Rd, Riverside|CO
4299|Linda Smith|555-460-2032|272 Lakeview Dr, Franklin|PE
4300|Linda Johnson|555-707-1783|5145 Oak Ave, Madison|CL
4301|Mary Garcia|555-691-4002|3203 Pine St, Franklin|MX
4302|John Smith|555-228-7775|3168 Lakeview Dr, Franklin|CO
4303|Jennifer Davis|555-828-7157|7506 Cedar Rd, Greenville|PE
4304|Jennifer Garcia|555-949-1012|4627 Maple St, Madison|CL
4305|Jennifer Miller|555-545-3628|3549 Pine St, Bristol|MX
4306|Jennifer Smith|555-980-4142|8290 Pine St, Franklin|CO
4307|Jennifer Johnson|555-254-5608|9158 Maple St, Greenville|PE
4308|Jennifer Smith|555-365-4760|6883 Pine St, Springfield|CL
4309|John Jones|555-805-5921|7559 Oak Ave, Springfield|MX
4310|Patricia Davis|555-282-6658|7184 Lakeview Dr, Riverside|CO
4311|Jennifer Davis|555-700-6005|3474 Oak Ave, Bristol|PE
4312|Jennifer Garcia|555-560-4890|1562 Cedar Rd, Riverside|CL
4313|John Davis|555-637-5416|3577 Main St, Springfield|MX
4314|John Johnson|555-243-1963|8227 Pine St, Franklin|CO
4315|Michael Smith|555-683-5912|4393 Lakeview Dr, Greenville|PE
4316|John Miller|555-565-9600|5850 Pine St, Bristol|CL
4317|Mary Smith|555-520-7736|231 Cedar Rd, Riverside|MX
4318|Mary Miller|555-403-4010|8128 Cedar Rd, Madison|CO
4319|Patricia Williams|555-573-1409|9446 Pine St, Bristol|PE
4320|Patricia Garcia|555-995-1675|7951 Maple St, Franklin|CL
4321|Mary Davis|555-446-2756|6939 Maple St, Franklin|MX
4322|Jennifer Garcia|555-363-6884|4861 Lakeview Dr, Franklin|CO
4323|Jennifer Miller|555-408-2529|3409 Cedar Rd, Springfield|PE
4324|John Davis|555-936-8117|6258 Pine St, Franklin|CL
4325|Jennifer Brown|555-244-7803|1303 Pine St, Franklin|MX
4326|Michael Johnson|555-919-7301|6340 Oak Ave, Franklin|CO
4327|Mary Jones|555-869-1266|6639 Oak Ave, Riverside|PE
4328|Linda Williams|555-228-1949|837 Maple St, Greenville|CL
4329|Mary Johnson|555-610-9288|6417 Pine St, Greenville|MX
4330|Jennifer Smith|555-105-4282|4497 Cedar Rd, Greenville|CO
4331|Jennifer Johnson|555-648-1608|5367 Maple St, Greenville|PE
4332|Michael Garcia|555-736-3444|1124 Oak Ave, Madison|CL
4333|Jennifer Davis|555-716-5795|5676 Lakeview Dr, Franklin|MX
4334|Michael Davis|555-165-3099|5566 Lakeview Dr, Madison|CO
4335|Mary Miller|555-274-6102|130 Lakeview Dr, Bristol|PE
4336|James Brown|555-580-8541|4796 Pine St, Franklin|CL
4337|Linda Smith|555-287-1213|8673 Maple St, Greenville|MX
4338|Michael Williams|555-976-5744|5027 Maple St, Greenville|CO
4339|Jennifer Miller|555-682-6936|2798 Maple St, Franklin|PE
4340|James Williams|555-848-8578|2373 Pine St, Greenville|CL
4341|Mary Davis|555-965-2918|6719 Lakeview Dr, Franklin|MX
4342|Robert Smith|555-702-7147|7503 Oak Ave, Riverside|CO
4343|Jennifer Jones|555-571-3379|3180 Pine St, Bristol|PE
4344|James Brown|555-595-1003|8727 Main St, Riverside|CL
4345|Linda Smith|555-691-1882|2771 Oak Ave, Greenville|MX
4346|Linda Miller|555-927-1058|9799 Lakeview Dr, Franklin|CO
4347|John Johnson|555-133-7257|1523 Cedar Rd, Greenville|PE
4348|Mary Johnson|555-454-1465|8847 Pine St, Madison|CL
4349|Michael Smith|555-535-5363|9137 Pine St, Riverside|MX
4350|Jennifer Davis|555-640-1055|3156 Pine St, Greenville|CO
4351|Patricia Davis|555-122-5553|8354 Oak Ave, Bristol|PE
4352|Michael Davis|555-780-3358|6738 Oak Ave, Riverside|CL
4353|Robert Davis|555-566-6905|1028 Pine St, Riverside|MX
4354|Robert Williams|555-179-3628|1297 Oak Ave, Riverside|CO
4355|John Williams|555-269-3229|5835 Cedar Rd, Bristol|PE
4356|Mary Brown|555-517-5937|1737 Cedar Rd, Riverside|CL
4357|John Smith|555-225-3787|4150 Maple St, Springfield|MX
4358|John Brown|555-637-9961|1012 Oak Ave, Springfield|CO
4359|Patricia Williams|555-636-2985|2940 Lakeview Dr, Bristol|PE
4360|James Miller|555-169-7236|7521 Oak Ave, Madison|CL
4361|Jennifer Johnson|555-899-9624|6914 Lakeview Dr, Franklin|MX
4362|Patricia Miller|555-829-1006|7712 Main St, Riverside|CO
4363|Michael Davis|555-764-8231|9892 Cedar Rd, Greenville|PE
4364|Robert Smith|555-384-7981|3183 Main St, Bristol|CL
4365|Linda Brown|555-707-5383|9684 Oak Ave, Springfield|MX
4366|James Smith|555-905-7679|2246 Oak Ave, Springfield|CO
4367|Jennifer Johnson|555-247-9141|6751 Pine St, Franklin|PE
4368|Patricia Johnson|555-210-3213|2946 Maple St, Franklin|CL
4369|Mary Brown|555-497-5640|5867 Main St, Bristol|MX
4370|John Johnson|555-597-8156|8159 Main St, Greenville|CO
4371|Robert Miller|555-290-9226|2336 Cedar Rd, Franklin|PE
4372|James Miller|555-790-3715|6726 Lakeview Dr, Greenville|CL
4373|Linda Davis|555-539-6992|3298 Pine St, Franklin|MX
4374|Michael Smith|555-485-8465|6862 Maple St, Bristol|CO
4375|John Smith|555-712-5780|1802 Cedar Rd, Springfield|PE
4376|Robert Davis|555-924-5240|810 Main St, Franklin|CL
4377|Patricia Johnson|555-716-2475|2107 Cedar Rd, Greenville|MX
4378|James Johnson|555-302-7378|7474 Cedar Rd, Bristol|CO
4379|Michael Jones|555-762-4688|1987 Cedar Rd, Madison|PE
4380|Michael Johnson|555-587-1116|9352 Pine St, Franklin|CL
4381|Jennifer Brown|555-675-8163|9189 Oak Ave, Madison|MX
4382|Linda Brown|555-463-1430|5460 Maple St, Riverside|CO
4383|John Smith|555-586-9680|6804 Main St, Springfield|PE
4384|Robert Smith|555-833-9572|8322 Lakeview Dr, Bristol|CL
4385|Michael Brown|555-510-3678|8316 Lakeview Dr, Riverside|MX
4386|Patricia Johnson|555-762-8013|3811 Pine St, Madison|CO
4387|Linda Smith|555-182-5114|9823 Maple St, Madison|PE
4388|Jennifer Johnson|555-598-8457|3077 Main St, Greenville|CL
4389|Jennifer Miller|555-314-4670|703 Oak Ave, Bristol|MX
4390|Robert Brown|555-194-6477|2831 Pine St, Greenville|CO
4391|Mary Williams|555-849-6760|2787 Main St, Madison|PE
4392|Jennifer Davis|555-154-6129|9159 Oak Ave, Franklin|CL
4393|Michael Davis|555-162-5723|4426 Maple St, Bristol|MX
4394|Michael Johnson|555-750-7611|2825 Pine St, Franklin|CO
4395|Mary Garcia|555-996-2972|7713 Lakeview Dr, Springfield|PE
4396|James Miller|555-238-9045|5177 Pine St, Greenville|CL
4397|Patricia Davis|555-854-3549|5375 Cedar Rd, Greenville|MX
4398|Mary Williams|555-284-7513|8301 Main St, Riverside|CO
4399|Linda Miller|555-289-5108|3043 Cedar Rd, Madison|PE
4400|Jennifer Williams|555-324-9541|1466 Cedar Rd, Springfield|CL
4401|John Smith|555-825-5054|2471 Pine St, Franklin|MX
4402|Mary Garcia|555-404-9233|4310 Main St, Madison|CO
4403|Michael Williams|555-549-6933|9146 Oak Ave, Riverside|PE
4404|Robert Johnson|555-218-9065|5071 Pine St, Madison|CL
4405|Linda Garcia|555-433-1898|7027 Cedar Rd, Greenville|MX
4406|John Smith|555-193-4433|1251 Lakeview Dr, Madison|CO
4407|Mary Smith|555-191-5922|4546 Main St, Franklin|PE
4408|John Jones|555-851-6441|5107 Lakeview Dr, Franklin|CL
4409|Jennifer Williams|555-130-7724|9459 Maple St, Greenville|MX
4410|Patricia Miller|555-387-1356|5779 Cedar Rd, Springfield|CO
4411|Patricia Garcia|555-443-1580|2846 Main St, Springfield|PE
4412|Mary Davis|555-629-4607|1797 Lakeview Dr, Madison|CL
4413|Patricia Garcia|555-625-4402|8485 Lakeview Dr, Greenville|MX
4414|John Williams|555-581-8856|8667 Lakeview Dr, Bristol|CO
4415|Mary Miller|555-722-4805|2625 Lakeview Dr, Greenville|PE
4416|Robert Smith|555-828-6692|1782 Pine St, Franklin|CL
4417|Michael Garcia|555-282-2040|5751 Oak Ave, Franklin|MX
4418|Mary Garcia|555-260-9990|1689 Oak Ave, Greenville|CO
4419|James Jones|555-807-2332|4007 Main St, Bristol|PE
4420|Mary Williams|555-401-6941|9742 Cedar Rd, Madison|CL
4421|John Garcia|555-234-8461|6141 Cedar Rd, Madison|MX
4422|Jennifer Smith|555-989-9025|6298 Main St, Riverside|CO
4423|Michael Davis|555-928-3048|2180 Pine St, Springfield|PE
4424|Jennifer Miller|555-544-2883|3296 Pine St, Madison|CL
4425|Patricia Garcia|555-939-8449|5504 Pine St, Greenville|MX
4426|Mary Johnson|555-785-5670|8466 Pine St, Riverside|CO
4427|Patricia Williams|555-738-8623|9866 Maple St, Riverside|PE
4428|Jennifer Johnson|555-733-7906|5466 Main St, Springfield|CL
4429|Patricia Smith|555-424-9965|3742 Pine St, Franklin|MX
4430|Linda Williams|555-583-3516|6482 Oak Ave, Madison|CO
4431|Linda Johnson|555-672-8257|5310 Maple St, Franklin|PE
4432|John Miller|555-687-5764|772 Main St, Bristol|CL
4433|Patricia Miller|555-190-3347|4639 Cedar Rd, Greenville|MX
4434|Patricia Jones|555-998-1260|1047 Main St, Greenville|CO
4435|John Jones|555-700-9081|5732 Main St, Greenville|PE
4436|Patricia Jones|555-400-5022|1848 Cedar Rd, Franklin|CL
4437|Patricia Smith|555-123-2954|2431 Cedar Rd, Franklin|MX
4438|Jennifer Brown|555-575-7997|8337 Cedar Rd, Madison|CO
4439|Jennifer Williams|555-657-9930|5324 Main St, Greenville|PE
4440|James Brown|555-400-9449|439 Main St, Riverside|CL
4441|Michael Davis|555-562-8780|2234 Main St, Madison|MX
4442|Robert Garcia|555-379-9112|7096 Pine St, Bristol|CO
4443|Michael Johnson|555-159-6273|6035 Maple St, Madison|PE
4444|Jennifer Williams|555-375-3584|3219 Oak Ave, Franklin|CL
4445|Linda Williams|555-616-6974|9635 Main St, Bristol|MX
4446|James Williams|555-202-5106|665 Cedar Rd, Greenville|CO
4447|Jennifer Garcia|555-574-8172|4290 Maple St, Bristol|PE
4448|Patricia Jones|555-707-6390|469 Oak Ave, Springfield|CL
4449|Patricia Williams|555-599-9193|4081 Pine St, Madison|MX
4450|Michael Johnson|555-588-7061|4483 Pine St, Madison|CO
4451|John Davis|555-196-1331|9646 Maple St, Bristol|PE
4452|Mary Smith|555-379-8712|3861 Maple St, Bristol|CL
4453|James Miller|555-488-1146|7277 Maple St, Franklin|MX
4454|Jennifer Smith|555-435-9321|3712 Pine St, Riverside|CO
4455|James Jones|555-153-4493|2632 Main St, Madison|PE
4456|John Davis|555-921-2063|4141 Lakeview Dr, Springfield|CL
4457|James Miller|555-992-2103|5928 Main St, Madison|MX
4458|James Smith|555-158-3831|1429 Maple St, Madison|CO
4459|Jennifer Garcia|555-325-9877|5699 Cedar Rd, Bristol|PE
4460|Robert Garcia|555-701-2183|6510 Main St, Greenville|CL
4461|Linda Miller|555-166-3150|7735 Main St, Madison|MX
4462|Linda Miller|555-807-8048|1211 Oak Ave, Franklin|CO
4463|John Davis|555-298-5903|4259 Lakeview Dr, Greenville|PE
4464|Linda Johnson|555-187-3864|9014 Pine St, Riverside|CL
4465|Michael Jones|555-669-3375|494 Lakeview Dr, Madison|MX
4466|Linda Brown|555-378-2435|5999 Oak Ave, Franklin|CO
4467|Patricia Jones|555-438-4047|5447 Oak Ave, Greenville|PE
4468|Mary Johnson|555-273-6662|3872 Maple St, Bristol|CL
4469|Jennifer Jones|555-337-5972|398 Cedar Rd, Bristol|MX
4470|Patricia Jones|555-442-8840|4117 Main St, Springfield|CO
4471|Robert Davis|555-185-3326|2667 Cedar Rd, Franklin|PE
4472|Michael Jones|555-454-3999|4328 Main St, Madison|CL
4473|Robert Davis|555-394-2343|4146 Lakeview Dr, Franklin|MX
4474|Linda Garcia|555-174-8720|3925 Pine St, Riverside|CO
4475|John Garcia|555-803-7970|5638 Pine St, Madison|PE
4476|Linda Jones|555-154-6754|3980 Main St, Madison|CL
4477|Jennifer Davis|555-344-4751|3136 Pine St, Franklin|MX
4478|James Johnson|555-732-8359|5734 Lakeview Dr, Madison|CO
4479|Robert Jones|555-473-2733|9698 Oak Ave, Springfield|PE
4480|Mary Garcia|555-592-4112|599 Maple St, Bristol|CL
4481|Robert Smith|555-464-6844|8899 Cedar Rd, Springfield|MX
4482|Linda Garcia|555-345-6384|482 Oak Ave, Greenville|CO
4483|Michael Davis|555-282-9051|2659 Maple St, Bristol|PE
4484|John Davis|555-104-2268|8704 Lakeview Dr, Bristol|CL
4485|Linda Jones|555-622-2290|5995 Main St, Riverside|MX
4486|James Johnson|555-515-6938|6029 Cedar Rd, Madison|CO
4487|Linda Smith|555-242-9297|263 Cedar Rd, Franklin|PE
4488|Patricia Williams|555-925-4735|5168 Main St, Madison|CL
4489|James Davis|555-932-6281|198 Maple St, Springfield|MX
4490|Mary Miller|555-457-7805|5307 Maple St, Riverside|CO
4491|Michael Davis|555-720-5067|7535 Cedar Rd, Springfield|PE
4492|James Garcia|555-786-6496|5091 Oak Ave, Greenville|CL
4493|Michael Miller|555-155-9330|3072 Pine St, Bristol|MX
4494|John Davis|555-829-1006|167 Pine St, Bristol|CO
4495|Jennifer Jones|555-211-6216|9208 Pine St, Madison|PE
4496|Robert Smith|555-133-1225|5009 Oak Ave, Bristol|CL
4497|Jennifer Smith|555-927-2024|8683 Pine St, Springfield|MX
4498|John Smith|555-755-2397|9073 Main St, Springfield|CO
4499|Jennifer Johnson|555-270-8343|8743 Cedar Rd, Springfield|PE
4500|James Miller|555-307-7056|7999 Maple St, Franklin|CL
4501|Linda Brown|555-736-8975|1892 Lakeview Dr, Bristol|MX
4502|Mary Smith|555-971-5862|9598 Pine St, Springfield|CO
4503|Robert Williams|555-746-4508|7932 Maple St, Franklin|PE
4504|Jennifer Johnson|555-308-6845|6706 Pine St, Greenville|CL
4505|James Smith|555-154-3882|2878 Pine St, Madison|MX
4506|James Smith|555-417-4452|1564 Maple St, Riverside|CO
4507|James Davis|555-597-3830|2992 Pine St, Greenville|PE
4508|James Garcia|555-132-5064|5533 Maple St, Springfield|CL
4509|Patricia Smith|555-327-8127|2653 Lakeview Dr, Bristol|MX
4510|Robert Brown|555-824-5169|9343 Cedar Rd, Greenville|CO
4511|John Garcia|555-737-6363|1228 Maple St, Bristol|PE
4512|Mary Williams|555-233-1078|4538 Maple St, Springfield|CL
4513|Michael Williams|555-604-8098|3478 Main St, Franklin|MX
4514|John Miller|555-104-6311|1517 Lakeview Dr, Bristol|CO
4515|Robert Williams|555-858-9742|9493 Oak Ave, Bristol|PE
4516|James Davis|555-218-8829|1808 Maple St, Franklin|CL
4517|Mary Miller|555-637-1452|2209 Maple St, Madison|MX
4518|Robert Johnson|555-103-2437|2526 Pine St, Springfield|CO
4519|Robert Williams|555-509-2093|4729 Maple St, Springfield|PE
4520|Mary Garcia|555-948-6760|1116 Maple St, Bristol|CL
4521|Patricia Garcia|555-277-1493|5850 Pine St, Bristol|MX
4522|Patricia Smith|555-533-5503|792 Cedar Rd, Franklin|CO
4523|Patricia Davis|555-701-9503|1141 Pine St, Bristol|PE
4524|Jennifer Brown|555-491-4597|7092 Pine St, Madison|CL
4525|Jennifer Jones|555-148-4168|9969 Oak Ave, Springfield|MX
4526|Mary Brown|555-497-4872|8076 Pine St, Springfield|CO
4527|Patricia Jones|555-920-1473|5807 Oak Ave, Greenville|PE
4528|Michael Johnson|555-853-9252|7319 Maple St, Madison|CL
4529|Robert Miller|555-149-6781|3416 Maple St, Riverside|MX
4530|Jennifer Miller|555-521-4353|3503 Lakeview Dr, Franklin|CO
4531|Robert Johnson|555-204-2513|3697 Maple St, Greenville|PE
4532|Patricia Davis|555-688-2952|7992 Cedar Rd, Springfield|CL
4533|Robert Brown|555-480-2206|4547 Oak Ave, Franklin|MX
4534|Patricia Jones|555-845-4677|7793 Maple St, Franklin|CO
4535|James Jones|555-580-3199|7304 Oak Ave, Springfield|PE
4536|James Williams|555-335-5725|6541 Oak Ave, Franklin|CL
4537|James Williams|555-663-2770|350 Lakeview Dr, Springfield|MX
4538|Michael Johnson|555-847-8959|1378 Pine St, Franklin|CO
4539|Mary Garcia|555-229-7112|3897 Pine St, Madison|PE
4540|Linda Garcia|555-571-3534|9620 Oak Ave, Greenville|CL
4541|Linda Jones|555-546-6214|7439 Lakeview Dr, Riverside|MX
4542|Linda Miller|555-559-2549|7120 Oak Ave, Greenville|CO
4543|Jennifer Jones|555-221-1357|7329 Lakeview Dr, Franklin|PE
4544|Mary Brown|555-764-5538|8679 Oak Ave, Madison|CL
4545|James Miller|555-570-7064|2015 Cedar Rd, Riverside|MX
4546|John Brown|555-651-4250|9322 Pine St, Springfield|CO
4547|Patricia Jones|555-216-1742|5752 Main St, Bristol|PE
4548|Linda Smith|555-458-6035|5204 Maple St, Bristol|CL
4549|Jennifer Smith|555-399-9487|2849 Cedar Rd, Riverside|MX
4550|Patricia Garcia|555-983-5650|2548 Oak Ave, Franklin|CO
4551|Jennifer Miller|555-530-2219|5296 Main St, Madison|PE
4552|Linda Miller|555-743-8112|2217 Oak Ave, Springfield|CL
4553|Linda Johnson|555-368-8293|1202 Cedar Rd, Riverside|MX
4554|Michael Davis|555-209-9254|3484 Oak Ave, Bristol|CO
4555|James Williams|555-340-6554|8922 Lakeview Dr, Greenville|PE
4556|Michael Miller|555-930-3074|1915 Pine St, Riverside|CL
4557|Jennifer Williams|555-671-3930|1568 Maple St, Greenville|MX
4558|Michael Miller|555-952-8396|5225 Pine St, Riverside|CO
4559|Robert Smith|555-439-3932|8941 Pine St, Greenville|PE
4560|John Jones|555-721-8683|7454 Oak Ave, Madison|CL
4561|Jennifer Davis|555-656-9510|4021 Oak Ave, Greenville|MX
4562|Mary Garcia|555-939-5224|6025 Cedar Rd, Bristol|CO
4563|Patricia Davis|555-903-3921|5614 Oak Ave, Bristol|PE
4564|Mary Davis|555-170-6903|5547 Oak Ave, Riverside|CL
4565|Mary Smith|555-796-4005|7475 Cedar Rd, Greenville|MX
4566|Robert Williams|555-539-1039|5879 Cedar Rd, Riverside|CO
4567|James Williams|555-563-4605|9919 Cedar Rd, Bristol|PE
4568|Linda Brown|555-126-3524|5020 Lakeview Dr, Greenville|CL
4569|John Brown|555-213-9454|1041 Lakeview Dr, Riverside|MX
4570|Mary Johnson|555-662-1814|1916 Oak Ave, Riverside|CO
4571|Robert Brown|555-687-9372|7374 Pine St, Madison|PE
4572|Jennifer Smith|555-436-9398|7155 Oak Ave, Bristol|CL
4573|Mary Williams|555-585-7438|112 Lakeview Dr, Bristol|MX
4574|Patricia Johnson|555-678-5718|9160 Main St, Franklin|CO
4575|Michael Garcia|555-582-5577|3737 Cedar Rd, Bristol|PE
4576|James Miller|555-316-1684|2573 Maple St, Bristol|CL
4577|Jennifer Smith|555-920-8694|8670 Cedar Rd, Greenville|MX
4578|Linda Davis|555-663-3393|9363 Pine St, Franklin|CO
4579|Patricia Brown|555-553-8065|994 Main St, Springfield|PE
4580|Patricia Johnson|555-511-4223|2335 Cedar Rd, Greenville|CL
4581|James Johnson|555-207-4717|5288 Pine St, Franklin|MX
4582|Patricia Miller|555-969-6640|3902 Oak Ave, Bristol|CO
4583|Patricia Smith|555-851-8872|7158 Oak Ave, Riverside|PE
4584|Patricia Smith|555-336-5191|228 Maple St, Greenville|CL
4585|Linda Jones|555-124-8155|9025 Lakeview Dr, Franklin|MX
4586|Jennifer Garcia|555-684-2494|188 Maple St, Springfield|CO
4587|Robert Brown|555-287-1087|1477 Pine St, Bristol|PE
4588|James Johnson|555-160-3532|7710 Oak Ave, Madison|CL
4589|James Johnson|555-134-7938|3342 Pine St, Bristol|MX
4590|Michael Johnson|555-335-6612|9677 Pine St, Franklin|CO
4591|Linda Williams|555-369-7399|8426 Main St, Greenville|PE
4592|Linda Smith|555-472-1428|8200 Main St, Madison|CL
4593|Linda Johnson|555-615-8818|8702 Main St, Riverside|MX
4594|Linda Brown|555-964-8876|1959 Lakeview Dr, Springfield|CO
4595|John Jones|555-383-4213|4914 Lakeview Dr, Springfield|PE
4596|Linda Brown|555-201-7123|8543 Main St, Riverside|CL
4597|Linda Williams|555-478-8700|8203 Cedar Rd, Springfield|MX
4598|Michael Jones|555-271-5659|693 Maple St, Springfield|CO
4599|Jennifer Garcia|555-714-4299|5046 Main St, Greenville|PE
4600|Linda Brown|555-449-7637|2947 Lakeview Dr, Madison|CL
4601|Michael Williams|555-690-7333|3473 Cedar Rd, Franklin|MX
4602|Jennifer Williams|555-840-9614|7955 Main St, Franklin|CO
4603|Linda Williams|555-230-2443|4677 Oak Ave, Springfield|PE
4604|Linda Davis|555-430-1925|181 Lakeview Dr, Riverside|CL
4605|Michael Brown|555-621-1163|5801 Main St, Franklin|MX
4606|Robert Williams|555-221-3848|7977 Maple St, Franklin|CO
4607|James Johnson|555-438-8643|323 Lakeview Dr, Madison|PE
4608|Linda Smith|555-330-6262|3001 Cedar Rd, Riverside|CL
4609|John Davis|555-548-4682|9852 Cedar Rd, Riverside|MX
4610|Linda Williams|555-187-6018|3962 Oak Ave, Riverside|CO
4611|John Davis|555-541-7243|4209 Pine St, Bristol|PE
4612|Patricia Johnson|555-341-3373|6833 Main St, Greenville|CL
4613|Jennifer Davis|555-705-2585|4913 Pine St, Franklin|MX
4614|Linda Davis|555-822-9828|1735 Maple St, Riverside|CO
4615|Patricia Miller|555-990-9243|6812 Oak Ave, Franklin|PE
4616|Michael Miller|555-623-2432|3504 Lakeview Dr, Madison|CL
4617|Robert Williams|555-700-2280|9228 Oak Ave, Riverside|MX
4618|Jennifer Jones|555-100-6436|5500 Cedar Rd, Bristol|CO
4619|John Brown|555-154-5500|2393 Cedar Rd, Franklin|PE
4620|Linda Miller|555-492-8662|9613 Cedar Rd, Greenville|CL
4621|John Johnson|555-153-3042|7714 Cedar Rd, Bristol|MX
4622|John Johnson|555-948-3008|4353 Lakeview Dr, Franklin|CO
4623|Michael Garcia|555-296-6940|3583 Pine St, Franklin|PE
4624|Linda Davis|555-553-6425|7624 Pine St, Riverside|CL
4625|Patricia Davis|555-721-6045|8376 Oak Ave, Springfield|MX
4626|Jennifer Garcia|555-297-1062|6598 Oak Ave, Riverside|CO
4627|John Garcia|555-842-2771|2997 Pine St, Springfield|PE
4628|Mary Johnson|555-118-6271|9273 Oak Ave, Franklin|CL
4629|Patricia Smith|555-456-3719|1503 Main St, Bristol|MX
4630|Michael Jones|555-438-2195|2712 Lakeview Dr, Madison|CO
4631|Michael Brown|555-246-1311|2368 Pine St, Franklin|PE
4632|Linda Johnson|555-163-3757|742 Maple St, Riverside|CL
4633|John Smith|555-730-3644|2784 Main St, Springfield|MX
4634|Patricia Jones|555-108-2383|6895 Cedar Rd, Springfield|CO
4635|Linda Jones|555-384-4265|2589 Cedar Rd, Bristol|PE
4636|James Smith|555-864-3492|3658 Main St, Madison|CL
4637|John Smith|555-326-3899|2940 Main St, Bristol|MX
4638|Robert Miller|555-361-7182|9025 Oak Ave, Franklin|CO
4639|Jennifer Smith|555-465-2693|2477 Cedar Rd, Franklin|PE
4640|Jennifer Jones|555-512-5120|4825 Oak Ave, Madison|CL
4641|Michael Jones|555-909-3917|7005 Lakeview Dr, Franklin|MX
4642|John Davis|555-581-4585|9687 Oak Ave, Bristol|CO
4643|Robert Johnson|555-137-5534|9058 Pine St, Franklin|PE
4644|Patricia Garcia|555-724-9224|1908 Main St, Riverside|CL
4645|Michael Johnson|555-647-3192|9569 Lakeview Dr, Riverside|MX
4646|John Garcia|555-725-7811|1581 Main St, Greenville|CO
4647|John Davis|555-462-1384|3478 Oak Ave, Franklin|PE
4648|John Williams|555-298-3592|957 Oak Ave, Springfield|CL
4649|Patricia Williams|555-786-2568|5602 Lakeview Dr, Bristol|MX
4650|Jennifer Miller|555-617-1652|4945 Oak Ave, Riverside|CO
4651|Jennifer Garcia|555-828-4966|3397 Oak Ave, Franklin|PE
4652|Mary Davis|555-119-9723|2934 Maple St, Franklin|CL
4653|Robert Miller|555-383-5356|5077 Pine St, Greenville|MX
4654|Linda Johnson|555-279-3851|8634 Main St, Springfield|CO
4655|Robert Smith|555-200-5556|261 Main St, Springfield|PE
4656|John Johnson|555-625-2667|9236 Cedar Rd, Greenville|CL
4657|Patricia Brown|555-568-1535|6898 Pine St, Madison|MX
4658|John Miller|555-579-2354|3547 Pine St, Riverside|CO
4659|James Jones|555-730-8364|1361 Lakeview Dr, Greenville|PE
4660|Mary Davis|555-454-4166|9025 Lakeview Dr, Madison|CL
4661|Patricia Garcia|555-902-2100|5409 Oak Ave, Riverside|MX
4662|Jennifer Smith|555-161-5550|2602 Pine St, Bristol|CO
4663|Michael Brown|555-802-1648|9677 Oak Ave, Greenville|PE
4664|Patricia Johnson|555-379-9608|3026 Main St, Franklin|CL
4665|Patricia Davis|555-183-2282|8779 Cedar Rd, Springfield|MX
4666|Jennifer Jones|555-720-8549|4946 Pine St, Springfield|CO
4667|Patricia Davis|555-960-5626|6752 Cedar Rd, Madison|PE
4668|Mary Williams|555-203-8830|205 Oak Ave, Bristol|CL
4669|Robert Davis|555-508-8618|7582 Cedar Rd, Springfield|MX
4670|Jennifer Jones|555-169-8660|4866 Oak Ave, Madison|CO
4671|Patricia Smith|555-566-8543|3913 Maple St, Madison|PE
4672|Patricia Williams|555-400-3615|5612 Oak Ave, Madison|CL
4673|Jennifer Miller|555-914-9744|5785 Maple St, Springfield|MX
4674|James Jones|555-740-7547|202 Pine St, Bristol|CO
4675|Robert Jones|555-877-1204|7016 Cedar Rd, Springfield|PE
4676|Robert Williams|555-430-8074|7117 Cedar Rd, Riverside|CL
4677|Michael Miller|555-247-8313|9421 Maple St, Greenville|MX
4678|Linda Miller|555-730-7588|550 Pine St, Springfield|CO
4679|Linda Johnson|555-800-4425|9965 Oak Ave, Madison|PE
4680|James Williams|555-934-7400|3994 Oak Ave, Bristol|CL
4681|Jennifer Davis|555-694-2614|2872 Cedar Rd, Greenville|MX
4682|Linda Johnson|555-851-2272|9408 Main St, Springfield|CO
4683|Linda Smith|555-881-5116|6966 Main St, Springfield|PE
4684|Michael Jones|555-590-7682|7639 Oak Ave, Springfield|CL
4685|Patricia Johnson|555-280-1815|5388 Maple St, Bristol|MX
4686|Patricia Miller|555-439-1259|7885 Maple St, Springfield|CO
4687|John Smith|555-621-9840|7512 Main St, Madison|PE
4688|John Garcia|555-850-9723|4239 Cedar Rd, Madison|CL
4689|James Williams|555-849-2624|1207 Cedar Rd, Springfield|MX
4690|John Brown|555-317-6417|6815 Oak Ave, Bristol|CO
4691|Mary Garcia|555-960-5619|5438 Main St, Riverside|PE
4692|Linda Brown|555-925-7019|3750 Main St, Franklin|CL
4693|Jennifer Garcia|555-265-8425|8196 Maple St, Bristol|MX
4694|Robert Smith|555-259-7084|9056 Lakeview Dr, Bristol|CO
4695|John Williams|555-278-3563|2073 Lakeview Dr, Bristol|PE
4696|Jennifer Smith|555-197-7085|1181 Main St, Greenville|CL
4697|Mary Garcia|555-487-7339|8752 Oak Ave, Bristol|MX
4698|Robert Garcia|555-495-9471|7093 Lakeview Dr, Bristol|CO
4699|Patricia Williams|555-394-6648|3095 Maple St, Greenville|PE
4700|James Brown|555-590-6289|8858 Oak Ave, Riverside|CL
4701|John Smith|555-563-7143|9617 Lakeview Dr, Greenville|MX
4702|Michael Davis|555-406-7909|6424 Main St, Riverside|CO
4703|Patricia Johnson|555-863-1106|824 Cedar Rd, Greenville|PE
4704|Linda Garcia|555-720-1258|5409 Oak Ave, Riverside|CL
4705|Jennifer Williams|555-321-9992|7391 Main St, Bristol|MX
4706|Linda Williams|555-400-3780|9744 Oak Ave, Bristol|CO
4707|James Brown|555-307-2772|985 Main St, Riverside|PE
4708|Robert Davis|555-817-2009|4671 Lakeview Dr, Springfield|CL
4709|Michael Jones|555-826-6974|3769 Lakeview Dr, Franklin|MX
4710|Mary Davis|555-185-5002|4200 Lakeview Dr, Riverside|CO
4711|Patricia Smith|555-449-5148|7323 Cedar Rd, Madison|PE
4712|Mary Brown|555-423-6334|9582 Lakeview Dr, Greenville|CL
4713|Robert Davis|555-203-8966|5249 Pine St, Greenville|MX
4714|Patricia Davis|555-890-6927|9141 Maple St, Bristol|CO
4715|Robert Davis|555-198-5198|4549 Maple St, Madison|PE
4716|Mary Jones|555-571-3389|1570 Oak Ave, Greenville|CL
4717|Michael Williams|555-385-3135|4411 Main St, Greenville|MX
4718|Patricia Brown|555-418-8877|5138 Main St, Madison|CO
4719|Mary Williams|555-783-3024|5772 Oak Ave, Riverside|PE
4720|Patricia Garcia|555-192-9903|2355 Pine St, Bristol|CL
4721|Linda Williams|555-971-1028|9426 Pine St, Springfield|MX
4722|Michael Miller|555-915-3479|7903 Oak Ave, Franklin|CO
4723|Patricia Davis|555-715-8253|6423 Pine St, Greenville|PE
4724|Jennifer Smith|555-560-1294|4059 Pine St, Madison|CL
4725|Michael Brown|555-462-5330|8857 Maple St, Franklin|MX
4726|Linda Smith|555-705-9188|8019 Cedar Rd, Bristol|CO
4727|James Jones|555-247-3361|1208 Main St, Greenville|PE
4728|James Johnson|555-292-6354|7055 Lakeview Dr, Madison|CL
4729|Patricia Miller|555-878-7184|3921 Cedar Rd, Madison|MX
4730|James Miller|555-292-8923|6946 Cedar Rd, Greenville|CO
4731|Linda Miller|555-897-4718|3763 Lakeview Dr, Springfield|PE
4732|John Johnson|555-471-8741|5215 Lakeview Dr, Riverside|CL
4733|Jennifer Miller|555-644-5542|6763 Maple St, Greenville|MX
4734|Jennifer Jones|555-137-6583|6121 Pine St, Springfield|CO
4735|James Jones|555-970-2541|6521 Lakeview Dr, Madison|PE
4736|Patricia Jones|555-649-4887|859 Lakeview Dr, Riverside|CL
4737|Jennifer Williams|555-732-7686|3315 Maple St, Riverside|MX
4738|Mary Williams|555-364-9737|7549 Cedar Rd, Madison|CO
4739|John Garcia|555-700-4795|7287 Oak Ave, Springfield|PE
4740|Michael Smith|555-312-6847|5670 Cedar Rd, Greenville|CL
4741|Linda Garcia|555-708-4061|7740 Main St, Madison|MX
4742|Mary Smith|555-193-6736|3702 Maple St, Franklin|CO
4743|Jennifer Miller|555-186-4789|7696 Maple St, Bristol|PE
4744|Robert Garcia|555-515-3471|9149 Maple St, Madison|CL
4745|Linda Williams|555-423-7580|2629 Pine St, Greenville|MX
4746|Patricia Williams|555-106-6520|5601 Maple St, Bristol|CO
4747|Mary Jones|555-375-3350|3025 Maple St, Madison|PE
4748|Jennifer Smith|555-534-1785|2767 Oak Ave, Springfield|CL
4749|Linda Brown|555-671-6347|8275 Lakeview Dr, Franklin|MX
4750|Michael Davis|555-485-6022|8340 Pine St, Madison|CO
4751|James Johnson|555-844-9042|2549 Pine St, Springfield|PE
4752|Linda Smith|555-590-5888|1923 Cedar Rd, Riverside|CL
4753|Robert Smith|555-645-3103|3513 Maple St, Springfield|MX
4754|John Johnson|555-841-3223|8869 Maple St, Franklin|CO
4755|John Brown|555-657-4608|5700 Maple St, Greenville|PE
4756|Robert Miller|555-420-4734|9540 Lakeview Dr, Springfield|CL
4757|Patricia Williams|555-432-1661|4083 Lakeview Dr, Franklin|MX
4758|Robert Johnson|555-556-8043|2462 Main St, Greenville|CO
4759|John Johnson|555-481-9070|3696 Oak Ave, Greenville|PE
4760|Patricia Williams|555-987-4477|8472 Pine St, Riverside|CL
4761|Patricia Williams|555-700-1594|625 Main St, Franklin|MX
4762|Mary Johnson|555-541-2780|4477 Pine St, Springfield|CO
4763|Linda Davis|555-363-4643|1926 Maple St, Madison|PE
4764|Linda Miller|555-710-1565|2661 Lakeview Dr, Greenville|CL
4765|Linda Davis|555-525-3682|4115 Pine St, Springfield|MX
4766|Michael Smith|555-460-9542|1948 Lakeview Dr, Bristol|CO
4767|Jennifer Miller|555-511-6806|5789 Lakeview Dr, Franklin|PE
4768|Jennifer Miller|555-605-6715|1804 Cedar Rd, Bristol|CL
4769|Michael Davis|555-253-7180|2115 Pine St, Madison|MX
4770|Michael Brown|555-978-3886|2486 Main St, Riverside|CO
4771|John Miller|555-314-2579|157 Lakeview Dr, Madison|PE
4772|Mary Brown|555-781-5467|7156 Lakeview Dr, Madison|CL
4773|Jennifer Williams|555-252-8826|6167 Lakeview Dr, Riverside|MX
4774|Jennifer Jones|555-635-6780|5608 Maple St, Greenville|CO
4775|Mary Jones|555-985-4703|9772 Cedar Rd, Riverside|PE
4776|Robert Davis|555-743-9797|4926 Lakeview Dr, Bristol|CL
4777|Patricia Garcia|555-781-9218|969 Cedar Rd, Franklin|MX
4778|Patricia Williams|555-101-7854|2425 Lakeview Dr, Riverside|CO
4779|Mary Miller|555-348-7767|2740 Lakeview Dr, Greenville|PE
4780|Patricia Davis|555-991-7472|5571 Pine St, Riverside|CL
4781|Robert Miller|555-300-6267|1113 Maple St, Greenville|MX
4782|Jennifer Johnson|555-423-6445|8839 Lakeview Dr, Bristol|CO
4783|James Jones|555-159-2475|4297 Oak Ave, Madison|PE
4784|John Davis|555-364-6099|6733 Maple St, Franklin|CL
4785|Mary Garcia|555-106-9467|409 Oak Ave, Greenville|MX
4786|Patricia Williams|555-659-2114|2207 Oak Ave, Franklin|CO
4787|Linda Jones|555-593-9629|2226 Lakeview Dr, Riverside|PE
4788|John Jones|555-478-4900|7993 Lakeview Dr, Riverside|CL
4789|James Brown|555-689-4774|1381 Maple St, Bristol|MX
4790|Linda Miller|555-667-2100|2301 Lakeview Dr, Greenville|CO
4791|Robert Garcia|555-866-8818|1394 Pine St, Madison|PE
4792|Robert Johnson|555-826-4392|6736 Oak Ave, Madison|CL
4793|John Williams|555-438-5581|856 Main St, Bristol|MX
4794|John Smith|555-763-8082|386 Main St, Madison|CO
4795|Linda Johnson|555-535-4913|8841 Oak Ave, Springfield|PE
4796|Robert Miller|555-858-1694|2445 Pine St, Franklin|CL
4797|James Williams|555-989-5683|1234 Cedar Rd, Riverside|MX
4798|Jennifer Jones|555-420-2696|5301 Oak Ave, Franklin|CO
4799|Linda Jones|555-408-5516|6197 Maple St, Franklin|PE
4800|Robert Johnson|555-372-4063|7226 Cedar Rd, Madison|CL
4801|Jennifer Smith|555-620-4474|5218 Main St, Franklin|MX
4802|Jennifer Miller|555-451-8193|3783 Lakeview Dr, Bristol|CO
4803|Patricia Miller|555-106-1806|1903 Oak Ave, Springfield|PE
4804|Mary Smith|555-687-4182|6445 Main St, Madison|CL
4805|Robert Garcia|555-185-3937|4713 Main St, Bristol|MX
4806|Robert Smith|555-374-5059|8585 Pine St, Greenville|CO
4807|Linda Jones|555-520-5483|7201 Main St, Franklin|PE
4808|Linda Williams|555-607-7343|3967 Oak Ave, Greenville|CL
4809|Robert Garcia|555-328-7872|3833 Lakeview Dr, Greenville|MX
4810|John Johnson|555-144-3541|7766 Maple St, Madison|CO
4811|John Williams|555-610-7009|8979 Main St, Bristol|PE
4812|James Miller|555-454-7298|5732 Cedar Rd, Springfield|CL
4813|Jennifer Davis|555-530-2087|1848 Cedar Rd, Riverside|MX
4814|Robert Garcia|555-958-2711|9052 Main St, Riverside|CO
4815|Michael Johnson|555-782-4618|9313 Maple St, Greenville|PE
4816|James Davis|555-696-1870|4912 Pine St, Greenville|CL
4817|Robert Davis|555-798-3781|7898 Main St, Bristol|MX
4818|Jennifer Garcia|555-846-6017|9138 Lakeview Dr, Greenville|CO
4819|Michael Garcia|555-869-4154|9501 Main St, Franklin|PE
4820|Michael Johnson|555-888-5569|5668 Lakeview Dr, Riverside|CL
4821|Robert Johnson|555-474-7463|5209 Pine St, Madison|MX
4822|Mary Miller|555-190-9909|5945 Cedar Rd, Riverside|CO
4823|Patricia Smith|555-254-3386|3298 Lakeview Dr, Greenville|PE
4824|James Johnson|555-365-1737|7020 Maple St, Riverside|CL
4825|John Brown|555-719-1010|6929 Maple St, Springfield|MX
4826|Patricia Brown|555-429-4459|9872 Main St, Bristol|CO
4827|Mary Johnson|555-801-5527|7102 Maple St, Springfield|PE
4828|James Williams|555-889-3866|3070 Oak Ave, Franklin|CL
4829|Michael Williams|555-157-4555|5140 Oak Ave, Franklin|MX
4830|John Garcia|555-620-7206|6805 Lakeview Dr, Springfield|CO
4831|John Jones|555-123-6391|4414 Maple St, Greenville|PE
4832|James Williams|555-116-9901|4121 Lakeview Dr, Bristol|CL
4833|Mary Davis|555-825-7578|7860 Cedar Rd, Franklin|MX
4834|Michael Jones|555-908-2937|3929 Maple St, Greenville|CO
4835|Patricia Garcia|555-741-9261|2649 Oak Ave, Greenville|PE
4836|John Davis|555-830-7806|7476 Cedar Rd, Franklin|CL
4837|Robert Garcia|555-620-3971|9121 Pine St, Bristol|MX
4838|Michael Davis|555-975-7543|4405 Main St, Greenville|CO
4839|James Johnson|555-265-1735|2675 Pine St, Riverside|PE
4840|Linda Miller|555-386-5984|4476 Oak Ave, Greenville|CL
4841|John Davis|555-333-1266|665 Cedar Rd, Madison|MX
4842|John Brown|555-891-6520|4859 Lakeview Dr, Springfield|CO
4843|Patricia Brown|555-510-2693|8562 Pine St, Springfield|PE
4844|Patricia Davis|555-227-6652|155 Maple St, Bristol|CL
4845|Linda Garcia|555-196-8961|4763 Cedar Rd, Riverside|MX
4846|Mary Smith|555-246-8279|840 Cedar Rd, Bristol|CO
4847|John Davis|555-807-3125|8676 Maple St, Franklin|PE
4848|Michael Miller|555-135-9845|4650 Cedar Rd, Franklin|CL
4849|Robert Smith|555-637-6091|9294 Main St, Riverside|MX
4850|Jennifer Jones|555-681-5881|6208 Main St, Franklin|CO
4851|John Smith|555-945-2874|1798 Maple St, Bristol|PE
4852|Patricia Miller|555-113-2099|6371 Lakeview Dr, Springfield|CL
4853|Robert Davis|555-213-3395|7721 Pine St, Riverside|MX
4854|John Davis|555-608-1545|5759 Main St, Bristol|CO
4855|Robert Garcia|555-544-6632|8439 Main St, Franklin|PE
4856|Jennifer Miller|555-153-5939|4013 Pine St, Springfield|CL
4857|Jennifer Brown|555-954-7567|683 Pine St, Springfield|MX
4858|James Miller|555-138-6586|1089 Main St, Bristol|CO
4859|John Brown|555-885-4317|8949 Maple St, Riverside|PE
4860|Robert Miller|555-349-6218|5073 Main St, Madison|CL
4861|Michael Brown|555-878-8468|1305 Cedar Rd, Franklin|MX
4862|Mary Brown|555-337-1063|2365 Main St, Greenville|CO
4863|Robert Williams|555-462-1900|8134 Pine St, Riverside|PE
4864|Michael Miller|555-135-2097|4721 Main St, Riverside|CL
4865|James Davis|555-995-4585|9382 Main St, Bristol|MX
4866|Jennifer Williams|555-885-4652|7048 Cedar Rd, Madison|CO
4867|Robert Garcia|555-700-8083|532 Pine St, Franklin|PE
4868|John Brown|555-644-2908|1033 Maple St, Riverside|CL
4869|Mary Davis|555-207-6790|5938 Lakeview Dr, Riverside|MX
4870|Michael Garcia|555-381-9802|697 Main St, Riverside|CO
4871|Jennifer Williams|555-787-9859|4494 Main St, Greenville|PE
4872|Linda Brown|555-181-4607|6016 Cedar Rd, Madison|CL
4873|James Brown|555-376-2281|4754 Lakeview Dr, Bristol|MX
4874|Michael Johnson|555-556-7451|1872 Pine St, Madison|CO
4875|Robert Jones|555-108-2110|5485 Main St, Springfield|PE
4876|Mary Garcia|555-283-8026|6094 Pine St, Franklin|CL
4877|Michael Johnson|555-796-9188|5232 Maple St, Riverside|MX
4878|John Brown|555-985-2792|5835 Main St, Greenville|CO
4879|John Johnson|555-884-8234|6855 Pine St, Bristol|PE
4880|James Miller|555-821-6887|8920 Oak Ave, Greenville|CL
4881|Robert Johnson|555-876-8207|5009 Main St, Riverside|MX
4882|Jennifer Brown|555-275-1532|6306 Pine St, Springfield|CO
4883|Jennifer Williams|555-819-7757|1772 Cedar Rd, Greenville|PE
4884|John Smith|555-861-8595|6984 Cedar Rd, Franklin|CL
4885|Mary Jones|555-373-9813|5996 Pine St, Franklin|MX
4886|Michael Jones|555-384-4426|6606 Pine St, Bristol|CO
4887|Robert Davis|555-428-4631|8786 Maple St, Bristol|PE
4888|Jennifer Garcia|555-132-5532|8998 Cedar Rd, Greenville|CL
4889|Michael Jones|555-138-6850|7372 Main St, Riverside|MX
4890|Linda Johnson|555-556-4307|6286 Pine St, Franklin|CO
4891|James Garcia|555-681-3379|3824 Lakeview Dr, Bristol|PE
4892|Mary Johnson|555-810-3137|4076 Oak Ave, Madison|CL
4893|Robert Miller|555-399-8599|8100 Cedar Rd, Riverside|MX
4894|Michael Johnson|555-536-4970|3843 Maple St, Greenville|CO
4895|Mary Miller|555-800-3687|3757 Pine St, Greenville|PE
4896|Patricia Miller|555-693-1577|9511 Main St, Franklin|CL
4897|Jennifer Williams|555-785-8522|5847 Pine St, Riverside|MX
4898|Patricia Brown|555-943-2917|5411 Cedar Rd, Franklin|CO
4899|Mary Brown|555-974-7483|6401 Cedar Rd, Franklin|PE
4900|Mary Brown|555-943-6622|2712 Pine St, Greenville|CL
4901|Robert Davis|555-937-5543|8599 Lakeview Dr, Riverside|MX
4902|Patricia Jones|555-789-1676|1148 Cedar Rd, Bristol|CO
4903|Patricia Miller|555-142-5094|6627 Lakeview Dr, Bristol|PE
4904|Robert Garcia|555-654-7177|6492 Maple St, Springfield|CL
4905|Michael Smith|555-770-1362|7017 Pine St, Riverside|MX
4906|John Miller|555-661-8387|4711 Lakeview Dr, Riverside|CO
4907|Patricia Jones|555-529-1699|6655 Maple St, Springfield|PE
4908|Robert Smith|555-576-9458|4351 Oak Ave, Greenville|CL
4909|Linda Garcia|555-661-5600|603 Cedar Rd, Bristol|MX
4910|John Smith|555-342-4135|8720 Maple St, Franklin|CO
4911|Patricia Jones|555-852-6839|7732 Maple St, Madison|PE
4912|Patricia Garcia|555-877-4614|3798 Lakeview Dr, Greenville|CL
4913|James Brown|555-435-8371|8171 Oak Ave, Riverside|MX
4914|Robert Johnson|555-397-2775|8876 Pine St, Franklin|CO
4915|Michael Miller|555-770-4498|2023 Main St, Franklin|PE
4916|James Miller|555-747-3397|211 Cedar Rd, Springfield|CL
4917|James Davis|555-478-1012|4297 Oak Ave, Madison|MX
4918|Linda Smith|555-426-2787|9469 Lakeview Dr, Riverside|CO
4919|John Smith|555-335-9736|5791 Maple St, Greenville|PE
4920|Michael Smith|555-683-5540|9486 Main St, Greenville|CL
4921|John Davis|555-292-6618|4975 Oak Ave, Greenville|MX
4922|Patricia Davis|555-781-3162|6429 Pine St, Madison|CO
4923|Michael Jones|555-304-8460|1495 Maple St, Franklin|PE
4924|Mary Miller|555-717-4193|7596 Cedar Rd, Greenville|CL
4925|Michael Brown|555-111-3321|2589 Main St, Greenville|MX
4926|Jennifer Williams|555-155-7281|9725 Pine St, Greenville|CO
4927|James Johnson|555-638-3626|7408 Main St, Springfield|PE
4928|Mary Jones|555-270-8788|1394 Oak Ave, Greenville|CL
4929|John Smith|555-292-1384|6553 Cedar Rd, Greenville|MX
4930|James Garcia|555-898-5842|9585 Oak Ave, Springfield|CO
4931|Jennifer Davis|555-955-8589|4036 Pine St, Bristol|PE
4932|Robert Johnson|555-242-7688|4126 Pine St, Greenville|CL
4933|James Williams|555-787-9445|4625 Cedar Rd, Riverside|MX
4934|Michael Johnson|555-426-1297|8308 Cedar Rd, Franklin|CO
4935|Mary Smith|555-475-3492|3603 Oak Ave, Riverside|PE
4936|Michael Jones|555-483-9897|2652 Cedar Rd, Riverside|CL
4937|Michael Davis|555-733-8158|5390 Main St, Bristol|MX
4938|Robert Johnson|555-175-9370|5345 Cedar Rd, Springfield|CO
4939|Jennifer Johnson|555-349-2611|1649 Lakeview Dr, Greenville|PE
4940|Patricia Davis|555-135-8912|7314 Main St, Franklin|CL
4941|Linda Williams|555-874-5123|2676 Cedar Rd, Springfield|MX
4942|James Garcia|555-405-4612|7474 Lakeview Dr, Greenville|CO
4943|Michael Smith|555-885-8436|1880 Pine St, Riverside|PE
4944|Mary Davis|555-385-6953|8524 Lakeview Dr, Springfield|CL
4945|Jennifer Jones|555-846-1577|2460 Maple St, Bristol|MX
4946|Patricia Miller|555-418-9654|2548 Oak Ave, Springfield|CO
4947|Robert Davis|555-340-5418|4196 Cedar Rd, Madison|PE
4948|Michael Johnson|555-628-9397|6966 Pine St, Franklin|CL
4949|Patricia Davis|555-608-2036|555 Maple St, Springfield|MX
4950|Patricia Davis|555-844-2637|848 Cedar Rd, Madison|CO
4951|Linda Williams|555-215-2107|6894 Pine St, Greenville|PE
4952|Patricia Miller|555-656-6292|8544 Maple St, Springfield|CL
4953|John Johnson|555-391-5372|962 Maple St, Greenville|MX
4954|Robert Davis|555-168-5477|7984 Pine St, Franklin|CO
4955|Jennifer Smith|555-652-3443|6792 Lakeview Dr, Greenville|PE
4956|Mary Garcia|555-345-2587|5126 Oak Ave, Riverside|CL
4957|Michael Miller|555-930-5543|5517 Maple St, Greenville|MX
4958|Robert Brown|555-763-1645|5859 Cedar Rd, Riverside|CO
4959|Linda Smith|555-433-8556|5637 Cedar Rd, Springfield|PE
4960|Patricia Smith|555-406-7340|5796 Maple St, Franklin|CL
4961|Michael Garcia|555-328-8546|2612 Cedar Rd, Springfield|MX
4962|Michael Brown|555-196-9288|3329 Maple St, Greenville|CO
4963|John Davis|555-327-1859|4886 Maple St, Bristol|PE
4964|Linda Garcia|555-740-7216|9429 Main St, Greenville|CL
4965|Linda Williams|555-554-9268|5717 Main St, Bristol|MX
4966|Mary Davis|555-201-1685|7036 Lakeview Dr, Springfield|CO
4967|Robert Smith|555-491-1529|3734 Pine St, Greenville|PE
4968|Patricia Williams|555-602-7469|5125 Main St, Bristol|CL
4969|Michael Williams|555-868-4660|2659 Pine St, Bristol|MX
4970|Jennifer Davis|555-903-9591|5753 Oak Ave, Franklin|CO
4971|John Garcia|555-718-3456|6614 Cedar Rd, Madison|PE
4972|Michael Miller|555-245-8065|6299 Lakeview Dr, Riverside|CL
4973|Patricia Jones|555-530-2825|2471 Lakeview Dr, Franklin|MX
4974|Jennifer Garcia|555-439-8956|3084 Main St, Springfield|CO
4975|James Miller|555-420-1184|9374 Maple St, Springfield|PE
4976|Jennifer Brown|555-839-1853|3215 Maple St, Franklin|CL
4977|James Johnson|555-449-6519|775 Main St, Bristol|MX
4978|John Davis|555-959-4879|881 Oak Ave, Greenville|CO
4979|Mary Jones|555-288-3055|2221 Maple St, Madison|PE
4980|Michael Miller|555-615-4586|8239 Cedar Rd, Bristol|CL
4981|Patricia Miller|555-552-2089|4802 Lakeview Dr, Madison|MX
4982|James Johnson|555-704-6140|6216 Lakeview Dr, Greenville|CO
4983|Patricia Williams|555-336-1841|3379 Pine St, Bristol|PE
4984|Patricia Jones|555-365-2083|8142 Cedar Rd, Greenville|CL
4985|Robert Jones|555-781-4886|5076 Oak Ave, Springfield|MX
4986|James Williams|555-480-5287|8117 Oak Ave, Franklin|CO
4987|Linda Johnson|555-898-3497|6949 Maple St, Bristol|PE
4988|Jennifer Williams|555-965-6592|6414 Lakeview Dr, Franklin|CL
4989|Mary Smith|555-133-5373|4173 Main St, Franklin|MX
4990|Linda Williams|555-543-1666|182 Maple St, Riverside|CO
4991|Michael Jones|555-612-4895|2574 Lakeview Dr, Springfield|PE
4992|John Smith|555-330-7193|8463 Maple St, Madison|CL
4993|Mary Johnson|555-267-7044|8463 Main St, Madison|MX
4994|Linda Davis|555-137-2291|273 Lakeview Dr, Madison|CO
4995|Robert Brown|555-416-5169|7162 Maple St, Madison|PE
4996|Michael Johnson|555-138-3590|7220 Main St, Franklin|CL
4997|Robert Johnson|555-187-7330|9957 Oak Ave, Springfield|MX
4998|Robert Miller|555-381-8646|2257 Lakeview Dr, Springfield|CO
4999|John Miller|555-451-4988|2422 Lakeview Dr, Springfield|PE
5000|Michael Miller|555-215-5171|1855 Lakeview Dr, Springfield|CL
5001|Mary Miller|555-764-7734|5783 Pine St, Franklin|MX
5002|John Brown|555-425-7084|6050 Lakeview Dr, Springfield|CO
5003|Michael Brown|555-618-9782|1552 Main St, Greenville|PE
5004|Michael Brown|555-395-8183|4299 Main St, Madison|CL
5005|Patricia Brown|555-684-7907|1933 Pine St, Springfield|MX
5006|James Brown|555-619-8322|8459 Pine St, Riverside|CO
5007|James Miller|555-444-8167|5345 Main St, Bristol|PE
5008|Robert Williams|555-761-8273|6484 Pine St, Madison|CL
5009|Linda Smith|555-851-8770|3929 Pine St, Bristol|MX
5010|Linda Jones|555-217-1156|1005 Oak Ave, Bristol|CO
5011|Linda Jones|555-549-2291|662 Oak Ave, Springfield|PE
5012|Patricia Johnson|555-220-3865|4167 Main St, Greenville|CL
5013|Patricia Jones|555-253-8567|9790 Main St, Madison|MX
5014|Robert Smith|555-655-7098|6910 Oak Ave, Springfield|CO
5015|Patricia Miller|555-802-4986|479 Oak Ave, Springfield|PE
5016|Robert Smith|555-903-4212|8610 Cedar Rd, Springfield|CL
5017|Linda Miller|555-502-9591|4069 Oak Ave, Madison|MX
5018|Mary Smith|555-206-4310|5793 Oak Ave, Greenville|CO
5019|Mary Davis|555-360-3371|419 Lakeview Dr, Springfield|PE
5020|Mary Davis|555-840-9964|1324 Maple St, Franklin|CL
5021|Robert Miller|555-335-6669|8037 Lakeview Dr, Franklin|MX
5022|Mary Davis|555-776-5452|5932 Lakeview Dr, Riverside|CO
5023|Robert Williams|555-972-6928|7997 Oak Ave, Riverside|PE
5024|Jennifer Davis|555-252-4790|1414 Lakeview Dr, Madison|CL
5025|Michael Brown|555-987-8422|4779 Lakeview Dr, Springfield|MX
5026|Robert Jones|555-520-3410|8527 Maple St, Riverside|CO
5027|James Williams|555-415-7938|9150 Lakeview Dr, Franklin|PE
5028|Jennifer Smith|555-726-6798|486 Pine St, Greenville|CL
5029|James Johnson|555-661-7359|9176 Cedar Rd, Riverside|MX
5030|Patricia Johnson|555-591-9339|9631 Maple St, Madison|CO
5031|Mary Smith|555-716-6109|2408 Maple St, Riverside|PE
5032|Mary Johnson|555-199-4604|5121 Main St, Greenville|CL
5033|Mary Garcia|555-903-1081|9679 Cedar Rd, Bristol|MX
5034|Mary Brown|555-858-6228|6025 Cedar Rd, Greenville|CO
5035|James Garcia|555-599-5064|3920 Oak Ave, Greenville|PE
5036|Michael Garcia|555-101-2024|6568 Lakeview Dr, Springfield|CL
5037|Mary Brown|555-841-5283|3159 Pine St, Springfield|MX
5038|Robert Brown|555-393-8238|1513 Oak Ave, Greenville|CO
5039|Patricia Brown|555-611-2963|4167 Main St, Riverside|PE
5040|Jennifer Jones|555-207-6054|180 Cedar Rd, Greenville|CL
5041|Linda Davis|555-238-9685|5297 Oak Ave, Bristol|MX
5042|Jennifer Williams|555-257-2433|5201 Main St, Bristol|CO
5043|Mary Smith|555-961-9573|4241 Oak Ave, Bristol|PE
5044|Michael Williams|555-451-4074|6730 Lakeview Dr, Franklin|CL
5045|Jennifer Garcia|555-484-8323|8002 Main St, Springfield|MX
5046|John Davis|555-202-2180|8766 Main St, Springfield|CO
5047|Mary Jones|555-941-9631|1948 Maple St, Bristol|PE
5048|Patricia Johnson|555-152-1675|958 Oak Ave, Madison|CL
5049|Linda Smith|555-798-6884|3557 Cedar Rd, Franklin|MX
5050|John Johnson|555-349-5514|5774 Main St, Bristol|CO
5051|John Johnson|555-843-2769|1717 Oak Ave, Springfield|PE
5052|John Jones|555-473-7670|4257 Lakeview Dr, Riverside|CL
5053|Mary Smith|555-863-6319|1071 Oak Ave, Greenville|MX
5054|Michael Smith|555-413-3245|7789 Main St, Bristol|CO
5055|Robert Johnson|555-975-8898|1865 Maple St, Riverside|PE
5056|Robert Brown|555-972-2939|3794 Maple St, Franklin|CL
5057|Michael Garcia|555-365-6659|4150 Lakeview Dr, Springfield|MX
5058|James Williams|555-478-7689|2090 Oak Ave, Madison|CO
5059|Robert Johnson|555-279-4739|6916 Oak Ave, Springfield|PE
5060|Mary Jones|555-443-6169|5220 Main St, Madison|CL
5061|James Davis|555-855-3926|5088 Oak Ave, Greenville|MX
5062|Michael Miller|555-616-6271|6193 Oak Ave, Riverside|CO
5063|Jennifer Jones|555-379-1563|4895 Main St, Riverside|PE
5064|Robert Davis|555-598-8744|5013 Maple St, Franklin|CL
5065|Patricia Jones|555-509-8061|5868 Cedar Rd, Franklin|MX
5066|Linda Smith|555-110-7100|5625 Pine St, Greenville|CO
5067|Linda Johnson|555-441-3240|3666 Main St, Greenville|PE
5068|Michael Garcia|555-748-8606|516 Lakeview Dr, Greenville|CL
5069|John Miller|555-100-4551|9473 Lakeview Dr, Bristol|MX
5070|Michael Williams|555-937-8337|7083 Lakeview Dr, Franklin|CO
5071|John Jones|555-531-3752|4412 Cedar Rd, Riverside|PE
5072|Patricia Brown|555-214-5921|6496 Lakeview Dr, Franklin|CL
5073|Jennifer Miller|555-944-2710|3499 Oak Ave, Riverside|MX
5074|Michael Johnson|555-650-7390|1373 Main St, Franklin|CO
5075|Linda Miller|555-663-7607|7154 Pine St, Springfield|PE
5076|Jennifer Williams|555-298-5716|5299 Maple St, Greenville|CL
5077|Michael Johnson|555-432-4653|8743 Oak Ave, Riverside|MX
5078|Patricia Smith|555-866-3008|8190 Oak Ave, Greenville|CO
5079|Jennifer Jones|555-920-3775|6451 Maple St, Greenville|PE
5080|Linda Johnson|555-499-2707|8336 Main St, Springfield|CL
5081|Patricia Jones|555-546-5569|5914 Pine St, Bristol|MX
5082|James Davis|555-942-6669|719 Pine St, Greenville|CO
5083|Linda Brown|555-985-5749|1829 Main St, Riverside|PE
5084|Mary Jones|555-850-3545|2721 Main St, Bristol|CL
5085|Robert Davis|555-187-7687|8710 Lakeview Dr, Franklin|MX
5086|Mary Davis|555-253-8243|7234 Maple St, Franklin|CO
5087|Michael Jones|555-675-9213|1883 Cedar Rd, Madison|PE
5088|Linda Garcia|555-896-6646|6338 Maple St, Riverside|CL
5089|Linda Jones|555-480-8469|2440 Lakeview Dr, Madison|MX
5090|Jennifer Brown|555-485-9229|8381 Oak Ave, Riverside|CO
5091|John Garcia|555-800-5884|4732 Main St, Bristol|PE
5092|Michael Miller|555-340-7354|8712 Maple St, Greenville|CL
5093|Michael Davis|555-278-4421|8818 Pine St, Bristol|MX
5094|John Brown|555-468-8147|5328 Maple St, Springfield|CO
5095|Linda Brown|555-944-9235|3521 Lakeview Dr, Bristol|PE
5096|Michael Smith|555-477-2755|4956 Main St, Franklin|CL
5097|John Miller|555-322-7318|5960 Main St, Madison|MX
5098|Patricia Smith|555-700-2952|1181 Maple St, Springfield|CO
5099|Mary Johnson|555-341-9324|9371 Cedar Rd, Greenville|PE
5100|Michael Miller|555-846-2839|6788 Oak Ave, Bristol|CL
5101|John Brown|555-704-9517|361 Pine St, Franklin|MX
5102|Robert Brown|555-352-5418|5911 Pine St, Springfield|CO
5103|Robert Davis|555-255-8098|910 Pine St, Greenville|PE
5104|Patricia Garcia|555-978-4613|8765 Cedar Rd, Madison|CL
5105|Jennifer Williams|555-124-9975|9302 Maple St, Greenville|MX
5106|John Smith|555-170-7553|2842 Lakeview Dr, Madison|CO
5107|Mary Jones|555-475-6539|9605 Lakeview Dr, Riverside|PE
5108|Patricia Jones|555-440-4364|3552 Oak Ave, Riverside|CL
5109|John Williams|555-687-8725|9976 Main St, Franklin|MX
5110|Patricia Jones|555-817-8187|515 Cedar Rd, Madison|CO
5111|Linda Davis|555-623-4300|7725 Pine St, Madison|PE
5112|Jennifer Williams|555-452-7372|9031 Main St, Springfield|CL
5113|Michael Garcia|555-307-9730|2161 Lakeview Dr, Springfield|MX
5114|John Garcia|555-734-3191|9969 Maple St, Riverside|CO
5115|Patricia Jones|555-627-4985|8766 Pine St, Greenville|PE
5116|Michael Brown|555-170-4185|6019 Lakeview Dr, Springfield|CL
5117|Robert Williams|555-796-6242|6330 Lakeview Dr, Madison|MX
5118|Patricia Jones|555-608-3029|1324 Pine St, Bristol|CO
5119|James Smith|555-252-8268|208 Pine St, Bristol|PE
5120|Patricia Johnson|555-258-7354|1693 Lakeview Dr, Bristol|CL
5121|Michael Smith|555-477-1701|9041 Maple St, Madison|MX
5122|Jennifer Brown|555-725-7515|9938 Main St, Franklin|CO
5123|Mary Jones|555-475-1739|8304 Oak Ave, Greenville|PE
5124|Robert Davis|555-829-9723|9140 Pine St, Franklin|CL
5125|Linda Miller|555-197-9236|7487 Maple St, Franklin|MX
5126|Robert Brown|555-329-3474|6976 Oak Ave, Riverside|CO
5127|Patricia Smith|555-915-4322|1722 Lakeview Dr, Springfield|PE
5128|Robert Johnson|555-281-7591|4392 Maple St, Bristol|CL
5129|James Smith|555-229-1748|4149 Pine St, Franklin|MX
5130|John Jones|555-299-6600|4764 Main St, Bristol|CO
5131|Michael Miller|555-823-3252|9288 Cedar Rd, Greenville|PE
5132|John Jones|555-620-2332|7858 Oak Ave, Riverside|CL
5133|Jennifer Brown|555-573-2158|4365 Oak Ave, Riverside|MX
5134|Linda Smith|555-943-8482|6972 Cedar Rd, Franklin|CO
5135|John Johnson|555-688-5699|9996 Oak Ave, Bristol|PE
5136|John Davis|555-581-6378|3367 Pine St, Bristol|CL
5137|Robert Williams|555-917-4578|9494 Oak Ave, Franklin|MX
5138|Patricia Brown|555-442-5907|3235 Main St, Springfield|CO
5139|Mary Miller|555-754-1139|7197 Cedar Rd, Greenville|PE
5140|James Williams|555-202-2339|5169 Main St, Springfield|CL
5141|Mary Brown|555-853-9750|9742 Main St, Bristol|MX
5142|Robert Johnson|555-194-2204|1282 Lakeview Dr, Bristol|CO
5143|Robert Jones|555-560-1222|7325 Maple St, Franklin|PE
5144|Patricia Davis|555-660-6433|8647 Pine St, Greenville|CL
5145|John Smith|555-995-7787|8152 Maple St, Bristol|MX
5146|John Williams|555-340-5311|9945 Lakeview Dr, Bristol|CO
5147|John Williams|555-733-3916|6754 Main St, Riverside|PE
5148|Jennifer Smith|555-417-4403|7980 Lakeview Dr, Greenville|CL
5149|James Brown|555-912-9696|7744 Lakeview Dr, Greenville|MX
5150|Mary Johnson|555-684-4650|685 Lakeview Dr, Bristol|CO
5151|Jennifer Brown|555-433-2533|9632 Main St, Madison|PE
5152|Robert Jones|555-986-7575|633 Maple St, Riverside|CL
5153|Robert Johnson|555-287-9435|9029 Pine St, Franklin|MX
5154|Michael Miller|555-647-6732|5635 Lakeview Dr, Springfield|CO
5155|Michael Smith|555-667-3838|6979 Main St, Franklin|PE
5156|Jennifer Brown|555-395-5308|3604 Maple St, Bristol|CL
5157|John Smith|555-549-6238|6380 Pine St, Greenville|MX
5158|Linda Smith|555-567-5260|8398 Lakeview Dr, Riverside|CO
5159|John Johnson|555-782-7408|1998 Cedar Rd, Springfield|PE
5160|Mary Johnson|555-420-7101|1288 Maple St, Riverside|CL
5161|Jennifer Garcia|555-582-1952|7450 Oak Ave, Springfield|MX
5162|Jennifer Smith|555-861-4158|2497 Cedar Rd, Riverside|CO
5163|Robert Brown|555-757-6617|8991 Cedar Rd, Madison|PE
5164|Jennifer Miller|555-387-1004|5881 Oak Ave, Franklin|CL
5165|Robert Johnson|555-571-9988|3084 Pine St, Springfield|MX
5166|Michael Williams|555-771-7920|1365 Maple St, Springfield|CO
5167|John Smith|555-121-4292|9427 Maple St, Riverside|PE
5168|Michael Williams|555-505-1680|1145 Maple St, Greenville|CL
5169|James Garcia|555-466-7850|6291 Cedar Rd, Madison|MX
5170|Robert Garcia|555-935-4628|5961 Lakeview Dr, Franklin|CO
5171|John Miller|555-983-4175|8218 Oak Ave, Bristol|PE
5172|Robert Brown|555-916-4574|2404 Oak Ave, Springfield|CL
5173|Robert Johnson|555-428-8597|588 Maple St, Bristol|MX
5174|Jennifer Williams|555-630-9646|5682 Lakeview Dr, Riverside|CO
5175|John Brown|555-712-6807|5144 Lakeview Dr, Greenville|PE
5176|Jennifer Williams|555-192-6745|2038 Main St, Riverside|CL
5177|Jennifer Davis|555-407-1070|3045 Oak Ave, Bristol|MX
5178|Patricia Johnson|555-708-9945|3525 Lakeview Dr, Bristol|CO
5179|James Jones|555-541-8823|4735 Oak Ave, Bristol|PE
5180|Michael Garcia|555-385-4565|1221 Cedar Rd, Greenville|CL
5181|Mary Smith|555-642-7114|3096 Lakeview Dr, Bristol|MX
5182|James Brown|555-854-2252|1874 Pine St, Bristol|CO
5183|Mary Brown|555-229-4675|5408 Lakeview Dr, Riverside|PE
5184|Patricia Garcia|555-398-8730|5395 Cedar Rd, Bristol|CL
5185|Mary Brown|555-902-1886|6789 Main St, Franklin|MX
5186|John Garcia|555-940-4458|2618 Oak Ave, Franklin|CO
5187|Jennifer Jones|555-462-2356|7850 Lakeview Dr, Franklin|PE
5188|James Miller|555-303-7074|7003 Pine St, Riverside|CL
5189|Patricia Davis|555-976-8250|1540 Maple St, Riverside|MX
5190|Michael Brown|555-135-4163|6807 Pine St, Bristol|CO
5191|Linda Smith|555-433-9213|885 Pine St, Franklin|PE
5192|Patricia Williams|555-840-4141|6579 Lakeview Dr, Bristol|CL
5193|James Smith|555-187-9149|7077 Main St, Riverside|MX
5194|John Davis|555-612-2593|4100 Main St, Riverside|CO
5195|Linda Brown|555-378-2329|1742 Pine St, Madison|PE
5196|Mary Johnson|555-894-2583|9188 Maple St, Franklin|CL
5197|Mary Brown|555-444-4129|7308 Cedar Rd, Franklin|MX
5198|Mary Johnson|555-136-3480|7100 Oak Ave, Bristol|CO
5199|Patricia Miller|555-556-7250|4484 Oak Ave, Bristol|PE
5200|Linda Brown|555-578-7863|9768 Oak Ave, Riverside|CL
5201|Linda Brown|555-874-5898|7536 Pine St, Bristol|MX
5202|John Smith|555-948-5478|6323 Cedar Rd, Springfield|CO
5203|Linda Smith|555-597-3545|6424 Main St, Springfield|PE
5204|Linda Smith|555-300-8397|8937 Pine St, Bristol|CL
5205|Mary Smith|555-330-9685|2561 Maple St, Madison|MX
5206|Linda Davis|555-778-7205|7376 Lakeview Dr, Franklin|CO
5207|Patricia Williams|555-316-6801|5952 Cedar Rd, Greenville|PE
5208|Mary Miller|555-828-6495|6595 Cedar Rd, Bristol|CL
5209|Patricia Williams|555-562-3188|6530 Main St, Franklin|MX
5210|Linda Williams|555-189-8414|4020 Oak Ave, Bristol|CO
5211|Jennifer Miller|555-312-7853|5164 Cedar Rd, Springfield|PE
5212|Patricia Garcia|555-626-9334|1977 Cedar Rd, Riverside|CL
5213|Robert Miller|555-958-5056|6562 Maple St, Franklin|MX
5214|Robert Jones|555-752-4227|7334 Main St, Riverside|CO
5215|Mary Brown|555-270-3588|9631 Oak Ave, Riverside|PE
5216|Patricia Johnson|555-189-6486|372 Cedar Rd, Madison|CL
5217|Jennifer Johnson|555-762-4989|8675 Main St, Greenville|MX
5218|Linda Brown|555-924-1803|6231 Oak Ave, Bristol|CO
5219|John Davis|555-910-8270|5010 Pine St, Madison|PE
5220|Linda Davis|555-362-8005|2775 Oak Ave, Riverside|CL
5221|Patricia Davis|555-369-9349|5678 Lakeview Dr, Springfield|MX
5222|Linda Garcia|555-308-9830|5535 Maple St, Bristol|CO
5223|Patricia Smith|555-956-8416|776 Pine St, Franklin|PE
5224|John Smith|555-705-5732|8637 Main St, Bristol|CL
5225|James Davis|555-780-6844|6335 Lakeview Dr, Greenville|MX
5226|Mary Johnson|555-113-8733|4199 Maple St, Greenville|CO
5227|Patricia Jones|555-162-5314|5360 Cedar Rd, Bristol|PE
5228|Mary Miller|555-272-9429|5719 Oak Ave, Madison|CL
5229|Robert Garcia|555-818-2585|264 Oak Ave, Madison|MX
5230|John Smith|555-487-7105|2143 Pine St, Riverside|CO
5231|Mary Brown|555-233-1257|1762 Oak Ave, Riverside|PE
5232|John Johnson|555-673-1512|5414 Pine St, Riverside|CL
5233|Linda Johnson|555-417-1319|6734 Cedar Rd, Franklin|MX
5234|Robert Johnson|555-331-1274|5766 Maple St, Madison|CO
5235|Mary Brown|555-228-4398|5339 Oak Ave, Springfield|PE
5236|John Brown|555-430-1142|7600 Oak Ave, Springfield|CL
5237|Robert Miller|555-280-3667|8954 Maple St, Riverside|MX
5238|John Smith|555-715-5592|5071 Cedar Rd, Springfield|CO
5239|Mary Smith|555-897-6461|9578 Cedar Rd, Franklin|PE
5240|James Miller|555-333-3254|137 Cedar Rd, Bristol|CL
5241|John Davis|555-580-4842|592 Maple St, Franklin|MX
5242|Linda Johnson|555-504-7076|9056 Main St, Franklin|CO
5243|James Davis|555-970-4266|5990 Cedar Rd, Greenville|PE
5244|Michael Smith|555-818-4263|4448 Maple St, Bristol|CL
5245|Jennifer Brown|555-617-8845|7409 Maple St, Madison|MX
5246|Linda Brown|555-995-5739|8509 Pine St, Franklin|CO
5247|Patricia Smith|555-554-5670|5657 Cedar Rd, Greenville|PE
5248|Jennifer Davis|555-445-2816|9840 Pine St, Franklin|CL
5249|Mary Brown|555-105-9852|2845 Pine St, Bristol|MX
5250|Jennifer Brown|555-484-3631|6777 Oak Ave, Franklin|CO
5251|Patricia Johnson|555-329-2919|910 Maple St, Springfield|PE
5252|Robert Williams|555-574-8438|1343 Main St, Riverside|CL
5253|Jennifer Smith|555-367-4706|9427 Main St, Franklin|MX
5254|Mary Brown|555-462-6794|6439 Cedar Rd, Franklin|CO
5255|Mary Williams|555-109-5249|7873 Maple St, Greenville|PE
5256|Michael Smith|555-723-5951|8018 Lakeview Dr, Bristol|CL
5257|John Garcia|555-562-2736|7408 Oak Ave, Riverside|MX
5258|Jennifer Smith|555-172-8712|7609 Maple St, Riverside|CO
5259|Patricia Jones|555-275-6728|6596 Maple St, Madison|PE
5260|Michael Garcia|555-769-3342|2377 Main St, Riverside|CL
5261|Mary Miller|555-893-6256|9091 Maple St, Bristol|MX
5262|Jennifer Davis|555-660-5880|925 Cedar Rd, Bristol|CO
5263|John Davis|555-346-3982|3070 Pine St, Bristol|PE
5264|Jennifer Smith|555-674-2445|3393 Pine St, Springfield|CL
5265|Linda Smith|555-543-2855|4078 Maple St, Greenville|MX
5266|Jennifer Smith|555-815-4122|8902 Pine St, Madison|CO
5267|Jennifer Johnson|555-610-7054|4444 Pine St, Riverside|PE
5268|Jennifer Davis|555-295-8186|3186 Oak Ave, Bristol|CL
5269|Linda Jones|555-801-1194|4543 Lakeview Dr, Bristol|MX
5270|Robert Jones|555-184-5856|2668 Maple St, Greenville|CO
5271|Jennifer Brown|555-513-4688|529 Maple St, Madison|PE
5272|Mary Brown|555-569-1543|8218 Cedar Rd, Greenville|CL
5273|Michael Smith|555-630-3601|7159 Maple St, Madison|MX
5274|John Garcia|555-201-9595|2981 Main St, Madison|CO
5275|Michael Garcia|555-563-1970|5301 Lakeview Dr, Greenville|PE
5276|Linda Davis|555-574-1777|2041 Lakeview Dr, Springfield|CL
5277|Jennifer Johnson|555-613-4663|5730 Main St, Madison|MX
5278|Patricia Garcia|555-286-8392|1310 Oak Ave, Bristol|CO
5279|Robert Miller|555-249-8000|7038 Pine St, Bristol|PE
5280|James Smith|555-714-6958|2363 Oak Ave, Madison|CL
5281|Michael Smith|555-764-6697|7796 Main St, Greenville|MX
5282|Michael Williams|555-787-8727|4991 Maple St, Franklin|CO
5283|Mary Williams|555-404-8046|9325 Pine St, Madison|PE
5284|Linda Brown|555-924-3625|3048 Maple St, Greenville|CL
5285|Mary Johnson|555-439-2658|8498 Pine St, Springfield|MX
5286|James Davis|555-429-7755|7291 Cedar Rd, Franklin|CO
5287|James Brown|555-602-6874|8212 Oak Ave, Franklin|PE
5288|Linda Jones|555-987-9185|1161 Cedar Rd, Bristol|CL
5289|Mary Jones|555-488-4864|6695 Oak Ave, Greenville|MX
5290|Patricia Brown|555-810-1928|2953 Cedar Rd, Springfield|CO
5291|Mary Brown|555-577-5126|5088 Maple St, Madison|PE
5292|Robert Brown|555-314-5935|3442 Pine St, Riverside|CL
5293|Linda Miller|555-991-3593|1544 Pine St, Bristol|MX
5294|Robert Miller|555-509-2481|9375 Main St, Franklin|CO
5295|Patricia Smith|555-310-5745|1837 Oak Ave, Bristol|PE
5296|Michael Jones|555-895-3072|2774 Lakeview Dr, Bristol|CL
5297|Robert Davis|555-417-4056|1248 Main St, Franklin|MX
5298|Mary Smith|555-403-4079|8746 Oak Ave, Greenville|CO
5299|James Smith|555-985-2730|5745 Maple St, Madison|PE
5300|Mary Smith|555-803-6762|729 Maple St, Greenville|CL
5301|Patricia Miller|555-615-7700|3630 Cedar Rd, Franklin|MX
5302|Jennifer Brown|555-309-8247|5517 Maple St, Greenville|CO
5303|Robert Miller|555-674-5944|8156 Oak Ave, Bristol|PE
5304|John Williams|555-468-1786|4431 Main St, Madison|CL
5305|Jennifer Garcia|555-166-5646|4327 Lakeview Dr, Riverside|MX
5306|Linda Miller|555-989-9748|1238 Oak Ave, Riverside|CO
5307|Jennifer Jones|555-545-3302|4065 Pine St, Franklin|PE
5308|James Garcia|555-605-1468|2277 Oak Ave, Greenville|CL
5309|Patricia Brown|555-872-9813|7138 Oak Ave, Riverside|MX
5310|Michael Johnson|555-284-5031|2334 Pine St, Greenville|CO
5311|Linda Davis|555-775-6930|2974 Main St, Riverside|PE
5312|Mary Brown|555-418-4151|9373 Main St, Bristol|CL
5313|Patricia Jones|555-763-9288|1378 Oak Ave, Greenville|MX
5314|Jennifer Williams|555-312-2948|1634 Lakeview Dr, Bristol|CO
5315|Linda Jones|555-298-7969|9062 Cedar Rd, Greenville|PE
5316|Linda Williams|555-942-2277|658 Main St, Riverside|CL
5317|Linda Smith|555-696-4397|1482 Cedar Rd, Springfield|MX
5318|Linda Jones|555-951-6087|4660 Main St, Bristol|CO
5319|James Brown|555-854-6080|2081 Pine St, Springfield|PE
5320|James Garcia|555-742-3024|9296 Maple St, Bristol|CL
5321|John Garcia|555-791-7118|7425 Cedar Rd, Riverside|MX
5322|Michael Garcia|555-824-8764|4920 Lakeview Dr, Madison|CO
5323|Patricia Brown|555-185-6206|9117 Oak Ave, Madison|PE
5324|John Williams|555-766-5322|7925 Lakeview Dr, Riverside|CL
5325|Michael Smith|555-702-3126|3134 Maple St, Springfield|MX
5326|Patricia Brown|555-450-5471|5486 Maple St, Franklin|CO
5327|Robert Davis|555-893-9802|6818 Lakeview Dr, Bristol|PE
5328|Mary Jones|555-614-2607|1470 Oak Ave, Springfield|CL
5329|John Johnson|555-247-5042|5084 Maple St, Springfield|MX
5330|Jennifer Johnson|555-365-9325|9190 Maple St, Bristol|CO
5331|James Brown|555-233-6083|8953 Cedar Rd, Franklin|PE
5332|Jennifer Williams|555-145-1601|7643 Oak Ave, Franklin|CL
5333|John Davis|555-253-4743|7227 Lakeview Dr, Madison|MX
5334|Patricia Jones|555-519-1230|4305 Lakeview Dr, Bristol|CO
5335|Michael Jones|555-504-1863|2919 Oak Ave, Franklin|PE
5336|Michael Smith|555-332-9575|4818 Cedar Rd, Riverside|CL
5337|Mary Johnson|555-312-3455|8672 Main St, Bristol|MX
5338|Linda Johnson|555-931-5897|7323 Oak Ave, Greenville|CO
5339|Patricia Miller|555-731-8017|4777 Maple St, Franklin|PE
5340|Patricia Johnson|555-328-1061|2650 Lakeview Dr, Greenville|CL
5341|John Johnson|555-927-9441|4299 Cedar Rd, Riverside|MX
5342|Linda Davis|555-952-6735|6678 Maple St, Greenville|CO
5343|Jennifer Garcia|555-328-1632|3978 Pine St, Bristol|PE
5344|Jennifer Smith|555-590-1881|6676 Pine St, Riverside|CL
5345|John Williams|555-981-4339|1168 Main St, Franklin|MX
5346|Mary Jones|555-745-6592|887 Pine St, Springfield|CO
5347|John Davis|555-461-3761|9215 Oak Ave, Greenville|PE
5348|Robert Brown|555-253-9955|2061 Cedar Rd, Springfield|CL
5349|Robert Brown|555-810-8628|6459 Pine St, Riverside|MX
5350|Jennifer Davis|555-951-5551|902 Pine St, Franklin|CO
5351|John Smith|555-873-9227|517 Pine St, Springfield|PE
5352|Mary Jones|555-828-8642|9586 Maple St, Bristol|CL
5353|Michael Miller|555-363-9786|536 Lakeview Dr, Madison|MX
5354|James Williams|555-206-3912|4967 Main St, Bristol|CO
5355|Patricia Garcia|555-671-3613|329 Cedar Rd, Springfield|PE
5356|John Smith|555-577-5826|8706 Lakeview Dr, Madison|CL
5357|Michael Miller|555-969-9539|4928 Lakeview Dr, Riverside|MX
5358|Robert Williams|555-604-5758|7182 Oak Ave, Madison|CO
5359|Linda Brown|555-785-7050|7049 Oak Ave, Greenville|PE
5360|Jennifer Garcia|555-759-2611|9426 Main St, Madison|CL
5361|Jennifer Johnson|555-864-4057|7391 Maple St, Greenville|MX
5362|Michael Garcia|555-458-9717|717 Pine St, Springfield|CO
5363|Michael Smith|555-163-4313|5898 Cedar Rd, Greenville|PE
5364|Jennifer Garcia|555-443-2484|3071 Main St, Springfield|CL
5365|Patricia Miller|555-810-7866|8394 Cedar Rd, Franklin|MX
5366|James Williams|555-389-5918|8577 Lakeview Dr, Bristol|CO
5367|Linda Brown|555-490-8291|524 Maple St, Greenville|PE
5368|Mary Smith|555-661-9831|1785 Maple St, Bristol|CL
5369|Linda Miller|555-603-5179|4152 Maple St, Riverside|MX
5370|Jennifer Jones|555-860-4825|2898 Pine St, Bristol|CO
5371|Jennifer Garcia|555-218-2989|7574 Main St, Riverside|PE
5372|John Jones|555-316-7491|1875 Oak Ave, Riverside|CL
5373|Patricia Davis|555-455-6058|3959 Pine St, Bristol|MX
5374|Linda Brown|555-266-6192|9952 Pine St, Greenville|CO
5375|Mary Brown|555-153-3563|9536 Oak Ave, Bristol|PE
5376|Linda Brown|555-997-6943|9375 Cedar Rd, Madison|CL
5377|Mary Davis|555-923-7970|6266 Main St, Madison|MX
5378|Patricia Johnson|555-533-1599|4858 Lakeview Dr, Madison|CO
5379|Patricia Brown|555-147-2766|904 Lakeview Dr, Springfield|PE
5380|Linda Brown|555-183-8247|1176 Lakeview Dr, Madison|CL
5381|Patricia Miller|555-669-6981|3614 Maple St, Riverside|MX
5382|Linda Miller|555-786-8469|1166 Cedar Rd, Bristol|CO
5383|Michael Smith|555-381-2963|6637 Maple St, Franklin|PE
5384|John Williams|555-475-6511|5075 Main St, Greenville|CL
5385|Linda Johnson|555-403-2061|9057 Main St, Madison|MX
5386|Michael Garcia|555-823-3240|5710 Pine St, Madison|CO
5387|Mary Garcia|555-679-1933|6150 Lakeview Dr, Madison|PE
5388|Jennifer Davis|555-422-5949|6599 Lakeview Dr, Springfield|CL
5389|John Brown|555-213-5059|2205 Pine St, Franklin|MX
5390|Linda Jones|555-860-6277|495 Pine St, Greenville|CO
5391|Patricia Miller|555-940-7577|8484 Pine St, Franklin|PE
5392|Michael Smith|555-913-7673|5037 Cedar Rd, Riverside|CL
5393|Robert Brown|555-390-8648|9545 Main St, Madison|MX
5394|Robert Garcia|555-917-6373|294 Oak Ave, Madison|CO
5395|James Williams|555-578-9743|2584 Maple St, Greenville|PE
5396|Mary Davis|555-191-8891|6619 Cedar Rd, Springfield|CL
5397|Jennifer Davis|555-998-1796|9062 Main St, Riverside|MX
5398|James Miller|555-923-9212|4475 Main St, Riverside|CO
5399|Michael Johnson|555-142-8198|6468 Main St, Riverside|PE
5400|John Smith|555-696-9272|1264 Oak Ave, Bristol|CL
5401|Jennifer Davis|555-564-8551|146 Oak Ave, Riverside|MX
5402|Patricia Brown|555-202-2692|9341 Main St, Madison|CO
5403|John Johnson|555-245-2018|7625 Pine St, Bristol|PE
5404|Mary Jones|555-214-1246|834 Cedar Rd, Bristol|CL
5405|Linda Garcia|555-693-3001|7603 Cedar Rd, Riverside|MX
5406|Linda Williams|555-564-6254|3401 Oak Ave, Franklin|CO
5407|Jennifer Miller|555-587-6459|7119 Main St, Madison|PE
5408|Robert Miller|555-991-4511|6306 Pine St, Madison|CL
5409|Patricia Williams|555-750-5425|9961 Main St, Springfield|MX
5410|Mary Brown|555-553-1468|689 Cedar Rd, Madison|CO
5411|James Johnson|555-317-5627|7368 Oak Ave, Bristol|PE
5412|John Jones|555-620-5429|7331 Cedar Rd, Riverside|CL
5413|James Smith|555-647-6496|7987 Maple St, Greenville|MX
5414|Robert Davis|555-292-8390|672 Cedar Rd, Franklin|CO
5415|Robert Miller|555-921-6594|8036 Oak Ave, Madison|PE
5416|Mary Garcia|555-267-7303|3018 Pine St, Franklin|CL
5417|Jennifer Smith|555-936-3730|8112 Oak Ave, Greenville|MX
5418|Linda Johnson|555-501-2774|2798 Oak Ave, Franklin|CO
5419|Linda Garcia|555-173-5444|8015 Maple St, Bristol|PE
5420|James Smith|555-570-3576|6371 Pine St, Riverside|CL
5421|Mary Jones|555-416-4614|9139 Main St, Bristol|MX
5422|Linda Davis|555-359-3322|6958 Cedar Rd, Greenville|CO
5423|Jennifer Garcia|555-332-8631|3122 Pine St, Madison|PE
5424|Michael Miller|555-887-2995|9042 Oak Ave, Madison|CL
5425|Patricia Johnson|555-328-1061|4305 Main St, Franklin|MX
5426|Jennifer Davis|555-223-3002|2429 Maple St, Bristol|CO
5427|Michael Williams|555-937-7151|7452 Cedar Rd, Franklin|PE
5428|Jennifer Smith|555-662-3962|2305 Main St, Franklin|CL
5429|Mary Williams|555-433-2724|1503 Cedar Rd, Springfield|MX
5430|Mary Johnson|555-130-3260|479 Lakeview Dr, Springfield|CO
5431|Mary Garcia|555-449-9953|7598 Pine St, Franklin|PE
5432|Mary Williams|555-869-7542|6997 Lakeview Dr, Springfield|CL
5433|John Garcia|555-649-9606|654 Lakeview Dr, Franklin|MX
5434|James Williams|555-886-8233|6936 Lakeview Dr, Riverside|CO
5435|Robert Johnson|555-565-3089|4677 Oak Ave, Franklin|PE
5436|Patricia Johnson|555-752-3901|9384 Maple St, Madison|CL
5437|Patricia Brown|555-894-8427|4328 Oak Ave, Madison|MX
5438|John Jones|555-306-7360|475 Pine St, Madison|CO
5439|Linda Brown|555-224-3883|6020 Lakeview Dr, Greenville|PE
5440|Patricia Brown|555-760-8489|3566 Oak Ave, Franklin|CL
5441|James Garcia|555-948-1938|3322 Maple St, Springfield|MX
5442|John Smith|555-750-7004|6553 Cedar Rd, Madison|CO
5443|James Smith|555-953-2287|432 Lakeview Dr, Springfield|PE
5444|Patricia Miller|555-407-5013|3224 Cedar Rd, Franklin|CL
5445|Linda Johnson|555-970-9125|7019 Pine St, Bristol|MX
5446|John Jones|555-292-4766|4162 Oak Ave, Springfield|CO
5447|Jennifer Jones|555-211-7577|1578 Maple St, Madison|PE
5448|Robert Johnson|555-355-1805|9969 Maple St, Madison|CL
5449|Patricia Brown|555-906-2344|3951 Pine St, Riverside|MX
5450|Mary Garcia|555-452-6355|4169 Maple St, Greenville|CO
5451|Michael Garcia|555-223-7073|9415 Main St, Riverside|PE
5452|Mary Smith|555-385-8510|3073 Main St, Springfield|CL
5453|Michael Brown|555-226-3898|8390 Oak Ave, Springfield|MX
5454|Michael Jones|555-125-9455|4864 Maple St, Franklin|CO
5455|John Williams|555-784-8668|2979 Maple St, Bristol|PE
5456|Linda Davis|555-316-8997|4641 Lakeview Dr, Greenville|CL
5457|Mary Williams|555-978-8444|4006 Main St, Springfield|MX
5458|Michael Garcia|555-679-5141|3291 Maple St, Bristol|CO
5459|Linda Davis|555-633-6904|4891 Main St, Springfield|PE
5460|Jennifer Miller|555-422-8483|4011 Main St, Bristol|CL
5461|Linda Jones|555-334-5635|4765 Maple St, Franklin|MX
5462|Robert Brown|555-451-5279|2405 Pine St, Franklin|CO
5463|Mary Miller|555-143-5141|2776 Cedar Rd, Bristol|PE
5464|Linda Davis|555-997-2152|6753 Cedar Rd, Franklin|CL
5465|Linda Davis|555-993-5174|4844 Oak Ave, Greenville|MX
5466|James Davis|555-190-3614|8609 Maple St, Bristol|CO
5467|Mary Miller|555-188-2076|6199 Oak Ave, Franklin|PE
5468|Patricia Williams|555-892-2235|398 Pine St, Madison|CL
5469|James Jones|555-404-3875|6776 Maple St, Franklin|MX
5470|Michael Brown|555-345-7431|5064 Lakeview Dr, Riverside|CO
5471|Linda Johnson|555-300-4174|8961 Cedar Rd, Bristol|PE
5472|Linda Smith|555-338-6718|9684 Oak Ave, Springfield|CL
5473|Mary Johnson|555-127-6146|6005 Maple St, Springfield|MX
5474|Michael Garcia|555-956-6106|3424 Pine St, Franklin|CO
5475|Michael Williams|555-172-5456|6573 Oak Ave, Franklin|PE
5476|Linda Jones|555-405-8939|5409 Main St, Bristol|CL
5477|John Miller|555-152-6113|6052 Cedar Rd, Springfield|MX
5478|Linda Miller|555-819-1860|4833 Pine St, Madison|CO
5479|James Davis|555-306-4980|4437 Cedar Rd, Greenville|PE
5480|Robert Jones|555-480-5213|3417 Cedar Rd, Riverside|CL
5481|Michael Miller|555-196-9565|4788 Main St, Greenville|MX
5482|Mary Jones|555-620-3233|4110 Oak Ave, Greenville|CO
5483|James Jones|555-404-3361|8199 Oak Ave, Franklin|PE
5484|Patricia Jones|555-236-9787|6842 Lakeview Dr, Greenville|CL
5485|Robert Williams|555-808-9533|8460 Maple St, Greenville|MX
5486|Patricia Brown|555-979-9779|9754 Lakeview Dr, Riverside|CO
5487|Michael Garcia|555-101-5079|4762 Cedar Rd, Greenville|PE
5488|James Brown|555-224-1457|3034 Main St, Springfield|CL
5489|Mary Williams|555-449-2794|8495 Maple St, Madison|MX
5490|Michael Davis|555-236-3873|7107 Maple St, Madison|CO
5491|John Garcia|555-218-9424|8672 Maple St, Madison|PE
5492|Jennifer Davis|555-448-3350|7601 Lakeview Dr, Springfield|CL
5493|Patricia Davis|555-251-9539|3807 Cedar Rd, Franklin|MX
5494|Mary Garcia|555-391-9176|1600 Lakeview Dr, Greenville|CO
5495|Mary Davis|555-155-8324|9680 Cedar Rd, Riverside|PE
5496|Michael Williams|555-677-6112|895 Main St, Riverside|CL
5497|Robert Garcia|555-481-2173|3572 Oak Ave, Riverside|MX
5498|James Brown|555-104-4775|2539 Pine St, Springfield|CO
5499|Patricia Garcia|555-179-8667|5248 Maple St, Franklin|PE
5500|James Smith|555-302-3817|641 Cedar Rd, Bristol|CL
5501|Michael Jones|555-292-4520|9838 Maple St, Greenville|MX
5502|Linda Miller|555-391-9554|9573 Pine St, Madison|CO
5503|Patricia Jones|555-586-4572|5070 Maple St, Bristol|PE
5504|Robert Williams|555-485-8993|4146 Maple St, Bristol|CL
5505|Patricia Miller|555-920-4191|9611 Pine St, Riverside|MX
5506|Robert Smith|555-130-2419|8732 Main St, Bristol|CO
5507|Jennifer Garcia|555-262-8532|1579 Pine St, Bristol|PE
5508|Patricia Garcia|555-719-3200|7201 Main St, Springfield|CL
5509|Linda Brown|555-232-6532|2981 Maple St, Springfield|MX
5510|Jennifer Johnson|555-496-1361|1178 Cedar Rd, Franklin|CO
5511|John Brown|555-380-8815|2820 Oak Ave, Madison|PE
5512|Jennifer Miller|555-995-2670|7604 Maple St, Springfield|CL
5513|Jennifer Smith|555-985-3250|1060 Maple St, Greenville|MX
5514|Michael Garcia|555-527-3652|5760 Lakeview Dr, Greenville|CO
5515|Linda Smith|555-719-5924|5937 Lakeview Dr, Madison|PE
5516|Michael Jones|555-983-5005|3136 Cedar Rd, Greenville|CL
5517|Mary Jones|555-939-2862|4143 Maple St, Springfield|MX
5518|John Davis|555-754-3438|1840 Maple St, Madison|CO
5519|James Jones|555-404-8696|1376 Lakeview Dr, Franklin|PE
5520|Robert Williams|555-186-1678|3099 Oak Ave, Riverside|CL
5521|Robert Johnson|555-383-5698|9767 Lakeview Dr, Greenville|MX
5522|John Smith|555-622-5704|376 Cedar Rd, Riverside|CO
5523|Mary Brown|555-510-7510|7783 Pine St, Riverside|PE
5524|Patricia Smith|555-685-9240|1833 Lakeview Dr, Greenville|CL
5525|James Brown|555-252-7967|183 Cedar Rd, Riverside|MX
5526|Mary Williams|555-912-2385|5992 Oak Ave, Riverside|CO
5527|Jennifer Jones|555-973-8044|4262 Maple St, Greenville|PE
5528|Linda Smith|555-191-7099|3632 Maple St, Bristol|CL
5529|Michael Miller|555-949-3510|7579 Lakeview Dr, Madison|MX
5530|Michael Smith|555-700-2595|5116 Main St, Madison|CO
5531|Patricia Williams|555-800-9043|5970 Pine St, Bristol|PE
5532|Patricia Jones|555-398-8933|3078 Lakeview Dr, Bristol|CL
5533|Mary Williams|555-352-1465|8808 Lakeview Dr, Franklin|MX
5534|Jennifer Williams|555-410-5538|4484 Lakeview Dr, Springfield|CO
5535|Jennifer Brown|555-912-1814|3313 Oak Ave, Franklin|PE
5536|James Garcia|555-366-1234|9176 Main St, Madison|CL
5537|Robert Smith|555-698-9014|3969 Main St, Bristol|MX
5538|Michael Brown|555-565-4943|1150 Main St, Greenville|CO
5539|James Miller|555-339-3358|3646 Cedar Rd, Riverside|PE
5540|Linda Miller|555-563-4242|7363 Maple St, Franklin|CL
5541|Linda Williams|555-158-1961|227 Main St, Springfield|MX
5542|Michael Jones|555-423-3345|2019 Pine St, Bristol|CO
5543|Patricia Jones|555-787-9203|1521 Maple St, Riverside|PE
5544|James Miller|555-173-2252|692 Pine St, Riverside|CL
5545|Michael Johnson|555-861-9560|4822 Main St, Riverside|MX
5546|Michael Miller|555-274-4627|8926 Maple St, Greenville|CO
5547|John Smith|555-994-1997|6415 Cedar Rd, Greenville|PE
5548|John Jones|555-780-2135|6726 Oak Ave, Greenville|CL
5549|John Johnson|555-819-8107|8143 Oak Ave, Franklin|MX
5550|Jennifer Garcia|555-773-4466|5470 Lakeview Dr, Springfield|CO
5551|Patricia Garcia|555-712-7558|6519 Lakeview Dr, Greenville|PE
5552|Jennifer Miller|555-305-4912|2067 Oak Ave, Springfield|CL
5553|Michael Johnson|555-770-8825|2415 Lakeview Dr, Bristol|MX
5554|Jennifer Garcia|555-815-2191|147 Maple St, Greenville|CO
5555|John Smith|555-965-3126|9783 Oak Ave, Riverside|PE
5556|Mary Smith|555-476-9780|3275 Lakeview Dr, Bristol|CL
5557|Linda Jones|555-131-7699|7848 Pine St, Bristol|MX
5558|James Brown|555-120-9600|8755 Pine St, Riverside|CO
5559|Mary Williams|555-316-6456|326 Lakeview Dr, Madison|PE
5560|Patricia Jones|555-722-5443|9586 Oak Ave, Franklin|CL
5561|John Williams|555-641-7532|4515 Pine St, Springfield|MX
5562|John Johnson|555-134-1764|9419 Main St, Madison|CO
5563|Robert Davis|555-170-9391|4893 Lakeview Dr, Springfield|PE
5564|Michael Smith|555-913-4216|5446 Lakeview Dr, Riverside|CL
5565|Michael Johnson|555-391-5120|4003 Lakeview Dr, Springfield|MX
5566|Mary Smith|555-853-1422|8700 Main St, Franklin|CO
5567|Jennifer Davis|555-852-4015|7735 Lakeview Dr, Bristol|PE
5568|Linda Garcia|555-992-6851|679 Oak Ave, Bristol|CL
5569|Robert Johnson|555-129-9378|7118 Maple St, Franklin|MX
5570|John Miller|555-470-9614|8396 Main St, Riverside|CO
5571|John Jones|555-311-3437|3228 Oak Ave, Franklin|PE
5572|Linda Jones|555-676-8226|879 Maple St, Madison|CL
5573|Robert Brown|555-879-6293|9800 Main St, Franklin|MX
5574|Mary Garcia|555-892-6084|2995 Oak Ave, Greenville|CO
5575|Linda Miller|555-250-8995|7563 Lakeview Dr, Franklin|PE
5576|Patricia Brown|555-988-4078|6284 Lakeview Dr, Bristol|CL
5577|Patricia Johnson|555-799-2057|4628 Cedar Rd, Franklin|MX
5578|Robert Smith|555-985-3737|5357 Main St, Springfield|CO
5579|Robert Jones|555-504-9079|1939 Oak Ave, Greenville|PE
5580|John Miller|555-925-9102|2920 Maple St, Bristol|CL
5581|Mary Williams|555-443-1773|8829 Oak Ave, Madison|MX
5582|James Garcia|555-146-3125|9256 Cedar Rd, Springfield|CO
5583|Mary Garcia|555-459-2598|1801 Main St, Greenville|PE
5584|Patricia Jones|555-716-7275|7633 Lakeview Dr, Springfield|CL
5585|James Johnson|555-779-8348|2204 Main St, Springfield|MX
5586|Patricia Smith|555-426-2805|5334 Lakeview Dr, Bristol|CO
5587|James Miller|555-383-9896|6839 Lakeview Dr, Springfield|PE
5588|James Johnson|555-334-2423|7481 Oak Ave, Springfield|CL
5589|Michael Miller|555-826-5464|3821 Main St, Bristol|MX
5590|James Smith|555-337-8144|6988 Cedar Rd, Springfield|CO
5591|Jennifer Brown|555-458-7180|5518 Maple St, Franklin|PE
5592|Robert Williams|555-897-9151|6658 Cedar Rd, Bristol|CL
5593|James Johnson|555-937-1183|622 Lakeview Dr, Springfield|MX
5594|Michael Miller|555-371-1868|6740 Maple St, Madison|CO
5595|Patricia Jones|555-537-7368|5647 Pine St, Franklin|PE
5596|Patricia Smith|555-939-8877|8241 Lakeview Dr, Madison|CL
5597|Linda Smith|555-347-5842|2177 Maple St, Riverside|MX
5598|Jennifer Jones|555-890-1253|6206 Lakeview Dr, Franklin|CO
5599|Linda Davis|555-826-5352|3359 Maple St, Bristol|PE
5600|Linda Johnson|555-834-1790|8201 Lakeview Dr, Bristol|CL
5601|Mary Johnson|555-253-4705|9082 Maple St, Greenville|MX
5602|Linda Johnson|555-145-1394|8972 Pine St, Riverside|CO
5603|Jennifer Smith|555-931-8545|6753 Pine St, Bristol|PE
5604|Patricia Williams|555-548-8308|6233 Lakeview Dr, Springfield|CL
5605|Linda Johnson|555-842-1991|7542 Lakeview Dr, Springfield|MX
5606|Robert Miller|555-735-5213|5518 Cedar Rd, Riverside|CO
5607|Robert Johnson|555-419-8799|4528 Pine St, Franklin|PE
5608|Mary Jones|555-980-9869|1263 Pine St, Greenville|CL
5609|Michael Johnson|555-497-5722|4013 Pine St, Greenville|MX
5610|John Smith|555-484-8221|5124 Main St, Springfield|CO
5611|Patricia Garcia|555-137-4762|9929 Main St, Bristol|PE
5612|Michael Miller|555-104-7548|8830 Oak Ave, Franklin|CL
5613|Jennifer Garcia|555-381-4423|4826 Lakeview Dr, Riverside|MX
5614|James Jones|555-624-2874|3613 Maple St, Madison|CO
5615|Michael Brown|555-885-3302|2752 Lakeview Dr, Greenville|PE
5616|Jennifer Jones|555-149-1034|3529 Oak Ave, Bristol|CL
5617|James Garcia|555-469-1287|7520 Cedar Rd, Bristol|MX
5618|Patricia Williams|555-625-5690|3135 Lakeview Dr, Riverside|CO
5619|Jennifer Garcia|555-734-4030|731 Oak Ave, Riverside|PE
5620|Robert Brown|555-785-8227|6699 Maple St, Springfield|CL
5621|Mary Smith|555-883-1749|9374 Pine St, Franklin|MX
5622|Michael Davis|555-143-3447|8408 Pine St, Franklin|CO
5623|Robert Miller|555-527-4799|924 Pine St, Madison|PE
5624|Mary Miller|555-889-9678|4210 Main St, Greenville|CL
5625|Robert Garcia|555-274-9853|1286 Lakeview Dr, Greenville|MX
5626|John Miller|555-734-1791|9386 Cedar Rd, Riverside|CO
5627|John Johnson|555-327-9072|1813 Lakeview Dr, Greenville|PE
5628|Mary Garcia|555-664-3987|5423 Lakeview Dr, Bristol|CL
5629|John Smith|555-719-4483|4324 Oak Ave, Franklin|MX
5630|Mary Garcia|555-506-6082|6583 Oak Ave, Greenville|CO
5631|James Garcia|555-497-5989|9037 Main St, Greenville|PE
5632|Mary Jones|555-199-1153|9666 Pine St, Greenville|CL
5633|James Miller|555-583-2997|6794 Main St, Franklin|MX
5634|Michael Smith|555-706-8373|4164 Oak Ave, Madison|CO
5635|James Johnson|555-191-5583|7012 Lakeview Dr, Madison|PE
5636|Michael Davis|555-487-9814|2607 Main St, Bristol|CL
5637|Mary Miller|555-563-5369|7258 Main St, Greenville|MX
5638|John Brown|555-356-4270|3673 Lakeview Dr, Riverside|CO
5639|Jennifer Jones|555-823-8987|2659 Oak Ave, Springfield|PE
5640|Michael Williams|555-352-3297|6363 Maple St, Greenville|CL
5641|Michael Johnson|555-220-2158|1827 Oak Ave, Madison|MX
5642|Linda Davis|555-509-6801|3739 Main St, Springfield|CO
5643|James Miller|555-544-3778|1652 Cedar Rd, Greenville|PE
5644|Michael Brown|555-429-2916|1722 Maple St, Greenville|CL
5645|Michael Johnson|555-953-4488|2393 Oak Ave, Riverside|MX
5646|Michael Smith|555-555-5212|9305 Oak Ave, Springfield|CO
5647|John Smith|555-652-1763|9518 Lakeview Dr, Bristol|PE
5648|Michael Garcia|555-762-2573|4300 Lakeview Dr, Springfield|CL
5649|Michael Davis|555-945-7936|5220 Pine St, Riverside|MX
5650|Jennifer Williams|555-155-6548|4052 Cedar Rd, Franklin|CO
5651|Michael Miller|555-221-5412|7951 Pine St, Bristol|PE
5652|James Davis|555-337-7084|9766 Pine St, Riverside|CL
5653|Robert Jones|555-460-6974|1657 Main St, Franklin|MX
5654|John Brown|555-826-7852|867 Maple St, Riverside|CO
5655|John Davis|555-229-1988|383 Oak Ave, Franklin|PE
5656|James Miller|555-715-6758|3840 Cedar Rd, Springfield|CL
5657|Mary Brown|555-701-5691|6899 Lakeview Dr, Springfield|MX
5658|Patricia Garcia|555-853-6940|1174 Lakeview Dr, Riverside|CO
5659|Mary Garcia|555-291-3576|1638 Main St, Springfield|PE
5660|Jennifer Davis|555-951-1519|9801 Lakeview Dr, Riverside|CL
5661|Patricia Davis|555-709-1751|3607 Pine St, Riverside|MX
5662|John Garcia|555-280-2895|9818 Lakeview Dr, Riverside|CO
5663|James Jones|555-486-6976|1322 Pine St, Bristol|PE
5664|Jennifer Jones|555-374-9272|3893 Lakeview Dr, Madison|CL
5665|James Brown|555-945-4708|3577 Maple St, Bristol|MX
5666|Patricia Smith|555-856-4355|8625 Cedar Rd, Greenville|CO
5667|Michael Smith|555-869-9878|6015 Oak Ave, Franklin|PE
5668|James Garcia|555-614-7210|8207 Main St, Springfield|CL
5669|Linda Davis|555-744-8505|972 Oak Ave, Greenville|MX
5670|Michael Miller|555-175-2781|4684 Cedar Rd, Franklin|CO
5671|James Davis|555-557-8468|2011 Pine St, Riverside|PE
5672|Linda Jones|555-620-1208|5435 Maple St, Madison|CL
5673|John Garcia|555-233-3906|9189 Pine St, Bristol|MX
5674|Robert Jones|555-435-1479|8316 Lakeview Dr, Bristol|CO
5675|Robert Jones|555-602-3902|5356 Lakeview Dr, Bristol|PE
5676|John Williams|555-717-5920|4111 Cedar Rd, Springfield|CL
5677|Jennifer Smith|555-510-8088|8906 Main St, Bristol|MX
5678|Jennifer Jones|555-268-1222|6489 Pine St, Springfield|CO
5679|Robert Garcia|555-438-2866|1007 Main St, Greenville|PE
5680|John Smith|555-278-8153|9601 Pine St, Franklin|CL
5681|Linda Garcia|555-876-5573|3247 Oak Ave, Franklin|MX
5682|Michael Davis|555-571-7014|4643 Cedar Rd, Riverside|CO
5683|Linda Garcia|555-701-4838|2553 Oak Ave, Franklin|PE
5684|Patricia Brown|555-728-4084|3140 Cedar Rd, Springfield|CL
5685|Patricia Davis|555-197-2856|5777 Maple St, Riverside|MX
5686|Linda Smith|555-821-4635|7295 Pine St, Springfield|CO
5687|Jennifer Brown|555-478-2419|639 Main St, Franklin|PE
5688|Linda Davis|555-750-4039|7081 Lakeview Dr, Franklin|CL
5689|John Garcia|555-801-1859|8523 Pine St, Riverside|MX
5690|Patricia Davis|555-220-1594|9843 Cedar Rd, Springfield|CO
5691|Linda Williams|555-206-9957|7789 Main St, Springfield|PE
5692|Michael Jones|555-715-4530|3351 Oak Ave, Greenville|CL
5693|Linda Johnson|555-661-9892|7168 Cedar Rd, Greenville|MX
5694|Michael Smith|555-184-6679|8752 Main St, Franklin|CO
5695|Linda Jones|555-334-7215|7583 Maple St, Springfield|PE
5696|James Brown|555-139-3969|523 Main St, Bristol|CL
5697|Jennifer Williams|555-195-4966|6716 Main St, Bristol|MX
5698|James Jones|555-403-5473|2099 Pine St, Springfield|CO
5699|Linda Johnson|555-622-1362|4429 Cedar Rd, Riverside|PE
5700|Patricia Jones|555-433-1657|4217 Pine St, Franklin|CL
5701|Michael Davis|555-199-8702|7081 Lakeview Dr, Franklin|MX
5702|Mary Miller|555-513-2443|9384 Lakeview Dr, Greenville|CO
5703|Linda Smith|555-860-9378|9571 Pine St, Madison|PE
5704|Robert Williams|555-461-6155|7630 Pine St, Springfield|CL
5705|Patricia Miller|555-574-1057|234 Pine St, Madison|MX
5706|Michael Davis|555-532-2538|7209 Pine St, Madison|CO
5707|Robert Johnson|555-324-3465|5956 Main St, Bristol|PE
5708|Jennifer Jones|555-922-4005|5988 Cedar Rd, Bristol|CL
5709|Linda Johnson|555-761-7697|8410 Cedar Rd, Madison|MX
5710|Patricia Jones|555-319-3189|2465 Cedar Rd, Springfield|CO
5711|Linda Brown|555-345-6732|5564 Oak Ave, Bristol|PE
5712|Michael Jones|555-650-5926|6724 Oak Ave, Riverside|CL
5713|Linda Johnson|555-689-2694|2450 Oak Ave, Springfield|MX
5714|Mary Jones|555-260-8663|1168 Maple St, Madison|CO
5715|Robert Smith|555-670-6236|2779 Lakeview Dr, Springfield|PE
5716|Patricia Smith|555-279-1246|7386 Pine St, Greenville|CL
5717|John Williams|555-349-4815|7643 Pine St, Franklin|MX
5718|Patricia Johnson|555-992-5479|8871 Lakeview Dr, Greenville|CO
5719|Robert Miller|555-271-9488|2984 Pine St, Bristol|PE
5720|Robert Smith|555-691-7467|6730 Maple St, Springfield|CL
5721|Robert Brown|555-758-5065|680 Maple St, Bristol|MX
5722|James Davis|555-862-3514|2169 Oak Ave, Greenville|CO
5723|Patricia Miller|555-838-8541|5578 Maple St, Bristol|PE
5724|Michael Brown|555-454-9697|8250 Pine St, Madison|CL
5725|Linda Garcia|555-167-3910|3381 Oak Ave, Greenville|MX
5726|Linda Garcia|555-480-8707|437 Maple St, Springfield|CO
5727|John Jones|555-456-1939|6126 Main St, Bristol|PE
5728|Robert Smith|555-450-4147|2727 Cedar Rd, Greenville|CL
5729|Jennifer Garcia|555-345-7046|9811 Lakeview Dr, Bristol|MX
5730|Michael Smith|555-384-5765|9446 Main St, Springfield|CO
5731|Mary Davis|555-591-9798|5825 Cedar Rd, Franklin|PE
5732|John Jones|555-385-7659|6412 Pine St, Madison|CL
5733|James Davis|555-104-4213|2589 Cedar Rd, Riverside|MX
5734|Linda Brown|555-524-2328|1563 Lakeview Dr, Bristol|CO
5735|Linda Miller|555-996-2178|3709 Oak Ave, Greenville|PE
5736|John Johnson|555-498-5358|4915 Oak Ave, Franklin|CL
5737|Robert Smith|555-177-7991|1432 Oak Ave, Greenville|MX
5738|Linda Smith|555-407-5232|2064 Lakeview Dr, Springfield|CO
5739|Patricia Garcia|555-963-3607|5975 Oak Ave, Springfield|PE
5740|Jennifer Davis|555-876-8638|1477 Maple St, Greenville|CL
5741|Robert Garcia|555-324-4631|2218 Main St, Bristol|MX
5742|Mary Davis|555-246-5996|2947 Lakeview Dr, Bristol|CO
5743|Linda Jones|555-982-1583|4602 Pine St, Madison|PE
5744|Patricia Brown|555-217-2360|2498 Main St, Springfield|CL
5745|Jennifer Smith|555-354-2415|2730 Oak Ave, Riverside|MX
5746|Mary Garcia|555-880-1103|3241 Maple St, Riverside|CO
5747|John Garcia|555-778-1678|4010 Cedar Rd, Madison|PE
5748|John Smith|555-355-6306|5782 Maple St, Franklin|CL
5749|Patricia Brown|555-666-9596|6838 Maple St, Riverside|MX
5750|James Garcia|555-264-7893|5841 Pine St, Madison|CO
5751|Michael Brown|555-915-9357|1658 Maple St, Franklin|PE
5752|John Johnson|555-539-1402|8766 Oak Ave, Franklin|CL
5753|Linda Davis|555-133-8925|3227 Main St, Riverside|MX
5754|Robert Garcia|555-103-3684|2990 Cedar Rd, Madison|CO
5755|Linda Miller|555-340-1988|501 Maple St, Riverside|PE
5756|James Miller|555-403-9956|2114 Maple St, Madison|CL
5757|Mary Jones|555-572-5866|5100 Lakeview Dr, Madison|MX
5758|Mary Brown|555-924-2699|5080 Pine St, Bristol|CO
5759|Michael Johnson|555-229-2539|9386 Pine St, Greenville|PE
5760|Linda Smith|555-690-4650|1546 Lakeview Dr, Madison|CL
5761|Robert Davis|555-193-3268|3128 Main St, Riverside|MX
5762|Linda Jones|555-913-3044|5127 Oak Ave, Franklin|CO
5763|Linda Brown|555-354-2433|7097 Pine St, Madison|PE
5764|Michael Brown|555-878-3594|7247 Maple St, Bristol|CL
5765|John Williams|555-140-1111|5467 Cedar Rd, Greenville|MX
5766|Mary Johnson|555-766-6315|6125 Lakeview Dr, Greenville|CO
5767|Patricia Jones|555-687-4332|3803 Cedar Rd, Madison|PE
5768|Mary Miller|555-429-5625|7345 Lakeview Dr, Springfield|CL
5769|Michael Johnson|555-585-2830|4957 Main St, Springfield|MX
5770|Michael Davis|555-980-5566|1301 Maple St, Riverside|CO
5771|Linda Jones|555-528-6853|3937 Main St, Greenville|PE
5772|Linda Davis|555-539-2220|4871 Pine St, Franklin|CL
5773|Robert Smith|555-702-1748|8949 Lakeview Dr, Franklin|MX
5774|Jennifer Williams|555-479-5349|1301 Pine St, Bristol|CO
5775|Michael Davis|555-881-1829|540 Pine St, Springfield|PE
5776|James Johnson|555-940-5794|1278 Pine St, Springfield|CL
5777|Linda Brown|555-160-2132|403 Pine St, Madison|MX
5778|Jennifer Miller|555-142-7902|3534 Cedar Rd, Springfield|CO
5779|Patricia Williams|555-830-7437|2902 Main St, Springfield|PE
5780|Linda Garcia|555-366-9622|3779 Lakeview Dr, Riverside|CL
5781|Patricia Garcia|555-523-5917|6477 Main St, Greenville|MX
5782|James Jones|555-835-3944|1591 Cedar Rd, Madison|CO
5783|Robert Johnson|555-670-5238|5173 Lakeview Dr, Springfield|PE
5784|Patricia Miller|555-142-6177|3226 Main St, Franklin|CL
5785|James Jones|555-702-2515|5752 Maple St, Riverside|MX
5786|James Johnson|555-531-4763|5807 Cedar Rd, Madison|CO
5787|Michael Davis|555-931-7006|1995 Maple St, Madison|PE
5788|Linda Smith|555-845-3304|9791 Maple St, Riverside|CL
5789|John Davis|555-401-6867|2302 Cedar Rd, Greenville|MX
5790|Linda Davis|555-945-9312|288 Main St, Bristol|CO
5791|Mary Smith|555-250-8735|9366 Main St, Bristol|PE
5792|John Miller|555-487-5275|1595 Lakeview Dr, Springfield|CL
5793|John Miller|555-843-8290|6802 Lakeview Dr, Greenville|MX
5794|Robert Davis|555-286-2897|9894 Lakeview Dr, Madison|CO
5795|James Jones|555-125-7588|486 Cedar Rd, Greenville|PE
5796|Mary Smith|555-356-2007|7043 Lakeview Dr, Madison|CL
5797|Mary Johnson|555-763-1359|7295 Pine St, Riverside|MX
5798|Linda Williams|555-755-8303|2962 Cedar Rd, Riverside|CO
5799|James Garcia|555-696-5875|9030 Oak Ave, Greenville|PE
5800|John Miller|555-130-8200|9421 Lakeview Dr, Madison|CL
5801|Mary Garcia|555-683-2902|5633 Pine St, Madison|MX
5802|Patricia Garcia|555-348-3434|2946 Pine St, Bristol|CO
5803|Linda Brown|555-821-4742|3209 Oak Ave, Bristol|PE
5804|Mary Williams|555-714-8727|3502 Main St, Bristol|CL
5805|Mary Johnson|555-889-6596|1461 Oak Ave, Madison|MX
5806|Mary Jones|555-106-4559|1585 Pine St, Springfield|CO
5807|John Davis|555-111-9015|2173 Cedar Rd, Bristol|PE
5808|Robert Brown|555-689-8287|9186 Main St, Bristol|CL
5809|James Garcia|555-363-5384|3407 Lakeview Dr, Franklin|MX
5810|Linda Miller|555-108-6720|5597 Cedar Rd, Franklin|CO
5811|James Smith|555-182-3131|849 Pine St, Riverside|PE
5812|Michael Jones|555-525-5681|6250 Pine St, Bristol|CL
5813|Robert Brown|555-105-6767|887 Maple St, Greenville|MX
5814|Jennifer Jones|555-264-3195|3476 Oak Ave, Madison|CO
5815|Robert Miller|555-952-5377|8388 Lakeview Dr, Madison|PE
5816|James Davis|555-981-4160|9949 Oak Ave, Riverside|CL
5817|Mary Smith|555-783-9925|4552 Lakeview Dr, Franklin|MX
5818|Linda Williams|555-769-7098|1161 Maple St, Bristol|CO
5819|Michael Smith|555-769-8712|778 Pine St, Greenville|PE
5820|Michael Garcia|555-693-4275|8490 Lakeview Dr, Madison|CL
5821|Jennifer Brown|555-246-5536|7764 Pine St, Springfield|MX
5822|Jennifer Garcia|555-237-3683|5142 Lakeview Dr, Madison|CO
5823|Robert Smith|555-139-9908|6368 Pine St, Greenville|PE
5824|Mary Johnson|555-551-5356|9807 Cedar Rd, Greenville|CL
5825|Mary Smith|555-588-4929|7566 Maple St, Franklin|MX
5826|Michael Williams|555-742-3271|8479 Maple St, Madison|CO
5827|James Smith|555-791-8864|8318 Cedar Rd, Bristol|PE
5828|Mary Davis|555-383-9750|5405 Lakeview Dr, Bristol|CL
5829|Patricia Johnson|555-523-3417|2526 Main St, Riverside|MX
5830|Robert Davis|555-745-7141|8536 Oak Ave, Springfield|CO
5831|Jennifer Johnson|555-162-3470|6242 Cedar Rd, Franklin|PE
5832|Linda Brown|555-440-1076|651 Pine St, Bristol|CL
5833|James Brown|555-949-8862|5242 Cedar Rd, Franklin|MX
5834|Jennifer Davis|555-379-3414|6144 Lakeview Dr, Madison|CO
5835|Patricia Jones|555-704-9001|8563 Oak Ave, Riverside|PE
5836|John Johnson|555-919-4745|8596 Maple St, Riverside|CL
5837|Jennifer Jones|555-920-3442|7685 Lakeview Dr, Madison|MX
5838|Robert Smith|555-556-5798|6354 Maple St, Bristol|CO
5839|John Williams|555-890-9196|5557 Cedar Rd, Greenville|PE
5840|Patricia Miller|555-240-9289|4405 Oak Ave, Madison|CL
5841|Michael Jones|555-253-6717|4723 Lakeview Dr, Franklin|MX
5842|Patricia Brown|555-250-4494|9251 Maple St, Greenville|CO
5843|James Jones|555-588-3983|1489 Oak Ave, Madison|PE
5844|Jennifer Williams|555-872-4909|6479 Lakeview Dr, Franklin|CL
5845|Mary Jones|555-610-3915|7676 Oak Ave, Bristol|MX
5846|James Davis|555-306-2257|294 Main St, Bristol|CO
5847|Linda Davis|555-968-8891|2120 Main St, Madison|PE
5848|Linda Williams|555-258-4023|5731 Maple St, Greenville|CL
5849|James Johnson|555-463-2443|1089 Oak Ave, Madison|MX
5850|Linda Garcia|555-260-2820|6754 Oak Ave, Bristol|CO
5851|Patricia Brown|555-248-2644|6065 Main St, Greenville|PE
5852|James Johnson|555-275-7006|424 Oak Ave, Riverside|CL
5853|Robert Smith|555-925-9618|6361 Lakeview Dr, Greenville|MX
5854|Jennifer Brown|555-690-9268|6599 Maple St, Franklin|CO
5855|Michael Johnson|555-650-7845|4328 Main St, Bristol|PE
5856|Mary Smith|555-232-3575|4905 Main St, Springfield|CL
5857|James Brown|555-364-2656|8661 Main St, Riverside|MX
5858|James Garcia|555-584-6605|8585 Main St, Springfield|CO
5859|John Jones|555-647-4665|8541 Maple St, Riverside|PE
5860|Linda Miller|555-840-5533|122 Pine St, Springfield|CL
5861|Patricia Miller|555-911-5209|7165 Maple St, Franklin|MX
5862|Robert Garcia|555-257-3836|3440 Lakeview Dr, Greenville|CO
5863|Mary Brown|555-672-1970|6937 Cedar Rd, Greenville|PE
5864|Jennifer Davis|555-732-7799|177 Lakeview Dr, Franklin|CL
5865|Mary Smith|555-911-3645|3040 Main St, Springfield|MX
5866|Michael Garcia|555-351-9776|2440 Oak Ave, Riverside|CO
5867|Jennifer Smith|555-664-6014|674 Oak Ave, Madison|PE
5868|Jennifer Smith|555-264-4939|9819 Pine St, Franklin|CL
5869|Robert Smith|555-306-3576|6312 Lakeview Dr, Riverside|MX
5870|John Garcia|555-637-3572|3371 Cedar Rd, Greenville|CO
5871|Linda Brown|555-708-1171|9783 Oak Ave, Bristol|PE
5872|Jennifer Johnson|555-148-2908|5904 Lakeview Dr, Bristol|CL
5873|Mary Williams|555-259-6149|5510 Maple St, Riverside|MX
5874|Jennifer Smith|555-717-7323|9097 Oak Ave, Springfield|CO
5875|Michael Smith|555-801-8372|4525 Cedar Rd, Springfield|PE
5876|Jennifer Jones|555-706-3045|7085 Pine St, Bristol|CL
5877|Linda Miller|555-216-3004|7638 Main St, Franklin|MX
5878|Mary Johnson|555-363-9115|2436 Main St, Riverside|CO
5879|James Davis|555-349-2081|2287 Oak Ave, Madison|PE
5880|Mary Brown|555-737-2920|7152 Cedar Rd, Bristol|CL
5881|Patricia Davis|555-272-3063|7935 Maple St, Greenville|MX
5882|Linda Davis|555-152-3432|5351 Oak Ave, Springfield|CO
5883|Mary Brown|555-699-3897|8447 Pine St, Springfield|PE
5884|Linda Davis|555-548-2385|5550 Pine St, Springfield|CL
5885|Jennifer Miller|555-634-6017|1738 Cedar Rd, Springfield|MX
5886|John Jones|555-312-6887|9962 Main St, Bristol|CO
5887|James Brown|555-311-4971|8883 Cedar Rd, Greenville|PE
5888|Mary Davis|555-262-7590|2054 Main St, Greenville|CL
5889|Robert Williams|555-491-1353|8521 Maple St, Bristol|MX
5890|Michael Johnson|555-588-4669|636 Pine St, Bristol|CO
5891|James Davis|555-909-3332|2384 Main St, Riverside|PE
5892|James Jones|555-390-7904|118 Pine St, Madison|CL
5893|John Smith|555-940-7140|1509 Lakeview Dr, Greenville|MX
5894|Patricia Davis|555-116-9076|6433 Pine St, Bristol|CO
5895|James Davis|555-820-7545|1267 Lakeview Dr, Greenville|PE
5896|Jennifer Brown|555-710-5737|5426 Pine St, Madison|CL
5897|Michael Miller|555-272-3477|3230 Lakeview Dr, Greenville|MX
5898|John Williams|555-699-3523|6150 Maple St, Franklin|CO
5899|Robert Davis|555-231-9991|5976 Cedar Rd, Bristol|PE
5900|Jennifer Brown|555-437-3828|3859 Cedar Rd, Springfield|CL
5901|Jennifer Miller|555-652-1987|5658 Main St, Greenville|MX
5902|Jennifer Johnson|555-841-6397|7085 Main St, Greenville|CO
5903|Michael Smith|555-642-5409|9897 Lakeview Dr, Springfield|PE
5904|Mary Davis|555-458-4092|9267 Lakeview Dr, Madison|CL
5905|Linda Smith|555-674-6272|5582 Lakeview Dr, Franklin|MX
5906|Patricia Jones|555-384-4475|2453 Lakeview Dr, Madison|CO
5907|Mary Brown|555-210-5958|5767 Cedar Rd, Greenville|PE
5908|Mary Williams|555-834-4083|4411 Lakeview Dr, Riverside|CL
5909|Patricia Davis|555-521-5965|4896 Maple St, Franklin|MX
5910|Linda Johnson|555-190-1558|3407 Lakeview Dr, Madison|CO
5911|Linda Williams|555-603-5331|101 Pine St, Franklin|PE
5912|James Jones|555-841-5621|3959 Oak Ave, Greenville|CL
5913|Patricia Davis|555-684-2408|6082 Cedar Rd, Greenville|MX
5914|James Miller|555-867-9018|9110 Maple St, Springfield|CO
5915|Jennifer Jones|555-117-2126|6215 Main St, Greenville|PE
5916|Linda Williams|555-189-2124|9767 Lakeview Dr, Madison|CL
5917|James Smith|555-396-5117|3573 Pine St, Madison|MX
5918|Linda Garcia|555-206-9589|7472 Main St, Greenville|CO
5919|Michael Johnson|555-395-8101|3800 Pine St, Franklin|PE
5920|Robert Jones|555-989-6375|2018 Pine St, Madison|CL
5921|Patricia Johnson|555-334-4362|5109 Oak Ave, Bristol|MX
5922|Linda Jones|555-872-1484|5008 Oak Ave, Riverside|CO
5923|Michael Garcia|555-376-7197|6801 Maple St, Madison|PE
5924|Linda Johnson|555-578-4060|591 Maple St, Greenville|CL
5925|Michael Brown|555-672-8742|523 Cedar Rd, Madison|MX
5926|Michael Jones|555-477-8181|9505 Pine St, Riverside|CO
5927|John Jones|555-176-4944|3341 Main St, Franklin|PE
5928|Mary Smith|555-726-5518|2725 Cedar Rd, Springfield|CL
5929|Jennifer Miller|555-387-2420|6849 Lakeview Dr, Bristol|MX
5930|Michael Garcia|555-786-6743|4731 Pine St, Springfield|CO
5931|Jennifer Miller|555-841-5892|5612 Oak Ave, Bristol|PE
5932|Jennifer Williams|555-739-9529|8762 Maple St, Riverside|CL
5933|Patricia Brown|555-771-3263|865 Cedar Rd, Riverside|MX
5934|James Miller|555-333-4113|191 Oak Ave, Greenville|CO
5935|Michael Williams|555-605-8804|3483 Pine St, Springfield|PE
5936|Linda Brown|555-966-4125|8922 Maple St, Springfield|CL
5937|Robert Williams|555-903-4006|5013 Maple St, Franklin|MX
5938|Mary Smith|555-346-2162|1464 Oak Ave, Riverside|CO
5939|Michael Williams|555-179-1766|9174 Pine St, Bristol|PE
5940|Jennifer Williams|555-144-5069|1489 Main St, Franklin|CL
5941|Linda Williams|555-859-1339|280 Oak Ave, Madison|MX
5942|Michael Johnson|555-218-3486|5618 Cedar Rd, Greenville|CO
5943|Patricia Garcia|555-364-3250|2131 Cedar Rd, Springfield|PE
5944|Michael Williams|555-612-9899|3603 Oak Ave, Franklin|CL
5945|Patricia Smith|555-790-2915|4466 Oak Ave, Springfield|MX
5946|Michael Smith|555-481-7802|4205 Lakeview Dr, Greenville|CO
5947|John Brown|555-565-5333|6365 Maple St, Madison|PE
5948|John Miller|555-445-5075|1316 Maple St, Franklin|CL
5949|Linda Williams|555-493-1363|7325 Oak Ave, Springfield|MX
5950|Michael Garcia|555-759-9060|7586 Oak Ave, Franklin|CO
5951|Michael Williams|555-529-5250|1803 Oak Ave, Springfield|PE
5952|James Smith|555-941-9080|4776 Cedar Rd, Franklin|CL
5953|Patricia Johnson|555-839-1051|2510 Main St, Springfield|MX
5954|Patricia Davis|555-963-1225|6161 Oak Ave, Bristol|CO
5955|Linda Brown|555-358-9329|9105 Pine St, Greenville|PE
5956|Patricia Brown|555-313-7480|1683 Oak Ave, Riverside|CL
5957|Jennifer Williams|555-239-3419|5225 Oak Ave, Bristol|MX
5958|Linda Garcia|555-816-2814|6817 Lakeview Dr, Bristol|CO
5959|Robert Jones|555-301-2988|2650 Oak Ave, Greenville|PE
5960|Linda Brown|555-515-6425|1083 Lakeview Dr, Greenville|CL
5961|Mary Davis|555-660-9950|8170 Maple St, Greenville|MX
5962|Linda Brown|555-443-5409|9361 Oak Ave, Madison|CO
5963|Linda Miller|555-731-2160|7712 Oak Ave, Bristol|PE
5964|Jennifer Miller|555-121-2064|8683 Maple St, Springfield|CL
5965|Linda Williams|555-835-4893|6247 Main St, Franklin|MX
5966|Robert Garcia|555-853-3417|8239 Pine St, Greenville|CO
5967|Michael Jones|555-161-4704|9859 Main St, Greenville|PE
5968|Linda Johnson|555-979-7698|8669 Main St, Springfield|CL
5969|John Smith|555-456-7436|8762 Oak Ave, Bristol|MX
5970|Jennifer Williams|555-975-7624|8605 Cedar Rd, Greenville|CO
5971|Mary Williams|555-928-4230|8851 Pine St, Bristol|PE
5972|Michael Johnson|555-127-8194|2493 Maple St, Madison|CL
5973|Linda Miller|555-937-3785|9208 Cedar Rd, Greenville|MX
5974|Robert Jones|555-232-1254|673 Cedar Rd, Madison|CO
5975|Linda Garcia|555-584-4229|4719 Cedar Rd, Riverside|PE
5976|Robert Smith|555-707-1536|852 Oak Ave, Springfield|CL
5977|Michael Smith|555-890-1766|1870 Lakeview Dr, Madison|MX
5978|Jennifer Brown|555-204-5358|2986 Main St, Riverside|CO
5979|Jennifer Brown|555-278-6424|1452 Lakeview Dr, Riverside|PE
5980|Michael Jones|555-599-2939|3933 Cedar Rd, Riverside|CL
5981|Jennifer Jones|555-613-8923|1656 Oak Ave, Franklin|MX
5982|Mary Williams|555-693-2793|2501 Pine St, Franklin|CO
5983|Mary Johnson|555-378-4601|6993 Cedar Rd, Madison|PE
5984|John Brown|555-645-2883|2927 Lakeview Dr, Greenville|CL
5985|Patricia Smith|555-279-5080|7207 Lakeview Dr, Springfield|MX
5986|Michael Garcia|555-304-8712|2679 Lakeview Dr, Madison|CO
5987|Michael Davis|555-247-5441|4450 Maple St, Riverside|PE
5988|Patricia Brown|555-507-6496|819 Main St, Riverside|CL
5989|James Smith|555-873-9274|1608 Main St, Madison|MX
5990|Mary Brown|555-890-9470|4839 Cedar Rd, Greenville|CO
5991|Michael Williams|555-533-2533|7179 Cedar Rd, Franklin|PE
5992|Mary Garcia|555-157-2833|2456 Lakeview Dr, Bristol|CL
5993|James Smith|555-104-2572|7665 Oak Ave, Franklin|MX
5994|Jennifer Jones|555-847-1190|3966 Cedar Rd, Franklin|CO
5995|Linda Williams|555-334-5925|9171 Oak Ave, Madison|PE
5996|Patricia Williams|555-651-8993|6599 Pine St, Riverside|CL
5997|Linda Miller|555-629-1328|4704 Maple St, Springfield|MX
5998|Patricia Smith|555-779-3766|3975 Main St, Bristol|CO
5999|Patricia Brown|555-479-1936|7514 Oak Ave, Riverside|PE
6000|James Smith|555-119-4898|9845 Maple St, Bristol|CL
6001|Michael Smith|555-914-1787|5538 Lakeview Dr, Franklin|MX
6002|Jennifer Williams|555-446-6386|3962 Cedar Rd, Bristol|CO
6003|James Smith|555-296-5923|4819 Oak Ave, Franklin|PE
6004|Michael Jones|555-266-9716|8633 Oak Ave, Bristol|CL
6005|Robert Williams|555-210-6522|9752 Cedar Rd, Riverside|MX
6006|James Smith|555-447-6370|5174 Pine St, Madison|CO
6007|Jennifer Miller|555-809-3263|9966 Pine St, Franklin|PE
6008|Robert Brown|555-946-2571|1908 Oak Ave, Bristol|CL
6009|Robert Brown|555-756-9227|4727 Maple St, Riverside|MX
6010|Jennifer Miller|555-741-6744|1081 Cedar Rd, Springfield|CO
6011|Michael Jones|555-930-3953|682 Lakeview Dr, Springfield|PE
6012|James Brown|555-603-8546|8239 Cedar Rd, Madison|CL
6013|James Davis|555-856-6789|2282 Cedar Rd, Madison|MX
6014|Michael Brown|555-582-7764|688 Lakeview Dr, Riverside|CO
6015|Michael Brown|555-178-1153|6263 Lakeview Dr, Bristol|PE
6016|Michael Jones|555-232-5840|7431 Pine St, Greenville|CL
6017|Linda Miller|555-454-2929|701 Lakeview Dr, Bristol|MX
6018|James Brown|555-965-7198|2311 Lakeview Dr, Springfield|CO
6019|James Davis|555-702-9048|9543 Maple St, Springfield|PE
6020|Mary Miller|555-708-2731|9326 Maple St, Bristol|CL
6021|Jennifer Miller|555-452-5437|3639 Oak Ave, Bristol|MX
6022|Linda Johnson|555-339-6810|3283 Cedar Rd, Riverside|CO
6023|Patricia Smith|555-860-9935|3312 Maple St, Madison|PE
6024|Patricia Miller|555-139-2397|2887 Maple St, Madison|CL
6025|Jennifer Miller|555-677-9185|8939 Lakeview Dr, Bristol|MX
6026|Jennifer Miller|555-813-2869|1792 Maple St, Greenville|CO
6027|Linda Brown|555-213-9832|3752 Lakeview Dr, Greenville|PE
6028|James Johnson|555-642-8683|1103 Cedar Rd, Riverside|CL
6029|Michael Johnson|555-783-9520|3932 Cedar Rd, Springfield|MX
6030|John Jones|555-772-4556|7023 Cedar Rd, Springfield|CO
6031|John Brown|555-631-7313|9572 Oak Ave, Bristol|PE
6032|Jennifer Johnson|555-456-3610|6982 Cedar Rd, Riverside|CL
6033|Linda Smith|555-888-9108|906 Lakeview Dr, Springfield|MX
6034|Michael Garcia|555-614-9493|4140 Pine St, Bristol|CO
6035|John Jones|555-417-7845|8135 Pine St, Springfield|PE
6036|Patricia Miller|555-648-5262|8117 Maple St, Greenville|CL
6037|Jennifer Smith|555-191-1472|1802 Pine St, Bristol|MX
6038|Patricia Smith|555-629-4212|758 Oak Ave, Riverside|CO
6039|Mary Brown|555-432-1855|5712 Main St, Greenville|PE
6040|Linda Brown|555-321-8195|6802 Lakeview Dr, Greenville|CL
6041|Jennifer Williams|555-587-2906|4697 Maple St, Riverside|MX
6042|Mary Johnson|555-541-2934|3029 Lakeview Dr, Riverside|CO
6043|Robert Smith|555-170-6305|2515 Main St, Bristol|PE
6044|James Williams|555-211-5589|7388 Pine St, Riverside|CL
6045|Jennifer Garcia|555-136-3266|9010 Lakeview Dr, Franklin|MX
6046|Robert Garcia|555-443-5928|6328 Main St, Bristol|CO
6047|Robert Johnson|555-312-4029|3657 Main St, Franklin|PE
6048|Patricia Garcia|555-480-1912|3474 Lakeview Dr, Madison|CL
6049|Michael Johnson|555-927-7782|5719 Main St, Bristol|MX
6050|Robert Jones|555-520-5554|9923 Lakeview Dr, Riverside|CO
6051|James Jones|555-281-6939|6033 Oak Ave, Greenville|PE
6052|Jennifer Johnson|555-995-7435|8494 Maple St, Riverside|CL
6053|James Williams|555-180-1554|970 Main St, Greenville|MX
6054|Patricia Smith|555-986-1828|9534 Pine St, Bristol|CO
6055|Mary Brown|555-324-9974|8862 Maple St, Greenville|PE
6056|Linda Williams|555-991-6669|924 Maple St, Madison|CL
6057|Patricia Miller|555-959-8030|5761 Lakeview Dr, Franklin|MX
6058|Linda Brown|555-534-4630|690 Maple St, Madison|CO
6059|Patricia Smith|555-610-3819|2458 Oak Ave, Riverside|PE
6060|James Williams|555-307-3457|8921 Lakeview Dr, Springfield|CL
6061|Michael Williams|555-973-5161|1007 Lakeview Dr, Madison|MX
6062|James Smith|555-140-9776|6918 Maple St, Springfield|CO
6063|John Smith|555-946-4661|8268 Oak Ave, Riverside|PE
6064|Mary Brown|555-329-3683|7537 Maple St, Franklin|CL
6065|James Jones|555-380-6482|4366 Lakeview Dr, Springfield|MX
6066|Jennifer Miller|555-817-3881|5288 Lakeview Dr, Franklin|CO
6067|Patricia Brown|555-114-3301|938 Pine St, Greenville|PE
6068|Robert Smith|555-922-1284|4947 Oak Ave, Riverside|CL
6069|Linda Williams|555-880-1192|9109 Pine St, Madison|MX
6070|Jennifer Jones|555-181-3802|5971 Lakeview Dr, Springfield|CO
6071|Patricia Davis|555-508-6235|1246 Maple St, Greenville|PE
6072|Jennifer Jones|555-992-6119|9129 Lakeview Dr, Greenville|CL
6073|John Miller|555-832-1700|9243 Lakeview Dr, Bristol|MX
6074|Michael Davis|555-555-7356|7466 Maple St, Greenville|CO
6075|James Garcia|555-521-4739|2233 Pine St, Riverside|PE
6076|Michael Davis|555-775-9448|3439 Main St, Bristol|CL
6077|Robert Johnson|555-679-9056|3048 Cedar Rd, Madison|MX
6078|John Miller|555-206-2580|2071 Cedar Rd, Bristol|CO
6079|Linda Garcia|555-965-6877|4855 Oak Ave, Franklin|PE
6080|James Brown|555-939-4518|4433 Pine St, Franklin|CL
6081|Mary Brown|555-782-5891|6196 Lakeview Dr, Franklin|MX
6082|Mary Jones|555-875-9268|2444 Maple St, Riverside|CO
6083|Robert Johnson|555-122-6386|5835 Pine St, Greenville|PE
6084|Patricia Davis|555-732-8916|7248 Oak Ave, Bristol|CL
6085|John Williams|555-701-5245|2913 Lakeview Dr, Greenville|MX
6086|Linda Miller|555-560-6362|8902 Cedar Rd, Greenville|CO
6087|Patricia Smith|555-629-6571|7434 Lakeview Dr, Franklin|PE
6088|Patricia Johnson|555-337-3794|1218 Cedar Rd, Franklin|CL
6089|Patricia Johnson|555-703-7087|2636 Oak Ave, Riverside|MX
6090|Mary Johnson|555-787-8240|3491 Lakeview Dr, Riverside|CO
6091|Jennifer Brown|555-246-5895|2531 Maple St, Madison|PE
6092|James Williams|555-829-2309|3737 Lakeview Dr, Greenville|CL
6093|Linda Smith|555-926-3019|3226 Cedar Rd, Riverside|MX
6094|Patricia Garcia|555-100-7216|9789 Oak Ave, Greenville|CO
6095|Jennifer Smith|555-510-3976|6907 Oak Ave, Riverside|PE
6096|Jennifer Brown|555-778-3367|9314 Main St, Bristol|CL
6097|Robert Smith|555-153-3884|3178 Oak Ave, Franklin|MX
6098|Robert Jones|555-797-3844|3266 Cedar Rd, Riverside|CO
6099|John Davis|555-701-8862|9845 Main St, Bristol|PE
6100|John Jones|555-283-2225|9810 Maple St, Springfield|CL
6101|John Johnson|555-201-9983|9944 Maple St, Springfield|MX
6102|Patricia Brown|555-519-7597|4075 Cedar Rd, Bristol|CO
6103|Jennifer Garcia|555-914-5322|451 Cedar Rd, Franklin|PE
6104|Jennifer Garcia|555-762-4033|3475 Maple St, Springfield|CL
6105|John Garcia|555-976-7585|9568 Pine St, Franklin|MX
6106|Michael Miller|555-275-5879|6537 Cedar Rd, Springfield|CO
6107|Linda Davis|555-534-3185|3209 Maple St, Riverside|PE
6108|Michael Johnson|555-119-2545|5728 Lakeview Dr, Greenville|CL
6109|Jennifer Smith|555-954-9425|7556 Oak Ave, Greenville|MX
6110|Patricia Davis|555-197-4511|9229 Oak Ave, Springfield|CO
6111|Linda Miller|555-338-1628|5402 Lakeview Dr, Franklin|PE
6112|Mary Davis|555-274-8180|6519 Main St, Riverside|CL
6113|James Davis|555-564-9823|658 Lakeview Dr, Madison|MX
6114|Robert Davis|555-635-1425|5054 Main St, Springfield|CO
6115|James Johnson|555-812-9762|8832 Cedar Rd, Bristol|PE
6116|Robert Johnson|555-889-8935|6479 Lakeview Dr, Madison|CL
6117|Jennifer Williams|555-628-7993|6167 Pine St, Springfield|MX
6118|Mary Williams|555-559-8543|4953 Lakeview Dr, Franklin|CO
6119|James Garcia|555-253-8189|3715 Main St, Madison|PE
6120|John Garcia|555-763-4663|8305 Lakeview Dr, Madison|CL
6121|Patricia Brown|555-447-7514|5707 Cedar Rd, Bristol|MX
6122|Robert Johnson|555-858-8458|4502 Cedar Rd, Bristol|CO
6123|Linda Johnson|555-112-1993|3757 Main St, Bristol|PE
6124|Michael Smith|555-909-6161|7131 Pine St, Bristol|CL
6125|Jennifer Johnson|555-297-5498|8085 Pine St, Springfield|MX
6126|Robert Jones|555-119-8207|1044 Oak Ave, Bristol|CO
6127|Jennifer Johnson|555-830-5375|4318 Lakeview Dr, Franklin|PE
6128|Patricia Johnson|555-991-8073|8400 Maple St, Franklin|CL
6129|Robert Smith|555-784-9425|1250 Maple St, Riverside|MX
6130|John Johnson|555-679-2041|2757 Maple St, Madison|CO
6131|James Brown|555-850-5430|6930 Maple St, Franklin|PE
6132|James Johnson|555-847-1994|2170 Oak Ave, Bristol|CL
6133|Jennifer Jones|555-596-2378|7785 Main St, Riverside|MX
6134|Patricia Jones|555-221-4091|1753 Cedar Rd, Riverside|CO
6135|Linda Johnson|555-569-8841|481 Lakeview Dr, Madison|PE
6136|Mary Smith|555-929-7007|7643 Maple St, Madison|CL
6137|Patricia Smith|555-527-4705|4014 Cedar Rd, Riverside|MX
6138|Robert Garcia|555-101-5234|2197 Pine St, Riverside|CO
6139|Michael Miller|555-670-9547|8111 Pine St, Madison|PE
6140|Linda Smith|555-657-4360|7213 Oak Ave, Franklin|CL
6141|Jennifer Davis|555-795-7214|5865 Cedar Rd, Springfield|MX
6142|Robert Garcia|555-590-7451|1200 Lakeview Dr, Franklin|CO
6143|Jennifer Johnson|555-897-2686|9024 Pine St, Springfield|PE
6144|John Garcia|555-780-1409|1272 Maple St, Greenville|CL
6145|Mary Brown|555-526-9474|6958 Cedar Rd, Riverside|MX
6146|Mary Brown|555-448-4689|6118 Maple St, Franklin|CO
6147|Jennifer Davis|555-569-8605|5763 Lakeview Dr, Springfield|PE
6148|John Williams|555-762-7586|3327 Cedar Rd, Madison|CL
6149|Linda Garcia|555-991-3637|8076 Oak Ave, Springfield|MX
6150|Michael Williams|555-445-2795|5505 Lakeview Dr, Greenville|CO
6151|Michael Brown|555-486-1533|6693 Main St, Franklin|PE
6152|Michael Garcia|555-670-7863|6102 Maple St, Riverside|CL
6153|Linda Miller|555-365-3853|6010 Main St, Bristol|MX
6154|Michael Johnson|555-937-2643|3548 Lakeview Dr, Riverside|CO
6155|Michael Davis|555-776-6906|7541 Main St, Bristol|PE
6156|Robert Jones|555-964-7246|9703 Cedar Rd, Greenville|CL
6157|Patricia Williams|555-672-3959|1876 Pine St, Bristol|MX
6158|James Williams|555-936-1562|7791 Oak Ave, Greenville|CO
6159|Robert Johnson|555-793-4838|9232 Lakeview Dr, Riverside|PE
6160|John Williams|555-893-7135|6527 Oak Ave, Madison|CL
6161|Michael Johnson|555-609-3107|1514 Lakeview Dr, Franklin|MX
6162|Mary Williams|555-976-3227|8478 Main St, Franklin|CO
6163|Jennifer Williams|555-315-5295|974 Main St, Bristol|PE
6164|Mary Brown|555-396-5005|5603 Oak Ave, Madison|CL
6165|Robert Miller|555-596-3868|9854 Main St, Riverside|MX
6166|Robert Johnson|555-868-5689|4311 Maple St, Bristol|CO
6167|Patricia Johnson|555-598-3507|8833 Maple St, Riverside|PE
6168|Mary Garcia|555-349-4645|616 Maple St, Franklin|CL
6169|James Garcia|555-349-6593|5571 Cedar Rd, Bristol|MX
6170|Mary Williams|555-320-8471|626 Maple St, Springfield|CO
6171|James Jones|555-233-2002|3141 Maple St, Greenville|PE
6172|Robert Garcia|555-509-5901|8651 Cedar Rd, Madison|CL
6173|Jennifer Brown|555-415-9737|2690 Maple St, Riverside|MX
6174|Michael Garcia|555-725-7621|1156 Pine St, Greenville|CO
6175|James Jones|555-397-2964|8852 Cedar Rd, Springfield|PE
6176|Michael Garcia|555-999-8079|7193 Cedar Rd, Springfield|CL
6177|Patricia Smith|555-965-2963|8264 Lakeview Dr, Riverside|MX
6178|Jennifer Smith|555-956-3074|450 Oak Ave, Riverside|CO
6179|Jennifer Williams|555-149-7526|8283 Maple St, Bristol|PE
6180|John Jones|555-312-7091|7265 Pine St, Bristol|CL
6181|John Miller|555-821-7523|6376 Maple St, Greenville|MX
6182|Mary Williams|555-901-3191|8736 Cedar Rd, Greenville|CO
6183|Jennifer Brown|555-181-1329|7815 Maple St, Greenville|PE
6184|James Garcia|555-926-7838|6846 Maple St, Franklin|CL
6185|Mary Miller|555-628-2201|4375 Maple St, Franklin|MX
6186|John Davis|555-407-2773|1561 Lakeview Dr, Springfield|CO
6187|John Jones|555-616-1321|8171 Lakeview Dr, Bristol|PE
6188|John Brown|555-154-9393|9312 Maple St, Bristol|CL
6189|Patricia Williams|555-207-6033|9522 Main St, Franklin|MX
6190|Jennifer Johnson|555-340-4156|2880 Maple St, Springfield|CO
6191|Robert Davis|555-903-1609|511 Cedar Rd, Springfield|PE
6192|Michael Jones|555-379-9334|8646 Maple St, Greenville|CL
6193|Michael Smith|555-844-4731|4116 Maple St, Springfield|MX
6194|Patricia Smith|555-955-2737|3086 Lakeview Dr, Springfield|CO
6195|Robert Brown|555-941-6909|1707 Main St, Franklin|PE
6196|Patricia Miller|555-246-8099|6750 Maple St, Springfield|CL
6197|James Garcia|555-642-6148|9675 Cedar Rd, Springfield|MX
6198|Jennifer Smith|555-837-6029|3762 Maple St, Springfield|CO
6199|Jennifer Johnson|555-870-4272|6446 Oak Ave, Bristol|PE
6200|Michael Davis|555-520-8561|5992 Oak Ave, Bristol|CL
6201|James Garcia|555-524-8046|6318 Pine St, Greenville|MX
6202|Linda Garcia|555-713-6152|1038 Oak Ave, Greenville|CO
6203|John Garcia|555-936-6377|894 Pine St, Bristol|PE
6204|Michael Williams|555-560-6191|277 Pine St, Springfield|CL
6205|James Johnson|555-412-3138|7599 Lakeview Dr, Franklin|MX
6206|Michael Jones|555-252-2263|8035 Maple St, Springfield|CO
6207|John Williams|555-427-2260|8761 Oak Ave, Franklin|PE
6208|Linda Davis|555-267-9678|2528 Lakeview Dr, Franklin|CL
6209|Mary Garcia|555-679-2298|611 Oak Ave, Madison|MX
6210|Mary Johnson|555-522-9150|3946 Pine St, Bristol|CO
6211|Mary Johnson|555-941-4917|7674 Oak Ave, Franklin|PE
6212|Mary Jones|555-245-5990|6991 Pine St, Madison|CL
6213|James Jones|555-171-3908|2929 Main St, Madison|MX
6214|James Johnson|555-702-8241|9447 Maple St, Riverside|CO
6215|Mary Brown|555-528-4926|2291 Main St, Bristol|PE
6216|Jennifer Davis|555-835-4490|5202 Main St, Riverside|CL
6217|Robert Garcia|555-945-5477|8607 Maple St, Greenville|MX
6218|Jennifer Davis|555-363-1076|3674 Cedar Rd, Franklin|CO
6219|Jennifer Smith|555-331-7765|1463 Main St, Greenville|PE
6220|James Miller|555-171-9137|9708 Lakeview Dr, Riverside|CL
6221|John Davis|555-428-1198|2821 Cedar Rd, Bristol|MX
6222|Mary Jones|555-337-6773|2213 Cedar Rd, Greenville|CO
6223|Mary Davis|555-508-1314|4187 Cedar Rd, Riverside|PE
6224|Robert Jones|555-270-1844|9114 Lakeview Dr, Madison|CL
6225|Robert Williams|555-412-3937|8493 Main St, Franklin|MX
6226|Linda Davis|555-739-1398|572 Main St, Greenville|CO
6227|Michael Brown|555-265-1897|387 Cedar Rd, Bristol|PE
6228|Michael Jones|555-343-7245|2465 Pine St, Bristol|CL
6229|Patricia Smith|555-381-4101|3089 Pine St, Madison|MX
6230|James Miller|555-871-4829|178 Oak Ave, Madison|CO
6231|James Johnson|555-999-2710|9906 Oak Ave, Riverside|PE
6232|James Jones|555-604-6407|1603 Lakeview Dr, Franklin|CL
6233|James Brown|555-419-2476|4883 Maple St, Bristol|MX
6234|Mary Garcia|555-331-3231|3177 Cedar Rd, Springfield|CO
6235|Linda Miller|555-203-3928|937 Main St, Riverside|PE
6236|Michael Garcia|555-408-2855|4838 Pine St, Greenville|CL
6237|Patricia Davis|555-536-1641|8450 Cedar Rd, Madison|MX
6238|Patricia Brown|555-833-4545|171 Maple St, Springfield|CO
6239|Jennifer Johnson|555-645-4868|6581 Oak Ave, Springfield|PE
6240|Jennifer Williams|555-704-9338|4426 Maple St, Springfield|CL
6241|Patricia Brown|555-276-6927|8601 Main St, Bristol|MX
6242|Michael Brown|555-440-2178|3278 Main St, Springfield|CO
6243|Patricia Johnson|555-892-1243|6916 Oak Ave, Bristol|PE
6244|Patricia Miller|555-158-1583|4622 Maple St, Bristol|CL
6245|Linda Brown|555-349-1198|1517 Oak Ave, Madison|MX
6246|Robert Williams|555-416-4163|8314 Maple St, Greenville|CO
6247|Jennifer Williams|555-185-9043|2896 Lakeview Dr, Madison|PE
6248|Patricia Brown|555-696-6993|7112 Pine St, Bristol|CL
6249|James Garcia|555-402-9200|3861 Lakeview Dr, Madison|MX
6250|Mary Johnson|555-519-8528|3846 Cedar Rd, Madison|CO
6251|John Davis|555-402-5480|9680 Pine St, Bristol|PE
6252|Linda Johnson|555-631-6078|9826 Oak Ave, Bristol|CL
6253|Jennifer Smith|555-309-4145|7813 Cedar Rd, Riverside|MX
6254|Mary Davis|555-961-3451|7250 Maple St, Bristol|CO
6255|Linda Williams|555-471-9875|6605 Maple St, Franklin|PE
6256|James Johnson|555-570-5036|1848 Main St, Bristol|CL
6257|John Jones|555-766-5959|9082 Maple St, Bristol|MX
6258|Patricia Davis|555-384-9685|8655 Pine St, Bristol|CO
6259|Mary Garcia|555-768-2590|4504 Oak Ave, Bristol|PE
6260|Robert Jones|555-208-6588|5830 Oak Ave, Franklin|CL
6261|James Garcia|555-572-9387|7921 Cedar Rd, Springfield|MX
6262|Patricia Smith|555-524-2763|4801 Maple St, Madison|CO
6263|John Davis|555-642-5381|2567 Lakeview Dr, Riverside|PE
6264|Robert Johnson|555-102-3444|2773 Lakeview Dr, Riverside|CL
6265|Jennifer Brown|555-260-8746|2561 Lakeview Dr, Madison|MX
6266|Linda Williams|555-113-2604|9455 Lakeview Dr, Bristol|CO
6267|Jennifer Williams|555-426-5734|9593 Cedar Rd, Madison|PE
6268|John Brown|555-291-4023|3999 Maple St, Bristol|CL
6269|Robert Jones|555-892-9838|1011 Maple St, Bristol|MX
6270|Linda Jones|555-660-4615|4229 Maple St, Bristol|CO
6271|Patricia Jones|555-129-6036|1814 Pine St, Greenville|PE
6272|Jennifer Jones|555-329-5950|6892 Maple St, Madison|CL
6273|Robert Johnson|555-724-8498|5929 Oak Ave, Springfield|MX
6274|Mary Garcia|555-745-8800|5153 Main St, Riverside|CO
6275|Linda Jones|555-577-9578|1284 Main St, Greenville|PE
6276|John Garcia|555-735-1318|8223 Lakeview Dr, Madison|CL
6277|Linda Johnson|555-151-6807|1107 Oak Ave, Bristol|MX
6278|Linda Davis|555-793-4821|3784 Main St, Franklin|CO
6279|Linda Brown|555-828-8073|276 Oak Ave, Greenville|PE
6280|Jennifer Davis|555-146-3709|2858 Oak Ave, Bristol|CL
6281|Jennifer Smith|555-180-2706|6759 Lakeview Dr, Madison|MX
6282|Michael Johnson|555-955-4444|4016 Lakeview Dr, Bristol|CO
6283|Mary Johnson|555-361-2977|7140 Lakeview Dr, Greenville|PE
6284|Michael Jones|555-492-2344|5900 Pine St, Franklin|CL
6285|Patricia Miller|555-916-5230|1408 Cedar Rd, Greenville|MX
6286|Michael Smith|555-435-5627|9256 Pine St, Franklin|CO
6287|James Johnson|555-861-5672|619 Pine St, Springfield|PE
6288|Michael Johnson|555-884-6718|1352 Maple St, Riverside|CL
6289|Linda Williams|555-386-1116|3047 Pine St, Greenville|MX
6290|Patricia Jones|555-179-5836|4561 Pine St, Bristol|CO
6291|Linda Smith|555-148-7265|938 Maple St, Bristol|PE
6292|Robert Smith|555-709-3949|9840 Maple St, Springfield|CL
6293|Linda Brown|555-125-9452|3040 Maple St, Franklin|MX
6294|Patricia Brown|555-178-8502|9840 Lakeview Dr, Bristol|CO
6295|Jennifer Brown|555-241-6978|2561 Main St, Springfield|PE
6296|Linda Garcia|555-861-2242|6052 Maple St, Riverside|CL
6297|Jennifer Garcia|555-566-7313|3583 Pine St, Madison|MX
6298|Patricia Jones|555-925-9709|2438 Pine St, Franklin|CO
6299|Patricia Smith|555-280-9537|5237 Cedar Rd, Springfield|PE
6300|John Williams|555-487-8584|1322 Maple St, Bristol|CL
6301|Patricia Davis|555-976-1231|8042 Main St, Greenville|MX
6302|Robert Jones|555-307-9042|1712 Pine St, Springfield|CO
6303|Patricia Johnson|555-195-2544|7819 Lakeview Dr, Bristol|PE
6304|Linda Johnson|555-486-2716|6838 Main St, Madison|CL
6305|Mary Miller|555-330-7916|4181 Oak Ave, Franklin|MX
6306|Mary Smith|555-265-1216|1302 Lakeview Dr, Riverside|CO
6307|Robert Brown|555-833-8228|1374 Pine St, Greenville|PE
6308|Jennifer Miller|555-934-7041|7309 Cedar Rd, Springfield|CL
6309|Michael Garcia|555-225-1457|7979 Lakeview Dr, Riverside|MX
6310|Mary Miller|555-247-5758|4191 Main St, Springfield|CO
6311|John Miller|555-961-7310|8493 Oak Ave, Springfield|PE
6312|Robert Smith|555-519-1226|885 Oak Ave, Franklin|CL
6313|Mary Jones|555-953-1380|267 Main St, Bristol|MX
6314|Jennifer Davis|555-285-7805|7195 Main St, Madison|CO
6315|Michael Williams|555-234-8135|8021 Maple St, Madison|PE
6316|Jennifer Jones|555-987-9607|9861 Main St, Greenville|CL
6317|Jennifer Jones|555-909-7906|550 Lakeview Dr, Madison|MX
6318|Jennifer Smith|555-817-1189|8996 Main St, Madison|CO
6319|Patricia Smith|555-556-6825|9277 Pine St, Madison|PE
6320|Mary Garcia|555-387-4990|9840 Pine St, Riverside|CL
6321|Michael Brown|555-895-3589|279 Cedar Rd, Franklin|MX
6322|Jennifer Garcia|555-335-9548|129 Pine St, Greenville|CO
6323|Michael Brown|555-472-6618|8897 Lakeview Dr, Madison|PE
6324|Robert Jones|555-336-3498|6296 Cedar Rd, Springfield|CL
6325|Robert Johnson|555-865-1072|7423 Pine St, Springfield|MX
6326|Michael Johnson|555-474-2451|2051 Oak Ave, Franklin|CO
6327|Jennifer Williams|555-721-9402|1997 Pine St, Franklin|PE
6328|John Jones|555-899-2071|1079 Pine St, Madison|CL
6329|James Smith|555-773-7844|6506 Maple St, Bristol|MX
6330|Michael Miller|555-366-3191|1827 Pine St, Bristol|CO
6331|James Johnson|555-467-5745|8014 Cedar Rd, Riverside|PE
6332|Patricia Williams|555-822-7368|1509 Oak Ave, Bristol|CL
6333|Patricia Garcia|555-127-3214|8105 Pine St, Franklin|MX
6334|Patricia Smith|555-999-4448|7900 Main St, Madison|CO
6335|Jennifer Jones|555-244-5279|4745 Maple St, Madison|PE
6336|James Johnson|555-349-2683|6775 Oak Ave, Madison|CL
6337|Jennifer Brown|555-986-2311|7966 Lakeview Dr, Madison|MX
6338|Mary Davis|555-327-4345|369 Maple St, Bristol|CO
6339|Robert Smith|555-550-4187|9977 Lakeview Dr, Franklin|PE
6340|Robert Williams|555-248-5419|6396 Cedar Rd, Greenville|CL
6341|Patricia Davis|555-418-4836|2337 Cedar Rd, Riverside|MX
6342|Michael Johnson|555-414-1042|7463 Cedar Rd, Springfield|CO
6343|Jennifer Brown|555-254-3424|1355 Oak Ave, Springfield|PE
6344|Robert Smith|555-614-5859|1879 Oak Ave, Springfield|CL
6345|Linda Johnson|555-253-4579|8318 Maple St, Madison|MX
6346|Mary Jones|555-818-7400|1960 Maple St, Springfield|CO
6347|Mary Miller|555-437-7932|8984 Pine St, Franklin|PE
6348|Jennifer Williams|555-809-7831|3300 Pine St, Franklin|CL
6349|Robert Garcia|555-637-2835|3481 Pine St, Madison|MX
6350|Patricia Williams|555-308-8223|8636 Lakeview Dr, Madison|CO
6351|Patricia Miller|555-242-7062|3193 Pine St, Bristol|PE
6352|Michael Jones|555-380-8769|7713 Pine St, Franklin|CL
6353|Mary Williams|555-147-2493|6457 Main St, Madison|MX
6354|Patricia Miller|555-868-7127|5029 Lakeview Dr, Riverside|CO
6355|Patricia Miller|555-553-4936|7250 Pine St, Springfield|PE
6356|Mary Garcia|555-390-6494|1141 Maple St, Madison|CL
6357|Mary Miller|555-782-6746|3859 Oak Ave, Franklin|MX
6358|Linda Smith|555-212-4237|5660 Pine St, Greenville|CO
6359|Mary Johnson|555-844-8618|6222 Lakeview Dr, Greenville|PE
6360|John Davis|555-289-4706|3230 Oak Ave, Franklin|CL
6361|Jennifer Williams|555-876-2171|1517 Maple St, Madison|MX
6362|James Williams|555-380-4745|5404 Main St, Greenville|CO
6363|Robert Davis|555-683-6686|5522 Cedar Rd, Springfield|PE
6364|Robert Jones|555-283-4248|252 Main St, Springfield|CL
6365|Robert Davis|555-423-9000|1752 Maple St, Madison|MX
6366|Jennifer Smith|555-425-7651|2558 Oak Ave, Greenville|CO
6367|Jennifer Brown|555-336-8575|9704 Maple St, Madison|PE
6368|Patricia Johnson|555-590-4967|4260 Maple St, Bristol|CL
6369|James Smith|555-398-6810|9767 Main St, Springfield|MX
6370|James Williams|555-691-2705|9997 Main St, Madison|CO
6371|Robert Miller|555-580-4204|3438 Main St, Franklin|PE
6372|Linda Johnson|555-815-9630|1389 Maple St, Bristol|CL
6373|Mary Davis|555-790-1608|3928 Main St, Madison|MX
6374|Michael Johnson|555-437-8761|9628 Main St, Bristol|CO
6375|James Miller|555-107-5092|1584 Cedar Rd, Madison|PE
6376|Michael Davis|555-715-6059|5958 Lakeview Dr, Madison|CL
6377|Robert Johnson|555-848-2803|8456 Maple St, Riverside|MX
6378|John Jones|555-542-9590|7441 Main St, Riverside|CO
6379|James Williams|555-488-9249|6068 Main St, Riverside|PE
6380|Jennifer Davis|555-399-7465|9767 Oak Ave, Riverside|CL
6381|Robert Brown|555-784-5214|793 Cedar Rd, Madison|MX
6382|Michael Davis|555-914-3078|615 Pine St, Springfield|CO
6383|Jennifer Davis|555-116-1972|6801 Oak Ave, Greenville|PE
6384|James Davis|555-472-7117|6215 Maple St, Greenville|CL
6385|Patricia Williams|555-930-4700|5684 Main St, Franklin|MX
6386|Patricia Brown|555-885-4714|4386 Pine St, Springfield|CO
6387|Jennifer Jones|555-843-9955|5480 Pine St, Madison|PE
6388|Linda Miller|555-140-6051|187 Main St, Greenville|CL
6389|Linda Williams|555-804-7706|7731 Lakeview Dr, Franklin|MX
6390|Michael Jones|555-149-2358|9480 Main St, Bristol|CO
6391|Linda Miller|555-936-1593|4968 Cedar Rd, Madison|PE
6392|John Davis|555-612-9649|9234 Cedar Rd, Bristol|CL
6393|James Smith|555-567-6326|908 Pine St, Riverside|MX
6394|Robert Davis|555-679-8629|4027 Lakeview Dr, Franklin|CO
6395|Michael Smith|555-493-4273|6605 Lakeview Dr, Riverside|PE
6396|John Jones|555-987-9897|5769 Cedar Rd, Springfield|CL
6397|Mary Davis|555-981-2366|1257 Oak Ave, Madison|MX
6398|John Miller|555-743-6737|8678 Maple St, Springfield|CO
6399|Jennifer Garcia|555-911-8691|9299 Main St, Riverside|PE
6400|James Miller|555-971-3777|5758 Oak Ave, Madison|CL
6401|Michael Jones|555-200-2009|6482 Main St, Springfield|MX
6402|Mary Davis|555-353-1405|9393 Cedar Rd, Bristol|CO
6403|Michael Jones|555-337-3587|1701 Maple St, Riverside|PE
6404|Jennifer Davis|555-833-3558|9638 Main St, Bristol|CL
6405|Jennifer Smith|555-141-6404|5176 Oak Ave, Franklin|MX
6406|Mary Davis|555-745-1878|8554 Cedar Rd, Greenville|CO
6407|Patricia Johnson|555-803-5046|3320 Lakeview Dr, Bristol|PE
6408|Mary Williams|555-610-4142|8732 Main St, Bristol|CL
6409|Robert Garcia|555-845-6616|3540 Maple St, Franklin|MX
6410|James Garcia|555-772-2319|9713 Pine St, Franklin|CO
6411|Linda Miller|555-695-5529|6572 Lakeview Dr, Springfield|PE
6412|Jennifer Jones|555-312-4239|4842 Pine St, Franklin|CL
6413|Michael Williams|555-907-1459|5620 Pine St, Madison|MX
6414|James Garcia|555-446-4485|7932 Oak Ave, Franklin|CO
6415|Jennifer Miller|555-341-3854|1686 Oak Ave, Springfield|PE
6416|Linda Johnson|555-843-6909|6089 Main St, Greenville|CL
6417|James Brown|555-385-2125|3083 Oak Ave, Greenville|MX
6418|Patricia Garcia|555-271-8603|9284 Pine St, Springfield|CO
6419|Jennifer Garcia|555-409-9905|2276 Oak Ave, Franklin|PE
6420|Michael Miller|555-225-4100|7645 Maple St, Riverside|CL
6421|Linda Brown|555-922-2273|7980 Maple St, Madison|MX
6422|James Garcia|555-729-5411|8391 Oak Ave, Franklin|CO
6423|John Johnson|555-623-7893|3571 Main St, Madison|PE
6424|Mary Johnson|555-377-5380|5971 Main St, Franklin|CL
6425|John Garcia|555-168-1627|5180 Maple St, Springfield|MX
6426|Michael Smith|555-114-8684|7387 Lakeview Dr, Greenville|CO
6427|Michael Williams|555-727-8484|1058 Lakeview Dr, Springfield|PE
6428|James Smith|555-638-1085|1552 Lakeview Dr, Madison|CL
6429|Jennifer Davis|555-157-2624|3955 Maple St, Greenville|MX
6430|Jennifer Jones|555-172-7592|5488 Cedar Rd, Riverside|CO
6431|John Miller|555-610-5178|8695 Oak Ave, Madison|PE
6432|James Jones|555-193-5284|5611 Pine St, Riverside|CL
6433|James Jones|555-894-7015|7374 Cedar Rd, Franklin|MX
6434|Linda Miller|555-793-7196|6287 Pine St, Bristol|CO
6435|Michael Garcia|555-475-3447|2663 Cedar Rd, Franklin|PE
6436|Linda Williams|555-421-1273|841 Oak Ave, Madison|CL
6437|Jennifer Davis|555-173-9003|5767 Lakeview Dr, Springfield|MX
6438|Jennifer Smith|555-905-8170|7595 Pine St, Franklin|CO
6439|Robert Williams|555-757-7705|5442 Main St, Madison|PE
6440|Jennifer Davis|555-254-4540|6614 Cedar Rd, Riverside|CL
6441|Linda Garcia|555-710-6373|8615 Cedar Rd, Franklin|MX
6442|James Garcia|555-768-7845|1812 Maple St, Bristol|CO
6443|Michael Garcia|555-583-5217|5305 Pine St, Riverside|PE
6444|Patricia Johnson|555-977-2382|7567 Main St, Greenville|CL
6445|Patricia Davis|555-157-8647|8093 Main St, Springfield|MX
6446|James Jones|555-568-5536|9999 Lakeview Dr, Riverside|CO
6447|Patricia Garcia|555-811-6081|9175 Main St, Bristol|PE
6448|John Johnson|555-218-9044|1519 Oak Ave, Springfield|CL
6449|Robert Jones|555-789-1847|9476 Pine St, Madison|MX
6450|John Miller|555-572-3652|2536 Lakeview Dr, Springfield|CO
6451|Patricia Davis|555-243-7231|2601 Maple St, Franklin|PE
6452|Mary Williams|555-260-7366|6935 Cedar Rd, Springfield|CL
6453|Jennifer Johnson|555-403-3543|6218 Oak Ave, Springfield|MX
6454|James Davis|555-979-1593|7048 Cedar Rd, Madison|CO
6455|Mary Jones|555-674-2707|6898 Oak Ave, Springfield|PE
6456|John Johnson|555-626-5208|9848 Maple St, Franklin|CL
6457|Linda Davis|555-841-6160|937 Oak Ave, Greenville|MX
6458|Michael Smith|555-414-8173|3876 Oak Ave, Riverside|CO
6459|Linda Garcia|555-174-3864|4716 Cedar Rd, Bristol|PE
6460|John Smith|555-909-1881|6194 Cedar Rd, Riverside|CL
6461|Patricia Garcia|555-537-1449|9113 Oak Ave, Springfield|MX
6462|Mary Garcia|555-670-1617|6492 Main St, Riverside|CO
6463|Jennifer Brown|555-202-1483|203 Maple St, Greenville|PE
6464|Patricia Jones|555-477-9933|7794 Pine St, Franklin|CL
6465|Jennifer Davis|555-739-2638|8085 Main St, Franklin|MX
6466|James Davis|555-445-4168|8814 Lakeview Dr, Franklin|CO
6467|Patricia Johnson|555-780-3730|8595 Pine St, Greenville|PE
6468|James Garcia|555-863-8266|8539 Cedar Rd, Franklin|CL
6469|Mary Johnson|555-872-3416|2667 Lakeview Dr, Madison|MX
6470|Jennifer Jones|555-100-1540|7953 Oak Ave, Madison|CO
6471|Mary Smith|555-190-9725|5830 Pine St, Riverside|PE
6472|Jennifer Garcia|555-552-4040|6027 Main St, Greenville|CL
6473|Robert Johnson|555-513-3547|872 Cedar Rd, Riverside|MX
6474|John Garcia|555-198-6158|8096 Oak Ave, Madison|CO
6475|Robert Garcia|555-192-3092|4454 Lakeview Dr, Franklin|PE
6476|Linda Smith|555-563-9024|4586 Cedar Rd, Greenville|CL
6477|Mary Davis|555-577-7199|6126 Main St, Bristol|MX
6478|Michael Williams|555-590-7001|1285 Lakeview Dr, Bristol|CO
6479|John Brown|555-449-2478|1866 Pine St, Madison|PE
6480|John Davis|555-229-5779|6232 Cedar Rd, Riverside|CL
6481|Linda Brown|555-210-7505|9344 Maple St, Bristol|MX
6482|Michael Garcia|555-179-5074|6361 Pine St, Riverside|CO
6483|Michael Garcia|555-551-4250|3871 Main St, Madison|PE
6484|Linda Miller|555-127-4252|9372 Pine St, Franklin|CL
6485|Linda Brown|555-813-7838|3232 Pine St, Greenville|MX
6486|Jennifer Smith|555-895-8085|5598 Cedar Rd, Springfield|CO
6487|Michael Johnson|555-951-1674|9192 Lakeview Dr, Madison|PE
6488|Michael Williams|555-320-1170|5645 Oak Ave, Madison|CL
6489|Linda Garcia|555-776-9046|9100 Pine St, Franklin|MX
6490|Linda Garcia|555-420-3008|9294 Main St, Franklin|CO
6491|Mary Smith|555-388-7326|4437 Cedar Rd, Springfield|PE
6492|Linda Davis|555-442-7882|2985 Lakeview Dr, Bristol|CL
6493|James Garcia|555-403-7767|5610 Maple St, Franklin|MX
6494|Jennifer Williams|555-326-5696|8949 Oak Ave, Springfield|CO
6495|Robert Davis|555-583-2234|7800 Main St, Franklin|PE
6496|Michael Williams|555-835-5141|8323 Main St, Madison|CL
6497|Patricia Williams|555-955-4966|560 Oak Ave, Greenville|MX
6498|Linda Williams|555-488-6474|3366 Main St, Franklin|CO
6499|Jennifer Smith|555-825-3189|4175 Lakeview Dr, Greenville|PE
6500|Michael Brown|555-290-7443|1962 Oak Ave, Franklin|CL
6501|Michael Williams|555-624-7865|8065 Main St, Greenville|MX
6502|Mary Smith|555-588-8429|1596 Oak Ave, Greenville|CO
6503|Patricia Miller|555-985-3143|8853 Pine St, Riverside|PE
6504|Robert Johnson|555-998-9727|1818 Oak Ave, Greenville|CL
6505|James Johnson|555-996-5311|5376 Lakeview Dr, Greenville|MX
6506|Michael Jones|555-987-6099|7593 Maple St, Springfield|CO
6507|Mary Garcia|555-419-5946|9257 Main St, Bristol|PE
6508|Patricia Williams|555-190-8864|9985 Lakeview Dr, Springfield|CL
6509|Linda Davis|555-932-6976|9188 Oak Ave, Madison|MX
6510|James Davis|555-895-6311|9918 Oak Ave, Springfield|CO
6511|John Miller|555-487-1047|7062 Lakeview Dr, Bristol|PE
6512|Mary Smith|555-297-9890|2872 Cedar Rd, Riverside|CL
6513|Robert Garcia|555-920-6746|313 Oak Ave, Greenville|MX
6514|John Davis|555-104-6816|4500 Pine St, Riverside|CO
6515|James Davis|555-121-3126|7089 Main St, Greenville|PE
6516|John Jones|555-194-9796|2933 Main St, Bristol|CL
6517|Jennifer Davis|555-787-7088|4406 Maple St, Bristol|MX
6518|Mary Smith|555-191-7474|4700 Oak Ave, Springfield|CO
6519|Robert Brown|555-118-3130|1134 Pine St, Franklin|PE
6520|Mary Brown|555-863-3624|2998 Maple St, Riverside|CL
6521|John Garcia|555-668-8241|7819 Cedar Rd, Madison|MX
6522|James Smith|555-306-2404|628 Cedar Rd, Madison|CO
6523|John Davis|555-859-6985|5902 Pine St, Riverside|PE
6524|Robert Garcia|555-762-3100|3046 Pine St, Madison|CL
6525|Patricia Garcia|555-366-2400|2936 Cedar Rd, Franklin|MX
6526|Linda Smith|555-367-6912|3003 Main St, Riverside|CO
6527|Jennifer Garcia|555-440-4067|5074 Lakeview Dr, Bristol|PE
6528|Linda Brown|555-181-7978|1151 Maple St, Franklin|CL
6529|Robert Smith|555-287-9563|3493 Maple St, Madison|MX
6530|Michael Miller|555-690-3582|9953 Lakeview Dr, Bristol|CO
6531|John Jones|555-520-8735|6679 Maple St, Greenville|PE
6532|Linda Jones|555-602-5292|557 Main St, Riverside|CL
6533|Robert Jones|555-892-8345|8117 Maple St, Springfield|MX
6534|Mary Garcia|555-542-5301|5402 Pine St, Riverside|CO
6535|James Williams|555-509-1403|6350 Oak Ave, Springfield|PE
6536|James Brown|555-539-7414|1258 Cedar Rd, Bristol|CL
6537|Robert Miller|555-430-9640|8360 Main St, Greenville|MX
6538|Jennifer Williams|555-365-9549|3115 Cedar Rd, Riverside|CO
6539|Michael Brown|555-649-3337|680 Maple St, Franklin|PE
6540|Robert Brown|555-290-1972|1321 Maple St, Greenville|CL
6541|Linda Brown|555-287-7425|3689 Cedar Rd, Franklin|MX
6542|James Williams|555-534-4626|9429 Maple St, Madison|CO
6543|Linda Garcia|555-825-5356|2915 Maple St, Springfield|PE
6544|Jennifer Brown|555-605-6707|8073 Maple St, Riverside|CL
6545|Mary Brown|555-715-5587|4626 Main St, Greenville|MX
6546|John Brown|555-867-1874|3507 Maple St, Springfield|CO
6547|Linda Jones|555-432-4362|1004 Oak Ave, Franklin|PE
6548|Jennifer Garcia|555-448-4633|5886 Lakeview Dr, Greenville|CL
6549|John Williams|555-353-6709|6599 Oak Ave, Riverside|MX
6550|Robert Johnson|555-940-9629|5698 Cedar Rd, Franklin|CO
6551|John Johnson|555-560-5222|5532 Pine St, Riverside|PE
6552|Jennifer Brown|555-583-8866|4048 Cedar Rd, Madison|CL
6553|Robert Johnson|555-272-7436|8129 Main St, Riverside|MX
6554|Linda Johnson|555-186-1033|9213 Maple St, Madison|CO
6555|John Garcia|555-609-7336|6994 Cedar Rd, Madison|PE
6556|John Williams|555-704-5144|3473 Lakeview Dr, Bristol|CL
6557|Jennifer Garcia|555-602-4026|780 Main St, Madison|MX
6558|James Garcia|555-371-6899|2757 Cedar Rd, Greenville|CO
6559|Linda Smith|555-263-9740|8438 Maple St, Madison|PE
6560|James Davis|555-329-8570|5659 Main St, Greenville|CL
6561|Jennifer Jones|555-461-8372|1490 Lakeview Dr, Springfield|MX
6562|Jennifer Williams|555-393-1254|5845 Cedar Rd, Bristol|CO
6563|Jennifer Smith|555-939-2701|8271 Pine St, Springfield|PE
6564|Linda Davis|555-217-4557|4346 Pine St, Springfield|CL
6565|John Jones|555-439-2588|7294 Lakeview Dr, Springfield|MX
6566|Michael Jones|555-464-1891|3913 Oak Ave, Springfield|CO
6567|Michael Johnson|555-861-8492|7490 Lakeview Dr, Franklin|PE
6568|Michael Jones|555-571-4819|164 Maple St, Bristol|CL
6569|John Jones|555-221-2470|6461 Cedar Rd, Riverside|MX
6570|James Brown|555-755-6675|7528 Pine St, Franklin|CO
6571|James Smith|555-923-3864|6441 Pine St, Bristol|PE
6572|Linda Jones|555-949-8533|1234 Maple St, Bristol|CL
6573|Robert Smith|555-178-4883|2134 Lakeview Dr, Greenville|MX
6574|Robert Johnson|555-316-2116|8390 Main St, Bristol|CO
6575|Linda Smith|555-517-1504|8483 Cedar Rd, Madison|PE
6576|James Williams|555-776-9167|905 Cedar Rd, Riverside|CL
6577|Michael Garcia|555-213-1270|5508 Pine St, Madison|MX
6578|Jennifer Davis|555-348-9065|8645 Main St, Franklin|CO
6579|Michael Jones|555-691-9219|6222 Oak Ave, Greenville|PE
6580|Linda Jones|555-474-2717|6197 Cedar Rd, Madison|CL
6581|Jennifer Garcia|555-384-8773|3283 Pine St, Greenville|MX
6582|Michael Johnson|555-167-1922|2109 Main St, Bristol|CO
6583|Mary Brown|555-330-3067|2658 Maple St, Springfield|PE
6584|Jennifer Smith|555-694-8007|7388 Pine St, Greenville|CL
6585|James Brown|555-983-8980|5508 Oak Ave, Springfield|MX
6586|Robert Brown|555-312-1232|7045 Pine St, Madison|CO
6587|Mary Jones|555-958-1523|5968 Lakeview Dr, Greenville|PE
6588|Michael Davis|555-581-1029|470 Maple St, Bristol|CL
6589|Mary Miller|555-930-9910|1288 Oak Ave, Riverside|MX
6590|Robert Davis|555-621-9568|212 Oak Ave, Franklin|CO
6591|Linda Miller|555-404-2980|6992 Oak Ave, Bristol|PE
6592|Jennifer Smith|555-681-5528|8718 Oak Ave, Springfield|CL
6593|Robert Davis|555-424-3687|9187 Maple St, Springfield|MX
6594|Mary Miller|555-222-4520|5430 Oak Ave, Riverside|CO
6595|Robert Brown|555-997-1515|4225 Main St, Madison|PE
6596|Jennifer Jones|555-914-9562|8355 Main St, Springfield|CL
6597|John Williams|555-155-6094|8075 Maple St, Springfield|MX
6598|Patricia Miller|555-569-8271|3021 Lakeview Dr, Franklin|CO
6599|Jennifer Williams|555-898-6693|5413 Lakeview Dr, Bristol|PE
6600|Mary Garcia|555-585-4482|440 Lakeview Dr, Greenville|CL
6601|John Davis|555-689-2442|9024 Pine St, Madison|MX
6602|John Smith|555-541-2488|5339 Maple St, Bristol|CO
6603|Patricia Jones|555-340-8794|3973 Oak Ave, Springfield|PE
6604|Linda Miller|555-367-7530|3715 Lakeview Dr, Madison|CL
6605|Jennifer Williams|555-602-4775|9177 Main St, Bristol|MX
6606|Patricia Smith|555-685-9749|8708 Oak Ave, Madison|CO
6607|James Smith|555-466-4596|3089 Cedar Rd, Riverside|PE
6608|Jennifer Davis|555-108-4918|2942 Main St, Springfield|CL
6609|James Williams|555-251-7837|6250 Maple St, Madison|MX
6610|John Johnson|555-768-1915|825 Maple St, Greenville|CO
6611|Michael Jones|555-436-4377|2791 Main St, Bristol|PE
6612|James Williams|555-947-2450|7532 Maple St, Greenville|CL
6613|Mary Garcia|555-977-2383|6305 Pine St, Franklin|MX
6614|Robert Davis|555-610-1799|5468 Maple St, Madison|CO
6615|Michael Miller|555-796-3454|3602 Lakeview Dr, Bristol|PE
6616|James Smith|555-464-2162|5258 Maple St, Greenville|CL
6617|James Smith|555-808-9754|7032 Main St, Madison|MX
6618|Jennifer Jones|555-464-6586|2482 Lakeview Dr, Riverside|CO
6619|Patricia Jones|555-420-2584|7380 Pine St, Franklin|PE
6620|Linda Brown|555-770-1829|4937 Maple St, Madison|CL
6621|Mary Johnson|555-109-7255|8639 Cedar Rd, Riverside|MX
6622|Michael Williams|555-520-3084|7257 Oak Ave, Springfield|CO
6623|Mary Garcia|555-577-3468|6097 Oak Ave, Greenville|PE
6624|Robert Jones|555-545-1156|8294 Lakeview Dr, Greenville|CL
6625|Michael Johnson|555-197-9584|368 Main St, Franklin|MX
6626|Robert Davis|555-821-5394|9521 Cedar Rd, Springfield|CO
6627|Linda Johnson|555-323-9491|6990 Cedar Rd, Greenville|PE
6628|John Williams|555-865-5439|6251 Maple St, Springfield|CL
6629|Jennifer Smith|555-652-7189|1305 Maple St, Springfield|MX
6630|Robert Johnson|555-881-8119|2094 Main St, Springfield|CO
6631|Jennifer Williams|555-673-4279|8384 Maple St, Greenville|PE
6632|Jennifer Johnson|555-968-2938|9151 Oak Ave, Riverside|CL
6633|Patricia Davis|555-161-8997|8360 Pine St, Greenville|MX
6634|John Brown|555-869-5453|1815 Maple St, Franklin|CO
6635|John Jones|555-575-9614|5972 Maple St, Riverside|PE
6636|Michael Miller|555-999-3717|8913 Main St, Greenville|CL
6637|Linda Miller|555-352-2535|6217 Maple St, Greenville|MX
6638|Robert Johnson|555-837-5140|262 Lakeview Dr, Riverside|CO
6639|Michael Smith|555-373-1773|9724 Oak Ave, Bristol|PE
6640|James Smith|555-500-3445|9364 Maple St, Greenville|CL
6641|Robert Johnson|555-974-5299|4237 Cedar Rd, Madison|MX
6642|Robert Miller|555-504-2679|4228 Cedar Rd, Springfield|CO
6643|James Smith|555-203-8250|8869 Oak Ave, Greenville|PE
6644|Patricia Johnson|555-818-1670|6298 Cedar Rd, Madison|CL
6645|Robert Smith|555-160-8510|7229 Maple St, Madison|MX
6646|Patricia Smith|555-728-3359|5316 Pine St, Springfield|CO
6647|James Brown|555-840-9688|4153 Main St, Springfield|PE
6648|Michael Garcia|555-514-4475|6896 Pine St, Springfield|CL
6649|James Johnson|555-525-9403|9541 Cedar Rd, Madison|MX
6650|Mary Davis|555-276-1623|4892 Oak Ave, Franklin|CO
6651|Mary Garcia|555-254-4045|1656 Maple St, Bristol|PE
6652|John Johnson|555-807-1212|2240 Main St, Greenville|CL
6653|James Miller|555-195-1720|2458 Cedar Rd, Bristol|MX
6654|Jennifer Miller|555-949-9407|9297 Main St, Springfield|CO
6655|Robert Jones|555-976-7122|3477 Maple St, Bristol|PE
6656|John Smith|555-600-4004|8222 Cedar Rd, Madison|CL
6657|James Williams|555-863-2287|1975 Cedar Rd, Riverside|MX
6658|Robert Miller|555-575-3304|5560 Pine St, Springfield|CO
6659|Michael Miller|555-342-7623|2620 Oak Ave, Springfield|PE
6660|Michael Davis|555-436-8447|7958 Cedar Rd, Springfield|CL
6661|Robert Garcia|555-715-7930|3764 Cedar Rd, Bristol|MX
6662|Robert Johnson|555-307-5393|6756 Lakeview Dr, Greenville|CO
6663|James Garcia|555-105-2224|7279 Maple St, Madison|PE
6664|James Williams|555-155-3573|317 Maple St, Franklin|CL
6665|Michael Garcia|555-431-7201|1361 Main St, Greenville|MX
6666|John Davis|555-447-3097|3971 Oak Ave, Madison|CO
6667|James Davis|555-681-7859|1033 Main St, Madison|PE
6668|Robert Jones|555-973-6892|7882 Main St, Springfield|CL
6669|Michael Brown|555-609-3086|5789 Lakeview Dr, Franklin|MX
6670|Mary Garcia|555-478-9465|6523 Main St, Greenville|CO
6671|James Miller|555-716-5432|7861 Pine St, Franklin|PE
6672|Mary Miller|555-982-2851|8531 Oak Ave, Springfield|CL
6673|Mary Davis|555-996-1949|4566 Pine St, Bristol|MX
6674|James Smith|555-794-5254|1354 Lakeview Dr, Riverside|CO
6675|Mary Johnson|555-340-9209|9257 Pine St, Bristol|PE
6676|John Miller|555-375-4999|6202 Oak Ave, Springfield|CL
6677|John Brown|555-727-9825|9887 Maple St, Riverside|MX
6678|John Garcia|555-408-7730|8334 Cedar Rd, Riverside|CO
6679|Robert Davis|555-428-1686|550 Maple St, Bristol|PE
6680|Mary Williams|555-952-2262|7523 Cedar Rd, Franklin|CL
6681|Michael Garcia|555-262-2993|201 Oak Ave, Riverside|MX
6682|Robert Smith|555-633-9030|5893 Lakeview Dr, Riverside|CO
6683|James Williams|555-950-7462|4407 Oak Ave, Bristol|PE
6684|Robert Davis|555-782-6985|4185 Oak Ave, Riverside|CL
6685|Michael Johnson|555-892-3192|7095 Maple St, Franklin|MX
6686|John Williams|555-962-7983|7974 Maple St, Madison|CO
6687|Patricia Brown|555-510-5523|4978 Maple St, Greenville|PE
6688|Linda Johnson|555-961-9885|2335 Lakeview Dr, Madison|CL
6689|Patricia Garcia|555-788-3671|4745 Lakeview Dr, Greenville|MX
6690|Jennifer Jones|555-231-3817|7402 Lakeview Dr, Franklin|CO
6691|Patricia Davis|555-104-5047|2587 Oak Ave, Madison|PE
6692|Linda Williams|555-609-4980|7212 Maple St, Bristol|CL
6693|Mary Davis|555-115-3847|2561 Lakeview Dr, Springfield|MX
6694|James Davis|555-108-9896|7206 Lakeview Dr, Greenville|CO
6695|Jennifer Miller|555-519-4487|5223 Lakeview Dr, Springfield|PE
6696|Patricia Smith|555-940-7797|690 Pine St, Bristol|CL
6697|Robert Smith|555-461-7739|8647 Maple St, Riverside|MX
6698|Mary Johnson|555-529-3759|7800 Main St, Franklin|CO
6699|John Smith|555-641-2095|9061 Main St, Franklin|PE
6700|Patricia Smith|555-330-4655|7933 Pine St, Springfield|CL
6701|Jennifer Miller|555-750-3040|9696 Lakeview Dr, Riverside|MX
6702|Robert Brown|555-641-6715|6204 Pine St, Riverside|CO
6703|James Williams|555-783-8406|5782 Cedar Rd, Franklin|PE
6704|Linda Miller|555-217-2090|3969 Lakeview Dr, Franklin|CL
6705|Michael Jones|555-224-3518|3791 Pine St, Bristol|MX
6706|Linda Brown|555-349-2344|4170 Pine St, Greenville|CO
6707|John Garcia|555-432-5041|8332 Cedar Rd, Springfield|PE
6708|Patricia Davis|555-615-8491|3801 Maple St, Greenville|CL
6709|James Johnson|555-260-5545|248 Pine St, Franklin|MX
6710|John Smith|555-605-1953|6540 Oak Ave, Springfield|CO
6711|Robert Brown|555-436-8562|8498 Maple St, Franklin|PE
6712|Robert Johnson|555-727-8235|1866 Maple St, Springfield|CL
6713|Michael Garcia|555-576-3157|6711 Main St, Franklin|MX
6714|Linda Jones|555-343-9455|3559 Pine St, Greenville|CO
6715|Michael Williams|555-762-6128|1428 Maple St, Bristol|PE
6716|Robert Smith|555-281-9603|7507 Pine St, Springfield|CL
6717|John Williams|555-593-4106|4998 Lakeview Dr, Madison|MX
6718|James Brown|555-421-3469|5557 Lakeview Dr, Madison|CO
6719|John Williams|555-294-1101|1508 Lakeview Dr, Springfield|PE
6720|Mary Smith|555-397-2711|8156 Oak Ave, Bristol|CL
6721|Robert Davis|555-573-9495|6890 Cedar Rd, Riverside|MX
6722|Michael Williams|555-414-4092|4474 Oak Ave, Riverside|CO
6723|Mary Jones|555-923-7606|7169 Main St, Springfield|PE
6724|Robert Brown|555-369-1094|2885 Cedar Rd, Riverside|CL
6725|Robert Smith|555-195-5159|5084 Maple St, Bristol|MX
6726|Jennifer Miller|555-644-7329|5521 Main St, Bristol|CO
6727|Michael Johnson|555-551-1997|1283 Cedar Rd, Bristol|PE
6728|James Johnson|555-277-4171|2123 Pine St, Franklin|CL
6729|Linda Smith|555-857-6187|2653 Oak Ave, Franklin|MX
6730|Linda Smith|555-796-3397|5352 Pine St, Bristol|CO
6731|Jennifer Miller|555-818-9994|1199 Lakeview Dr, Greenville|PE
6732|Michael Johnson|555-347-8777|637 Cedar Rd, Riverside|CL
6733|John Brown|555-977-1021|6404 Main St, Bristol|MX
6734|John Smith|555-137-8847|9882 Main St, Madison|CO
6735|Patricia Smith|555-993-8624|1028 Cedar Rd, Springfield|PE
6736|Patricia Johnson|555-978-6359|4343 Pine St, Bristol|CL
6737|Patricia Williams|555-566-8557|9298 Lakeview Dr, Madison|MX
6738|Michael Miller|555-606-6601|5765 Oak Ave, Springfield|CO
6739|Patricia Garcia|555-175-1685|625 Oak Ave, Greenville|PE
6740|Michael Johnson|555-196-4244|3337 Oak Ave, Bristol|CL
6741|Michael Jones|555-969-3410|9090 Maple St, Bristol|MX
6742|John Miller|555-747-8046|2261 Oak Ave, Franklin|CO
6743|Patricia Johnson|555-289-2316|2890 Cedar Rd, Springfield|PE
6744|Mary Johnson|555-315-8372|8714 Cedar Rd, Springfield|CL
6745|Linda Johnson|555-252-9470|9732 Oak Ave, Franklin|MX
6746|Linda Garcia|555-333-5917|5881 Pine St, Franklin|CO
6747|Linda Williams|555-299-8348|590 Cedar Rd, Madison|PE
6748|Michael Davis|555-895-3330|4130 Main St, Springfield|CL
6749|John Smith|555-587-8149|5001 Pine St, Madison|MX
6750|Linda Garcia|555-942-2377|1889 Maple St, Springfield|CO
6751|Michael Miller|555-166-1060|3570 Cedar Rd, Greenville|PE
6752|Robert Brown|555-530-6896|8879 Cedar Rd, Greenville|CL
6753|Linda Jones|555-225-2071|6701 Pine St, Madison|MX
6754|Mary Williams|555-111-6242|9037 Lakeview Dr, Franklin|CO
6755|John Jones|555-161-3103|2551 Lakeview Dr, Springfield|PE
6756|Michael Williams|555-191-3375|5473 Pine St, Greenville|CL
6757|Jennifer Miller|555-270-3203|4131 Pine St, Springfield|MX
6758|Patricia Smith|555-163-6624|3435 Pine St, Madison|CO
6759|John Smith|555-795-4346|151 Cedar Rd, Riverside|PE
6760|Patricia Jones|555-799-7380|3552 Main St, Bristol|CL
6761|Robert Brown|555-636-9256|2223 Main St, Franklin|MX
6762|Michael Johnson|555-804-5179|8617 Pine St, Riverside|CO
6763|John Miller|555-119-7947|3447 Maple St, Springfield|PE
6764|Robert Garcia|555-268-2698|4144 Cedar Rd, Greenville|CL
6765|Linda Jones|555-588-3622|9668 Oak Ave, Greenville|MX
6766|James Johnson|555-700-6280|519 Maple St, Bristol|CO
6767|Linda Williams|555-496-9884|1464 Oak Ave, Greenville|PE
6768|James Davis|555-891-1880|5067 Maple St, Springfield|CL
6769|James Garcia|555-956-4536|2764 Pine St, Bristol|MX
6770|Mary Williams|555-894-2983|1117 Lakeview Dr, Riverside|CO
6771|Michael Johnson|555-170-9791|5763 Maple St, Greenville|PE
6772|Michael Garcia|555-693-9382|6972 Lakeview Dr, Greenville|CL
6773|Mary Garcia|555-730-8581|9310 Lakeview Dr, Springfield|MX
6774|Linda Davis|555-957-9547|210 Cedar Rd, Madison|CO
6775|Patricia Jones|555-286-7351|8825 Maple St, Bristol|PE
6776|Robert Garcia|555-339-9221|3701 Main St, Greenville|CL
6777|Linda Miller|555-904-1010|7482 Lakeview Dr, Franklin|MX
6778|James Miller|555-616-1258|3435 Pine St, Bristol|CO
6779|Mary Johnson|555-780-1357|9259 Maple St, Greenville|PE
6780|Michael Smith|555-892-1582|8288 Maple St, Greenville|CL
6781|Linda Smith|555-206-9724|8815 Main St, Madison|MX
6782|Michael Smith|555-420-2927|3561 Oak Ave, Greenville|CO
6783|Michael Johnson|555-705-3643|1850 Maple St, Madison|PE
6784|James Jones|555-654-3402|9977 Lakeview Dr, Bristol|CL
6785|James Garcia|555-732-1469|643 Maple St, Riverside|MX
6786|James Miller|555-602-4411|2176 Maple St, Springfield|CO
6787|Michael Miller|555-993-7808|150 Cedar Rd, Springfield|PE
6788|Linda Garcia|555-957-9521|2001 Oak Ave, Franklin|CL
6789|Mary Smith|555-183-5697|2953 Cedar Rd, Madison|MX
6790|Mary Williams|555-673-7571|177 Pine St, Franklin|CO
6791|Michael Williams|555-781-3093|2407 Cedar Rd, Franklin|PE
6792|Robert Garcia|555-788-9504|6129 Oak Ave, Greenville|CL
6793|Patricia Davis|555-730-1158|4684 Pine St, Madison|MX
6794|Linda Garcia|555-324-5758|8580 Maple St, Riverside|CO
6795|Michael Garcia|555-822-2794|2722 Pine St, Madison|PE
6796|Robert Davis|555-481-7997|9230 Pine St, Madison|CL
6797|Linda Johnson|555-959-2040|3772 Oak Ave, Franklin|MX
6798|Michael Miller|555-409-3683|6104 Maple St, Riverside|CO
6799|Linda Miller|555-688-5634|7733 Lakeview Dr, Madison|PE
6800|James Smith|555-106-5726|2154 Main St, Bristol|CL
6801|Linda Brown|555-255-1971|1082 Cedar Rd, Franklin|MX
6802|John Jones|555-289-9208|4659 Cedar Rd, Franklin|CO
6803|Jennifer Davis|555-476-6700|8635 Main St, Bristol|PE
6804|Patricia Jones|555-797-6366|6076 Cedar Rd, Bristol|CL
6805|Michael Williams|555-915-7759|643 Cedar Rd, Franklin|MX
6806|Jennifer Garcia|555-749-6880|5100 Lakeview Dr, Greenville|CO
6807|Linda Miller|555-348-4615|6060 Pine St, Madison|PE
6808|John Smith|555-954-4453|1215 Cedar Rd, Greenville|CL
6809|Michael Williams|555-493-9488|4034 Oak Ave, Madison|MX
6810|Jennifer Johnson|555-558-9489|9325 Pine St, Bristol|CO
6811|Robert Miller|555-354-6280|3761 Maple St, Riverside|PE
6812|Jennifer Davis|555-603-5734|5747 Oak Ave, Greenville|CL
6813|John Davis|555-217-7278|1512 Maple St, Bristol|MX
6814|Mary Johnson|555-539-3193|7880 Oak Ave, Madison|CO
6815|Mary Johnson|555-569-5684|7321 Main St, Franklin|PE
6816|Patricia Johnson|555-585-7563|249 Oak Ave, Bristol|CL
6817|Jennifer Garcia|555-394-7898|4604 Lakeview Dr, Bristol|MX
6818|Jennifer Miller|555-268-9929|1108 Maple St, Franklin|CO
6819|Michael Miller|555-970-1485|9139 Lakeview Dr, Bristol|PE
6820|Patricia Jones|555-493-4220|1827 Cedar Rd, Bristol|CL
6821|Jennifer Davis|555-817-5728|6470 Maple St, Greenville|MX
6822|John Williams|555-675-5873|5157 Maple St, Greenville|CO
6823|Robert Garcia|555-611-4471|7220 Cedar Rd, Bristol|PE
6824|Robert Jones|555-102-1342|2717 Lakeview Dr, Greenville|CL
6825|Mary Garcia|555-373-8100|1619 Main St, Greenville|MX
6826|John Miller|555-706-8773|9894 Lakeview Dr, Springfield|CO
6827|Patricia Williams|555-319-3166|364 Main St, Greenville|PE
6828|Linda Johnson|555-533-7924|5983 Oak Ave, Bristol|CL
6829|James Jones|555-420-7883|8752 Pine St, Greenville|MX
6830|Jennifer Brown|555-664-1305|2038 Pine St, Riverside|CO
6831|Robert Miller|555-808-4453|7529 Main St, Madison|PE
6832|Mary Davis|555-509-9172|6738 Main St, Greenville|CL
6833|Michael Smith|555-189-6545|715 Main St, Madison|MX
6834|Patricia Jones|555-574-1183|4896 Maple St, Franklin|CO
6835|James Miller|555-394-8800|494 Oak Ave, Greenville|PE
6836|Jennifer Jones|555-479-6963|9737 Oak Ave, Greenville|CL
6837|Michael Davis|555-297-6869|5073 Cedar Rd, Madison|MX
6838|John Smith|555-982-9124|6224 Cedar Rd, Greenville|CO
6839|John Miller|555-161-1949|3745 Main St, Springfield|PE
6840|Patricia Smith|555-627-9949|5399 Pine St, Franklin|CL
6841|Michael Miller|555-745-4045|2359 Lakeview Dr, Madison|MX
6842|Linda Williams|555-429-8423|3438 Lakeview Dr, Greenville|CO
6843|John Brown|555-768-6065|8660 Main St, Springfield|PE
6844|Mary Davis|555-339-4348|1378 Pine St, Bristol|CL
6845|Michael Garcia|555-102-5350|7179 Maple St, Madison|MX
6846|Michael Garcia|555-148-7134|1270 Oak Ave, Greenville|CO
6847|James Garcia|555-255-1280|5198 Maple St, Riverside|PE
6848|Jennifer Jones|555-615-5869|2136 Oak Ave, Franklin|CL
6849|John Garcia|555-859-1886|3699 Maple St, Greenville|MX
6850|Michael Garcia|555-769-5171|774 Main St, Springfield|CO
6851|Jennifer Garcia|555-509-2533|3826 Lakeview Dr, Greenville|PE
6852|Michael Johnson|555-745-3371|184 Lakeview Dr, Franklin|CL
6853|Patricia Brown|555-195-3399|9511 Cedar Rd, Bristol|MX
6854|Robert Garcia|555-268-1357|7580 Cedar Rd, Riverside|CO
6855|John Davis|555-767-7929|6345 Cedar Rd, Bristol|PE
6856|Michael Johnson|555-207-9375|1739 Main St, Bristol|CL
6857|Linda Smith|555-544-2481|6692 Main St, Madison|MX
6858|Robert Smith|555-313-4760|833 Lakeview Dr, Greenville|CO
6859|Mary Garcia|555-654-6279|5284 Lakeview Dr, Greenville|PE
6860|Michael Johnson|555-619-7311|4703 Main St, Bristol|CL
6861|John Miller|555-829-1632|3358 Lakeview Dr, Madison|MX
6862|Patricia Garcia|555-889-1932|8628 Cedar Rd, Bristol|CO
6863|James Smith|555-688-5914|4280 Maple St, Bristol|PE
6864|Patricia Smith|555-390-5400|1721 Cedar Rd, Bristol|CL
6865|Jennifer Johnson|555-278-8220|8115 Oak Ave, Bristol|MX
6866|James Johnson|555-469-9290|9982 Maple St, Riverside|CO
6867|John Miller|555-888-2020|8495 Maple St, Springfield|PE
6868|Robert Jones|555-604-5135|4730 Oak Ave, Springfield|CL
6869|Mary Williams|555-358-9442|5468 Maple St, Bristol|MX
6870|John Williams|555-656-9637|1939 Maple St, Bristol|CO
6871|Linda Brown|555-470-9347|6231 Main St, Greenville|PE
6872|Robert Brown|555-810-6896|1847 Lakeview Dr, Springfield|CL
6873|Patricia Williams|555-390-7594|1120 Main St, Bristol|MX
6874|Linda Garcia|555-332-5992|8563 Cedar Rd, Riverside|CO
6875|Robert Miller|555-408-2802|1186 Lakeview Dr, Madison|PE
6876|Patricia Smith|555-444-2293|6242 Main St, Madison|CL
6877|James Williams|555-922-4206|5757 Lakeview Dr, Franklin|MX
6878|James Brown|555-949-9274|8094 Pine St, Madison|CO
6879|Robert Smith|555-975-3930|7127 Oak Ave, Franklin|PE
6880|Patricia Brown|555-284-2305|8721 Maple St, Riverside|CL
6881|Patricia Jones|555-659-3222|8483 Oak Ave, Springfield|MX
6882|James Williams|555-911-9361|6581 Main St, Riverside|CO
6883|Mary Jones|555-730-8544|760 Cedar Rd, Springfield|PE
6884|Jennifer Davis|555-347-3395|8426 Oak Ave, Franklin|CL
6885|James Davis|555-588-3715|100 Pine St, Franklin|MX
6886|Patricia Smith|555-525-4259|765 Pine St, Springfield|CO
6887|Mary Brown|555-601-6409|8870 Pine St, Springfield|PE
6888|Robert Brown|555-621-8296|4611 Maple St, Riverside|CL
6889|Robert Smith|555-993-5058|338 Pine St, Greenville|MX
6890|James Williams|555-155-3928|3392 Lakeview Dr, Franklin|CO
6891|John Davis|555-353-3284|5853 Oak Ave, Bristol|PE
6892|Robert Garcia|555-489-7734|5379 Oak Ave, Franklin|CL
6893|John Davis|555-502-7521|9888 Main St, Bristol|MX
6894|James Brown|555-551-2787|192 Oak Ave, Bristol|CO
6895|Patricia Davis|555-512-7426|2002 Main St, Bristol|PE
6896|Mary Johnson|555-247-2800|8701 Lakeview Dr, Springfield|CL
6897|Michael Davis|555-946-3501|2350 Main St, Madison|MX
6898|Jennifer Williams|555-652-7424|6458 Cedar Rd, Springfield|CO
6899|Jennifer Davis|555-525-7142|1121 Pine St, Franklin|PE
6900|James Jones|555-131-6467|9469 Pine St, Riverside|CL
6901|Linda Jones|555-253-9219|9822 Main St, Madison|MX
6902|Robert Williams|555-529-2461|2690 Cedar Rd, Madison|CO
6903|Patricia Jones|555-861-2986|1798 Lakeview Dr, Springfield|PE
6904|Linda Jones|555-637-6562|631 Pine St, Riverside|CL
6905|Patricia Brown|555-297-9643|7007 Pine St, Madison|MX
6906|Michael Jones|555-503-1783|8094 Oak Ave, Bristol|CO
6907|Mary Johnson|555-971-2880|5172 Pine St, Springfield|PE
6908|Robert Johnson|555-782-3867|2674 Maple St, Franklin|CL
6909|James Garcia|555-648-6558|2550 Cedar Rd, Springfield|MX
6910|Robert Davis|555-454-6973|9910 Pine St, Bristol|CO
6911|Robert Miller|555-718-6734|6858 Cedar Rd, Riverside|PE
6912|James Smith|555-364-2760|4739 Oak Ave, Bristol|CL
6913|John Smith|555-341-6877|1521 Cedar Rd, Springfield|MX
6914|John Brown|555-899-5962|4614 Main St, Greenville|CO
6915|Jennifer Williams|555-649-1010|6336 Cedar Rd, Franklin|PE
6916|Linda Garcia|555-294-3509|5773 Pine St, Madison|CL
6917|James Brown|555-715-6115|9736 Maple St, Riverside|MX
6918|James Jones|555-824-3316|8801 Oak Ave, Greenville|CO
6919|John Davis|555-971-8484|8399 Lakeview Dr, Franklin|PE
6920|John Miller|555-876-5434|2073 Lakeview Dr, Franklin|CL
6921|Patricia Williams|555-658-3533|6269 Oak Ave, Greenville|MX
6922|Michael Smith|555-591-8062|2342 Oak Ave, Greenville|CO
6923|John Garcia|555-787-7146|9926 Maple St, Bristol|PE
6924|Mary Brown|555-386-8287|9477 Maple St, Madison|CL
6925|Mary Smith|555-341-4074|2159 Cedar Rd, Greenville|MX
6926|Robert Smith|555-262-4157|6210 Oak Ave, Greenville|CO
6927|James Brown|555-889-2520|2566 Maple St, Franklin|PE
6928|James Brown|555-411-1746|8821 Pine St, Greenville|CL
6929|John Smith|555-663-4747|4973 Lakeview Dr, Riverside|MX
6930|Linda Williams|555-553-8940|6905 Main St, Bristol|CO
6931|Patricia Johnson|555-913-9022|4043 Oak Ave, Madison|PE
6932|Jennifer Garcia|555-439-6491|9700 Cedar Rd, Greenville|CL
6933|John Brown|555-552-3653|9076 Oak Ave, Bristol|MX
6934|Robert Brown|555-120-1034|1089 Maple St, Bristol|CO
6935|Michael Williams|555-331-1584|6427 Pine St, Greenville|PE
6936|Jennifer Brown|555-876-3510|2528 Lakeview Dr, Bristol|CL
6937|Patricia Miller|555-578-7383|4973 Oak Ave, Bristol|MX
6938|Jennifer Miller|555-890-3751|5809 Oak Ave, Franklin|CO
6939|Michael Smith|555-938-1673|6021 Main St, Madison|PE
6940|John Garcia|555-901-4975|9807 Maple St, Franklin|CL
6941|John Smith|555-368-8378|7634 Cedar Rd, Madison|MX
6942|Patricia Johnson|555-559-4612|6352 Lakeview Dr, Bristol|CO
6943|Jennifer Brown|555-418-6067|4571 Lakeview Dr, Riverside|PE
6944|Patricia Williams|555-438-8232|791 Main St, Springfield|CL
6945|James Johnson|555-293-2201|4300 Cedar Rd, Springfield|MX
6946|James Garcia|555-936-6239|5172 Pine St, Greenville|CO
6947|Linda Garcia|555-204-2709|4470 Main St, Madison|PE
6948|Michael Johnson|555-395-9003|6919 Maple St, Greenville|CL
6949|Jennifer Johnson|555-364-2575|9401 Pine St, Riverside|MX
6950|Michael Miller|555-883-9652|2329 Main St, Riverside|CO
6951|Jennifer Miller|555-627-8357|3460 Oak Ave, Greenville|PE
6952|Jennifer Miller|555-398-4343|9656 Lakeview Dr, Greenville|CL
6953|Linda Miller|555-885-7868|1919 Main St, Bristol|MX
6954|Mary Garcia|555-788-1649|6138 Pine St, Springfield|CO
6955|Linda Brown|555-568-5371|7770 Main St, Riverside|PE
6956|John Johnson|555-997-4087|3276 Main St, Riverside|CL
6957|Mary Jones|555-997-1411|2361 Main St, Madison|MX
6958|John Williams|555-796-1893|6753 Oak Ave, Franklin|CO
6959|James Davis|555-658-3308|8414 Main St, Franklin|PE
6960|Linda Davis|555-616-1073|4585 Lakeview Dr, Springfield|CL
6961|James Williams|555-562-7580|6607 Cedar Rd, Franklin|MX
6962|Linda Johnson|555-564-9955|8253 Maple St, Riverside|CO
6963|Michael Smith|555-787-4683|7095 Cedar Rd, Greenville|PE
6964|Mary Jones|555-522-8238|3676 Lakeview Dr, Greenville|CL
6965|Robert Davis|555-630-8707|8200 Main St, Springfield|MX
6966|James Smith|555-547-9861|5255 Lakeview Dr, Greenville|CO
6967|Linda Johnson|555-679-7072|3175 Oak Ave, Riverside|PE
6968|Patricia Williams|555-266-2841|8449 Cedar Rd, Franklin|CL
6969|Linda Davis|555-300-7953|822 Maple St, Springfield|MX
6970|Michael Davis|555-617-2616|5383 Oak Ave, Riverside|CO
6971|Patricia Davis|555-432-6314|6951 Oak Ave, Bristol|PE
6972|Robert Johnson|555-416-6350|9556 Cedar Rd, Franklin|CL
6973|Mary Davis|555-697-1588|8001 Maple St, Franklin|MX
6974|Linda Davis|555-137-3861|2948 Lakeview Dr, Riverside|CO
6975|Patricia Jones|555-197-6803|9159 Lakeview Dr, Bristol|PE
6976|Robert Brown|555-699-5802|6897 Lakeview Dr, Madison|CL
6977|Mary Jones|555-342-4603|1613 Cedar Rd, Franklin|MX
6978|Mary Miller|555-196-3499|9528 Main St, Madison|CO
6979|Robert Garcia|555-910-2912|5639 Lakeview Dr, Greenville|PE
6980|Robert Johnson|555-441-6034|7961 Oak Ave, Greenville|CL
6981|Mary Miller|555-769-6003|4122 Maple St, Greenville|MX
6982|Robert Brown|555-968-5428|9514 Pine St, Bristol|CO
6983|Patricia Brown|555-934-8552|5585 Oak Ave, Springfield|PE
6984|Robert Williams|555-561-1861|7861 Pine St, Franklin|CL
6985|Jennifer Williams|555-258-8279|8376 Oak Ave, Madison|MX
6986|Patricia Jones|555-269-2327|8696 Main St, Madison|CO
6987|Linda Miller|555-856-5051|3237 Main St, Riverside|PE
6988|Linda Garcia|555-152-8957|1831 Oak Ave, Bristol|CL
6989|John Miller|555-912-4570|5253 Oak Ave, Madison|MX
6990|Mary Miller|555-752-3897|4920 Lakeview Dr, Greenville|CO
6991|Jennifer Garcia|555-345-3291|6300 Lakeview Dr, Riverside|PE
6992|Robert Davis|555-221-8979|9925 Oak Ave, Greenville|CL
6993|Robert Johnson|555-209-5441|6305 Pine St, Franklin|MX
6994|Linda Brown|555-546-3000|7034 Cedar Rd, Greenville|CO
6995|Mary Brown|555-127-9571|4437 Maple St, Riverside|PE
6996|John Davis|555-106-3368|4509 Lakeview Dr, Madison|CL
6997|John Brown|555-311-9772|6815 Pine St, Greenville|MX
6998|Robert Jones|555-126-4404|1701 Cedar Rd, Riverside|CO
6999|Mary Williams|555-463-2932|4630 Main St, Riverside|PE
7000|Mary Miller|555-976-5625|4517 Pine St, Greenville|CL
7001|James Smith|555-661-2054|5334 Pine St, Springfield|MX
7002|John Jones|555-405-5368|4120 Cedar Rd, Bristol|CO
7003|Robert Jones|555-666-5784|201 Maple St, Franklin|PE
7004|Robert Garcia|555-127-4459|6604 Oak Ave, Riverside|CL
7005|James Jones|555-527-1154|489 Maple St, Madison|MX
7006|James Jones|555-953-7525|5437 Lakeview Dr, Bristol|CO
7007|Michael Garcia|555-371-7438|4612 Pine St, Bristol|PE
7008|Mary Williams|555-126-3186|9834 Lakeview Dr, Riverside|CL
7009|Robert Smith|555-384-9375|2757 Maple St, Springfield|MX
7010|Jennifer Davis|555-318-5805|5928 Pine St, Franklin|CO
7011|James Davis|555-172-8297|8923 Oak Ave, Riverside|PE
7012|Michael Jones|555-209-2589|3887 Oak Ave, Springfield|CL
7013|Mary Smith|555-878-4114|7837 Pine St, Franklin|MX
7014|Robert Smith|555-756-2779|4685 Oak Ave, Bristol|CO
7015|Patricia Garcia|555-397-6969|6956 Maple St, Franklin|PE
7016|Michael Davis|555-548-1967|2350 Pine St, Franklin|CL
7017|Patricia Johnson|555-658-4098|8098 Oak Ave, Franklin|MX
7018|James Miller|555-884-1393|2734 Cedar Rd, Bristol|CO
7019|Mary Miller|555-438-4832|4773 Lakeview Dr, Madison|PE
7020|Michael Miller|555-852-8287|8564 Cedar Rd, Bristol|CL
7021|Robert Brown|555-384-4237|8506 Lakeview Dr, Riverside|MX
7022|Mary Jones|555-432-8301|9234 Lakeview Dr, Springfield|CO
7023|James Jones|555-215-9550|3189 Oak Ave, Springfield|PE
7024|Michael Brown|555-473-3290|4790 Maple St, Springfield|CL
7025|Jennifer Williams|555-416-8063|6534 Oak Ave, Franklin|MX
7026|John Miller|555-505-9625|7079 Cedar Rd, Franklin|CO
7027|Linda Williams|555-538-1376|7270 Main St, Bristol|PE
7028|Michael Williams|555-156-1885|8609 Cedar Rd, Madison|CL
7029|James Davis|555-734-8340|5087 Lakeview Dr, Riverside|MX
7030|Robert Garcia|555-440-8919|2176 Maple St, Madison|CO
7031|Robert Jones|555-867-4083|4137 Cedar Rd, Franklin|PE
7032|Jennifer Garcia|555-119-3730|5736 Lakeview Dr, Greenville|CL
7033|Patricia Garcia|555-330-9409|1551 Oak Ave, Springfield|MX
7034|John Brown|555-658-4548|5705 Pine St, Riverside|CO
7035|Robert Miller|555-224-1081|3474 Oak Ave, Franklin|PE
7036|Patricia Miller|555-909-7843|859 Oak Ave, Bristol|CL
7037|Jennifer Smith|555-474-5027|8899 Oak Ave, Madison|MX
7038|Jennifer Jones|555-564-9048|1484 Oak Ave, Riverside|CO
7039|Robert Smith|555-371-2825|8047 Oak Ave, Madison|PE
7040|Jennifer Johnson|555-747-2577|5124 Main St, Greenville|CL
7041|John Garcia|555-646-5291|5529 Oak Ave, Riverside|MX
7042|James Jones|555-336-1180|5022 Maple St, Bristol|CO
7043|Patricia Miller|555-791-6488|6006 Cedar Rd, Franklin|PE
7044|Patricia Garcia|555-600-6725|2264 Lakeview Dr, Springfield|CL
7045|James Johnson|555-625-6621|6369 Main St, Franklin|MX
7046|Jennifer Brown|555-820-8938|2986 Cedar Rd, Riverside|CO
7047|John Smith|555-272-8154|2525 Pine St, Springfield|PE
7048|Jennifer Smith|555-640-3036|6090 Main St, Greenville|CL
7049|Michael Williams|555-241-2230|6534 Lakeview Dr, Greenville|MX
7050|Jennifer Brown|555-103-8532|2465 Main St, Madison|CO
7051|Jennifer Williams|555-415-7543|4659 Oak Ave, Bristol|PE
7052|Patricia Williams|555-826-2313|2696 Main St, Bristol|CL
7053|Jennifer Brown|555-810-3445|4509 Maple St, Franklin|MX
7054|James Garcia|555-126-9128|603 Main St, Springfield|CO
7055|Jennifer Davis|555-746-4161|8881 Main St, Springfield|PE
7056|Michael Johnson|555-424-3239|115 Main St, Franklin|CL
7057|James Jones|555-414-1905|2184 Pine St, Franklin|MX
7058|Linda Jones|555-820-4688|3014 Cedar Rd, Franklin|CO
7059|John Williams|555-245-1429|3701 Oak Ave, Madison|PE
7060|Jennifer Davis|555-205-1284|6892 Main St, Greenville|CL
7061|Michael Johnson|555-357-4818|3289 Lakeview Dr, Springfield|MX
7062|Robert Johnson|555-303-8224|7694 Lakeview Dr, Franklin|CO
7063|Robert Miller|555-727-3664|8902 Oak Ave, Madison|PE
7064|Jennifer Miller|555-731-1295|7605 Pine St, Madison|CL
7065|Jennifer Miller|555-621-3403|9413 Pine St, Bristol|MX
7066|Linda Williams|555-886-6594|1000 Cedar Rd, Springfield|CO
7067|Mary Johnson|555-289-7731|4551 Cedar Rd, Bristol|PE
7068|Mary Williams|555-863-8085|5388 Lakeview Dr, Franklin|CL
7069|Michael Jones|555-251-5595|3923 Cedar Rd, Riverside|MX
7070|John Smith|555-888-6795|4531 Maple St, Franklin|CO
7071|Michael Jones|555-663-3510|3619 Pine St, Franklin|PE
7072|Patricia Davis|555-773-9248|9295 Oak Ave, Greenville|CL
7073|John Smith|555-854-3539|6238 Pine St, Madison|MX
7074|James Davis|555-925-8766|1537 Cedar Rd, Madison|CO
7075|John Davis|555-902-6284|9353 Oak Ave, Springfield|PE
7076|Robert Brown|555-520-3343|1243 Pine St, Madison|CL
7077|Linda Jones|555-622-9471|7193 Oak Ave, Bristol|MX
7078|John Davis|555-610-3513|7809 Maple St, Greenville|CO
7079|John Miller|555-773-8429|7115 Pine St, Springfield|PE
7080|Linda Jones|555-513-1546|5286 Maple St, Madison|CL
7081|Mary Brown|555-522-8099|2333 Oak Ave, Riverside|MX
7082|Patricia Johnson|555-395-7071|7373 Lakeview Dr, Franklin|CO
7083|Michael Johnson|555-706-2101|3530 Lakeview Dr, Franklin|PE
7084|Robert Jones|555-776-9315|4902 Main St, Riverside|CL
7085|Jennifer Garcia|555-615-6035|1522 Pine St, Madison|MX
7086|Michael Miller|555-249-8860|4859 Cedar Rd, Madison|CO
7087|James Jones|555-129-5727|1352 Oak Ave, Bristol|PE
7088|Mary Smith|555-694-4895|2057 Lakeview Dr, Springfield|CL
7089|Patricia Miller|555-348-3811|3314 Pine St, Springfield|MX
7090|Patricia Williams|555-498-7276|472 Maple St, Madison|CO
7091|James Johnson|555-732-1508|9425 Pine St, Madison|PE
7092|Linda Miller|555-796-9792|7582 Lakeview Dr, Bristol|CL
7093|Mary Davis|555-390-9267|8038 Pine St, Franklin|MX
7094|Jennifer Jones|555-339-5609|9720 Oak Ave, Bristol|CO
7095|James Jones|555-500-3294|802 Lakeview Dr, Riverside|PE
7096|John Williams|555-321-8363|7864 Pine St, Franklin|CL
7097|Michael Davis|555-523-1863|8951 Lakeview Dr, Greenville|MX
7098|John Brown|555-945-6326|1822 Lakeview Dr, Madison|CO
7099|Linda Jones|555-874-3115|8549 Oak Ave, Madison|PE
7100|Jennifer Williams|555-869-2937|7464 Pine St, Riverside|CL
7101|Jennifer Johnson|555-972-3388|8053 Pine St, Bristol|MX
7102|John Johnson|555-519-2165|3357 Main St, Madison|CO
7103|Patricia Davis|555-827-1926|7874 Maple St, Greenville|PE
7104|Robert Garcia|555-912-9198|2389 Cedar Rd, Springfield|CL
7105|Robert Garcia|555-181-6265|2287 Oak Ave, Madison|MX
7106|Mary Miller|555-509-7063|3387 Oak Ave, Greenville|CO
7107|James Jones|555-134-2983|6484 Oak Ave, Springfield|PE
7108|Michael Davis|555-771-9994|9820 Lakeview Dr, Bristol|CL
7109|Robert Miller|555-450-8021|6283 Main St, Greenville|MX
7110|Michael Jones|555-259-8750|7080 Oak Ave, Springfield|CO
7111|Linda Garcia|555-157-7860|3706 Maple St, Franklin|PE
7112|James Smith|555-907-9795|1802 Pine St, Springfield|CL
7113|Jennifer Smith|555-206-1717|247 Cedar Rd, Bristol|MX
7114|John Davis|555-401-5303|106 Lakeview Dr, Springfield|CO
7115|Jennifer Garcia|555-423-4349|1785 Maple St, Franklin|PE
7116|Robert Johnson|555-227-1617|9600 Cedar Rd, Springfield|CL
7117|Robert Smith|555-103-3913|5810 Lakeview Dr, Bristol|MX
7118|John Johnson|555-249-5516|555 Oak Ave, Bristol|CO
7119|Jennifer Williams|555-827-4661|7104 Main St, Bristol|PE
7120|Michael Garcia|555-449-6494|7164 Lakeview Dr, Riverside|CL
7121|John Miller|555-361-9362|6119 Cedar Rd, Greenville|MX
7122|Michael Jones|555-621-2163|1374 Cedar Rd, Bristol|CO
7123|Patricia Smith|555-801-7232|3921 Oak Ave, Riverside|PE
7124|Jennifer Garcia|555-216-3272|6287 Main St, Bristol|CL
7125|Linda Smith|555-133-9111|1130 Maple St, Greenville|MX
7126|James Jones|555-606-6567|4613 Main St, Franklin|CO
7127|James Smith|555-507-4608|1422 Cedar Rd, Springfield|PE
7128|Michael Davis|555-291-4111|602 Cedar Rd, Springfield|CL
7129|Michael Garcia|555-928-7066|7643 Maple St, Franklin|MX
7130|Mary Brown|555-657-7739|3428 Pine St, Madison|CO
7131|Linda Smith|555-104-7243|1791 Cedar Rd, Bristol|PE
7132|Jennifer Johnson|555-316-5420|6672 Main St, Springfield|CL
7133|Michael Smith|555-379-5661|2651 Pine St, Springfield|MX
7134|Robert Miller|555-935-2330|6605 Maple St, Bristol|CO
7135|James Davis|555-786-2286|4535 Cedar Rd, Madison|PE
7136|Patricia Miller|555-344-3620|5749 Maple St, Franklin|CL
7137|Mary Davis|555-414-6694|1377 Cedar Rd, Franklin|MX
7138|Patricia Brown|555-156-5991|9251 Oak Ave, Springfield|CO
7139|John Garcia|555-548-1579|4984 Main St, Springfield|PE
7140|John Jones|555-230-3706|6217 Main St, Franklin|CL
7141|Jennifer Williams|555-172-2599|8998 Main St, Franklin|MX
7142|Michael Smith|555-143-4615|3256 Cedar Rd, Greenville|CO
7143|John Brown|555-947-8160|3424 Oak Ave, Franklin|PE
7144|Robert Davis|555-789-7755|2041 Maple St, Bristol|CL
7145|James Smith|555-619-1949|7933 Lakeview Dr, Riverside|MX
7146|Patricia Williams|555-417-1084|8372 Cedar Rd, Riverside|CO
7147|John Brown|555-312-1552|6317 Oak Ave, Madison|PE
7148|James Garcia|555-371-2022|7595 Maple St, Riverside|CL
7149|Robert Williams|555-961-6575|1275 Lakeview Dr, Madison|MX
7150|Jennifer Davis|555-560-2185|8217 Lakeview Dr, Bristol|CO
7151|Michael Brown|555-207-2007|8526 Lakeview Dr, Riverside|PE
7152|James Smith|555-506-3804|5783 Cedar Rd, Madison|CL
7153|Mary Garcia|555-789-2043|313 Lakeview Dr, Franklin|MX
7154|Patricia Miller|555-410-4013|3954 Main St, Madison|CO
7155|James Jones|555-371-6367|204 Lakeview Dr, Riverside|PE
7156|Robert Davis|555-454-8284|335 Cedar Rd, Riverside|CL
7157|Patricia Brown|555-152-9190|7077 Cedar Rd, Springfield|MX
7158|Linda Smith|555-933-6841|2803 Oak Ave, Riverside|CO
7159|Mary Brown|555-970-4487|2158 Maple St, Franklin|PE
7160|Michael Brown|555-970-2983|618 Lakeview Dr, Greenville|CL
7161|Robert Jones|555-469-8529|3118 Maple St, Greenville|MX
7162|Patricia Johnson|555-412-8070|3524 Oak Ave, Greenville|CO
7163|John Williams|555-810-1486|7587 Cedar Rd, Bristol|PE
7164|Jennifer Garcia|555-746-6921|8032 Main St, Greenville|CL
7165|Mary Smith|555-620-9278|6332 Lakeview Dr, Madison|MX
7166|Patricia Brown|555-638-7294|9014 Maple St, Greenville|CO
7167|Patricia Garcia|555-389-2169|2469 Lakeview Dr, Bristol|PE
7168|Michael Brown|555-229-1484|2911 Oak Ave, Bristol|CL
7169|James Davis|555-991-3067|9191 Pine St, Springfield|MX
7170|Jennifer Williams|555-308-4273|1407 Lakeview Dr, Springfield|CO
7171|Linda Williams|555-353-3018|3674 Cedar Rd, Franklin|PE
7172|Michael Johnson|555-964-1678|9910 Pine St, Franklin|CL
7173|Patricia Garcia|555-929-6889|4330 Lakeview Dr, Madison|MX
7174|Michael Brown|555-737-9836|8124 Oak Ave, Greenville|CO
7175|Patricia Garcia|555-331-4975|9893 Maple St, Greenville|PE
7176|Patricia Miller|555-960-8609|3145 Cedar Rd, Madison|CL
7177|Linda Williams|555-911-8449|3657 Main St, Springfield|MX
7178|James Davis|555-659-4011|8723 Main St, Bristol|CO
7179|Patricia Garcia|555-600-7155|3134 Oak Ave, Greenville|PE
7180|Michael Johnson|555-386-3191|2452 Pine St, Greenville|CL
7181|John Smith|555-683-1662|8925 Pine St, Madison|MX
7182|Michael Davis|555-858-3823|3270 Lakeview Dr, Riverside|CO
7183|Mary Jones|555-584-8571|2141 Maple St, Madison|PE
7184|Jennifer Davis|555-332-2157|347 Maple St, Springfield|CL
7185|John Davis|555-611-1149|4654 Lakeview Dr, Springfield|MX
7186|Patricia Jones|555-946-9264|2091 Pine St, Franklin|CO
7187|Robert Smith|555-279-3659|1839 Main St, Franklin|PE
7188|Patricia Johnson|555-750-3514|6706 Maple St, Greenville|CL
7189|John Williams|555-359-2191|7216 Pine St, Franklin|MX
7190|Michael Jones|555-455-1167|8071 Cedar Rd, Riverside|CO
7191|Michael Garcia|555-970-8626|9488 Cedar Rd, Madison|PE
7192|Linda Smith|555-943-9120|7250 Cedar Rd, Greenville|CL
7193|Mary Jones|555-181-9647|4636 Lakeview Dr, Springfield|MX
7194|Robert Miller|555-676-5317|1746 Oak Ave, Greenville|CO
7195|Michael Garcia|555-788-9616|7826 Oak Ave, Bristol|PE
7196|John Johnson|555-678-7088|6900 Lakeview Dr, Bristol|CL
7197|Michael Smith|555-815-5687|4944 Oak Ave, Greenville|MX
7198|Mary Garcia|555-142-3397|1518 Pine St, Madison|CO
7199|John Miller|555-572-8961|8691 Pine St, Franklin|PE
7200|Mary Miller|555-262-6724|7958 Cedar Rd, Franklin|CL
7201|James Jones|555-913-8873|5121 Pine St, Greenville|MX
7202|James Davis|555-472-8578|4144 Main St, Springfield|CO
7203|Robert Johnson|555-131-9115|5177 Pine St, Bristol|PE
7204|James Brown|555-656-6093|1198 Main St, Springfield|CL
7205|Mary Garcia|555-515-1719|6787 Lakeview Dr, Riverside|MX
7206|Patricia Garcia|555-352-5382|9683 Oak Ave, Franklin|CO
7207|Patricia Smith|555-306-8098|5192 Maple St, Bristol|PE
7208|Michael Brown|555-764-4500|5673 Maple St, Greenville|CL
7209|Robert Miller|555-124-4977|4643 Cedar Rd, Greenville|MX
7210|John Davis|555-949-3343|8182 Pine St, Springfield|CO
7211|John Smith|555-480-7966|637 Lakeview Dr, Springfield|PE
7212|Mary Brown|555-199-9177|6300 Pine St, Springfield|CL
7213|John Miller|555-867-6225|5843 Pine St, Bristol|MX
7214|Linda Williams|555-269-6107|1932 Maple St, Riverside|CO
7215|Robert Miller|555-313-1809|6414 Oak Ave, Springfield|PE
7216|Jennifer Miller|555-921-9520|9184 Cedar Rd, Madison|CL
7217|Robert Jones|555-132-2981|5928 Lakeview Dr, Springfield|MX
7218|Mary Miller|555-677-9714|6533 Maple St, Riverside|CO
7219|Patricia Williams|555-916-5973|4307 Maple St, Madison|PE
7220|John Smith|555-331-9073|9375 Cedar Rd, Franklin|CL
7221|Michael Davis|555-997-2632|5871 Pine St, Springfield|MX
7222|Mary Miller|555-720-5431|5125 Oak Ave, Springfield|CO
7223|Patricia Smith|555-967-8960|4176 Cedar Rd, Greenville|PE
7224|James Smith|555-812-6668|3034 Cedar Rd, Riverside|CL
7225|Jennifer Brown|555-125-1074|9008 Oak Ave, Madison|MX
7226|James Brown|555-876-2579|971 Cedar Rd, Springfield|CO
7227|Jennifer Johnson|555-311-8846|8687 Oak Ave, Madison|PE
7228|John Davis|555-412-1335|3775 Maple St, Greenville|CL
7229|James Brown|555-277-3394|1747 Lakeview Dr, Riverside|MX
7230|John Miller|555-375-5873|7240 Maple St, Greenville|CO
7231|Mary Davis|555-734-1425|2357 Main St, Greenville|PE
7232|Linda Johnson|555-858-3075|5514 Lakeview Dr, Franklin|CL
7233|John Johnson|555-214-3863|4433 Cedar Rd, Springfield|MX
7234|James Garcia|555-698-1569|5950 Lakeview Dr, Madison|CO
7235|Patricia Brown|555-530-6080|3364 Maple St, Madison|PE
7236|Linda Williams|555-374-6615|6587 Pine St, Bristol|CL
7237|Patricia Jones|555-527-7521|2099 Main St, Springfield|MX
7238|Jennifer Jones|555-686-3560|8780 Oak Ave, Madison|CO
7239|Robert Johnson|555-624-6652|9352 Pine St, Franklin|PE
7240|Jennifer Davis|555-995-1563|5649 Lakeview Dr, Bristol|CL
7241|Patricia Smith|555-936-6984|5078 Pine St, Madison|MX
7242|Patricia Davis|555-586-9968|9941 Main St, Greenville|CO
7243|Robert Jones|555-939-4883|1288 Pine St, Madison|PE
7244|Mary Garcia|555-564-4865|8373 Lakeview Dr, Franklin|CL
7245|John Smith|555-170-5201|6585 Pine St, Franklin|MX
7246|John Smith|555-700-5025|4530 Pine St, Franklin|CO
7247|John Garcia|555-537-7424|4333 Pine St, Riverside|PE
7248|Linda Garcia|555-829-4576|4627 Lakeview Dr, Bristol|CL
7249|John Jones|555-242-1594|9660 Main St, Springfield|MX
7250|Jennifer Davis|555-975-1613|5536 Maple St, Riverside|CO
7251|Jennifer Miller|555-876-3611|1086 Pine St, Springfield|PE
7252|Robert Williams|555-934-4421|9426 Lakeview Dr, Springfield|CL
7253|James Johnson|555-976-5286|548 Main St, Greenville|MX
7254|Robert Williams|555-167-1466|5876 Oak Ave, Riverside|CO
7255|Jennifer Brown|555-503-1240|6598 Main St, Riverside|PE
7256|John Brown|555-107-4467|3863 Maple St, Bristol|CL
7257|Mary Miller|555-420-3585|3679 Lakeview Dr, Riverside|MX
7258|Robert Miller|555-513-4411|6099 Maple St, Madison|CO
7259|John Jones|555-507-7548|6196 Maple St, Bristol|PE
7260|Michael Brown|555-720-7243|7149 Pine St, Madison|CL
7261|Linda Smith|555-342-9778|8421 Main St, Bristol|MX
7262|Mary Williams|555-558-5495|9261 Cedar Rd, Greenville|CO
7263|James Davis|555-938-7747|2380 Pine St, Springfield|PE
7264|Robert Jones|555-674-2615|7785 Lakeview Dr, Madison|CL
7265|James Miller|555-232-4110|7586 Pine St, Madison|MX
7266|James Johnson|555-704-3791|2937 Oak Ave, Greenville|CO
7267|Robert Williams|555-693-7572|6900 Lakeview Dr, Springfield|PE
7268|Michael Miller|555-817-7473|3193 Cedar Rd, Franklin|CL
7269|Jennifer Jones|555-991-8337|6447 Lakeview Dr, Bristol|MX
7270|Mary Garcia|555-379-7529|7559 Oak Ave, Franklin|CO
7271|Linda Jones|555-986-1152|5567 Main St, Bristol|PE
7272|Patricia Brown|555-311-2405|6475 Lakeview Dr, Riverside|CL
7273|John Garcia|555-592-8391|900 Oak Ave, Greenville|MX
7274|Jennifer Miller|555-878-1013|8942 Cedar Rd, Springfield|CO
7275|John Brown|555-573-9313|9779 Oak Ave, Greenville|PE
7276|Jennifer Davis|555-542-8444|6540 Main St, Riverside|CL
7277|Jennifer Miller|555-404-9684|349 Cedar Rd, Riverside|MX
7278|Linda Johnson|555-341-9889|6882 Cedar Rd, Franklin|CO
7279|Patricia Jones|555-671-3779|9997 Cedar Rd, Franklin|PE
7280|Patricia Garcia|555-159-7225|8218 Lakeview Dr, Madison|CL
7281|Patricia Johnson|555-539-2649|5456 Cedar Rd, Greenville|MX
7282|Robert Brown|555-277-8901|5677 Oak Ave, Springfield|CO
7283|Michael Jones|555-251-6678|9969 Maple St, Riverside|PE
7284|Mary Williams|555-505-2024|3818 Oak Ave, Madison|CL
7285|Jennifer Smith|555-470-6931|1327 Cedar Rd, Madison|MX
7286|Jennifer Brown|555-843-9398|2627 Cedar Rd, Springfield|CO
7287|Robert Davis|555-328-6612|4971 Maple St, Bristol|PE
7288|Michael Smith|555-231-8500|5247 Lakeview Dr, Springfield|CL
7289|Mary Brown|555-599-6193|2748 Pine St, Springfield|MX
7290|Linda Garcia|555-814-5465|1452 Lakeview Dr, Greenville|CO
7291|Robert Davis|555-331-2236|6078 Oak Ave, Franklin|PE
7292|Michael Williams|555-170-9565|3320 Cedar Rd, Bristol|CL
7293|James Garcia|555-736-2171|8935 Maple St, Greenville|MX
7294|John Garcia|555-349-3874|2983 Lakeview Dr, Franklin|CO
7295|Linda Garcia|555-833-4379|9549 Lakeview Dr, Franklin|PE
7296|Mary Miller|555-389-6645|4244 Maple St, Springfield|CL
7297|Linda Brown|555-814-3453|2813 Maple St, Greenville|MX
7298|Jennifer Garcia|555-407-4580|5819 Cedar Rd, Springfield|CO
7299|Patricia Smith|555-355-7388|8891 Lakeview Dr, Madison|PE
7300|Jennifer Jones|555-328-1286|6156 Lakeview Dr, Franklin|CL
7301|John Williams|555-652-7553|7389 Lakeview Dr, Riverside|MX
7302|Linda Johnson|555-274-9537|1656 Pine St, Franklin|CO
7303|Patricia Davis|555-319-6155|574 Cedar Rd, Riverside|PE
7304|Linda Garcia|555-661-9293|9128 Pine St, Bristol|CL
7305|Robert Garcia|555-784-2888|4283 Maple St, Madison|MX
7306|Linda Johnson|555-884-2186|7229 Pine St, Madison|CO
7307|Robert Johnson|555-329-1837|2210 Oak Ave, Greenville|PE
7308|Mary Brown|555-848-8031|2350 Oak Ave, Greenville|CL
7309|Mary Garcia|555-154-7772|6598 Lakeview Dr, Greenville|MX
7310|James Smith|555-119-1261|8186 Maple St, Madison|CO
7311|Michael Davis|555-454-6190|3994 Cedar Rd, Franklin|PE
7312|Jennifer Miller|555-634-9886|3686 Oak Ave, Franklin|CL
7313|James Brown|555-631-8439|5183 Oak Ave, Riverside|MX
7314|John Williams|555-147-3818|5190 Cedar Rd, Bristol|CO
7315|Michael Smith|555-446-5097|5054 Cedar Rd, Franklin|PE
7316|Linda Williams|555-208-2102|7113 Cedar Rd, Riverside|CL
7317|Michael Johnson|555-683-2668|2022 Maple St, Franklin|MX
7318|Michael Garcia|555-297-4504|1537 Lakeview Dr, Riverside|CO
7319|Jennifer Jones|555-389-7998|5667 Cedar Rd, Bristol|PE
7320|Michael Jones|555-365-3749|9840 Pine St, Madison|CL
7321|James Miller|555-199-1786|5127 Maple St, Riverside|MX
7322|Robert Smith|555-774-1159|2655 Oak Ave, Bristol|CO
7323|John Williams|555-449-7902|5700 Cedar Rd, Riverside|PE
7324|James Brown|555-410-7780|9854 Lakeview Dr, Franklin|CL
7325|Mary Brown|555-879-1984|1679 Pine St, Greenville|MX
7326|Linda Williams|555-822-5881|3743 Cedar Rd, Greenville|CO
7327|Mary Williams|555-311-8726|9165 Pine St, Springfield|PE
7328|John Johnson|555-813-7815|5146 Oak Ave, Bristol|CL
7329|Jennifer Brown|555-440-7931|7044 Main St, Madison|MX
7330|James Miller|555-357-2018|5869 Pine St, Springfield|CO
7331|Linda Jones|555-849-9935|9419 Pine St, Greenville|PE
7332|Linda Miller|555-742-8818|5195 Lakeview Dr, Bristol|CL
7333|Robert Davis|555-115-6751|3961 Lakeview Dr, Springfield|MX
7334|Mary Brown|555-795-8917|8384 Oak Ave, Greenville|CO
7335|Jennifer Smith|555-518-3758|4135 Cedar Rd, Springfield|PE
7336|Robert Garcia|555-333-6190|8597 Maple St, Riverside|CL
7337|John Davis|555-291-2628|7414 Maple St, Springfield|MX
7338|Robert Johnson|555-406-4693|9475 Pine St, Springfield|CO
7339|Jennifer Johnson|555-407-3640|6840 Lakeview Dr, Bristol|PE
7340|Robert Brown|555-345-8514|965 Cedar Rd, Franklin|CL
7341|Jennifer Johnson|555-525-9220|2889 Main St, Riverside|MX
7342|Mary Miller|555-788-2432|3275 Lakeview Dr, Riverside|CO
7343|Jennifer Jones|555-152-8923|732 Oak Ave, Bristol|PE
7344|Linda Johnson|555-284-8321|1127 Pine St, Madison|CL
7345|James Miller|555-775-2218|288 Pine St, Bristol|MX
7346|Jennifer Davis|555-826-7289|8199 Pine St, Bristol|CO
7347|Mary Davis|555-610-9187|2997 Cedar Rd, Franklin|PE
7348|Linda Davis|555-386-2111|3966 Main St, Riverside|CL
7349|John Brown|555-338-5497|1317 Lakeview Dr, Bristol|MX
7350|Linda Jones|555-245-9093|3269 Maple St, Riverside|CO
7351|John Brown|555-351-6985|8905 Oak Ave, Greenville|PE
7352|Linda Brown|555-430-6381|3116 Cedar Rd, Riverside|CL
7353|James Williams|555-496-3398|8793 Pine St, Bristol|MX
7354|Jennifer Brown|555-535-6007|1933 Cedar Rd, Franklin|CO
7355|James Brown|555-852-9185|2859 Cedar Rd, Madison|PE
7356|John Davis|555-168-8424|5096 Pine St, Madison|CL
7357|Patricia Davis|555-185-7714|3340 Maple St, Springfield|MX
7358|Michael Johnson|555-776-8039|2548 Main St, Riverside|CO
7359|Michael Smith|555-818-8534|640 Maple St, Riverside|PE
7360|Mary Jones|555-207-2644|5822 Oak Ave, Bristol|CL
7361|Michael Davis|555-864-9661|8090 Oak Ave, Riverside|MX
7362|Michael Jones|555-693-6106|8280 Maple St, Bristol|CO
7363|Jennifer Davis|555-507-4003|7211 Lakeview Dr, Springfield|PE
7364|Jennifer Davis|555-186-8728|8138 Cedar Rd, Franklin|CL
7365|Michael Davis|555-220-6381|3081 Maple St, Greenville|MX
7366|Patricia Smith|555-868-6757|2562 Oak Ave, Riverside|CO
7367|Linda Smith|555-275-7006|3197 Lakeview Dr, Madison|PE
7368|James Davis|555-966-8384|9670 Oak Ave, Madison|CL
7369|Patricia Brown|555-279-5312|2491 Cedar Rd, Madison|MX
7370|Michael Smith|555-150-7895|1313 Cedar Rd, Greenville|CO
7371|Linda Davis|555-181-7407|6414 Oak Ave, Franklin|PE
7372|Robert Miller|555-547-4134|8853 Main St, Springfield|CL
7373|Mary Johnson|555-189-7146|7793 Pine St, Madison|MX
7374|Michael Williams|555-452-3003|3601 Maple St, Springfield|CO
7375|Jennifer Brown|555-175-1007|5278 Lakeview Dr, Madison|PE
7376|Patricia Johnson|555-361-2254|2461 Cedar Rd, Springfield|CL
7377|John Smith|555-131-8673|5295 Main St, Riverside|MX
7378|Jennifer Davis|555-182-2290|1730 Maple St, Franklin|CO
7379|Mary Williams|555-703-3509|6939 Cedar Rd, Madison|PE
7380|Jennifer Smith|555-837-7769|9713 Cedar Rd, Riverside|CL
7381|Jennifer Jones|555-380-9954|1029 Oak Ave, Bristol|MX
7382|John Davis|555-914-8956|8660 Pine St, Bristol|CO
7383|Mary Miller|555-724-7061|8693 Lakeview Dr, Riverside|PE
7384|Mary Davis|555-435-8198|169 Pine St, Springfield|CL
7385|Linda Smith|555-562-9602|6138 Cedar Rd, Springfield|MX
7386|Jennifer Jones|555-347-7118|3076 Main St, Greenville|CO
7387|Jennifer Davis|555-845-1379|8807 Lakeview Dr, Springfield|PE
7388|Mary Miller|555-860-6910|5182 Maple St, Madison|CL
7389|James Williams|555-420-8826|3720 Lakeview Dr, Franklin|MX
7390|James Garcia|555-217-3677|683 Pine St, Bristol|CO
7391|John Jones|555-437-9827|2221 Main St, Bristol|PE
7392|John Brown|555-133-8058|2718 Main St, Franklin|CL
7393|Patricia Garcia|555-578-9479|7953 Cedar Rd, Springfield|MX
7394|John Garcia|555-413-9430|9467 Main St, Riverside|CO
7395|Patricia Jones|555-380-3778|5211 Lakeview Dr, Franklin|PE
7396|Robert Johnson|555-290-9840|5398 Main St, Springfield|CL
7397|Michael Smith|555-847-3030|1477 Oak Ave, Bristol|MX
7398|Linda Smith|555-252-5302|2558 Lakeview Dr, Riverside|CO
7399|Patricia Brown|555-390-8339|8687 Oak Ave, Riverside|PE
7400|Jennifer Johnson|555-753-2800|9180 Main St, Greenville|CL
7401|Jennifer Davis|555-279-8527|1972 Oak Ave, Bristol|MX
7402|Mary Smith|555-328-8043|9316 Main St, Madison|CO
7403|Robert Smith|555-295-9758|1503 Main St, Greenville|PE
7404|James Davis|555-530-7420|8223 Cedar Rd, Greenville|CL
7405|Linda Williams|555-606-2958|4132 Maple St, Bristol|MX
7406|Patricia Williams|555-849-3155|3860 Lakeview Dr, Riverside|CO
7407|Jennifer Brown|555-453-3544|7456 Main St, Madison|PE
7408|Michael Jones|555-335-3111|8923 Cedar Rd, Greenville|CL
7409|James Brown|555-699-1020|8398 Maple St, Madison|MX
7410|Linda Brown|555-105-1646|272 Oak Ave, Madison|CO
7411|Mary Brown|555-708-1146|7347 Main St, Riverside|PE
7412|Patricia Miller|555-130-1241|7654 Maple St, Riverside|CL
7413|Linda Smith|555-161-7965|3732 Pine St, Springfield|MX
7414|Linda Garcia|555-604-1070|1124 Oak Ave, Riverside|CO
7415|Jennifer Johnson|555-326-7726|2189 Oak Ave, Riverside|PE
7416|Michael Garcia|555-924-3513|6521 Cedar Rd, Springfield|CL
7417|John Jones|555-922-7376|2508 Main St, Riverside|MX
7418|Patricia Johnson|555-850-6835|4769 Main St, Bristol|CO
7419|Jennifer Garcia|555-675-2618|5584 Cedar Rd, Madison|PE
7420|Michael Garcia|555-404-6447|1028 Lakeview Dr, Franklin|CL
7421|James Davis|555-235-3549|9611 Oak Ave, Springfield|MX
7422|Patricia Smith|555-304-1671|6294 Main St, Springfield|CO
7423|Mary Garcia|555-764-7664|727 Pine St, Franklin|PE
7424|Jennifer Smith|555-777-9427|4515 Main St, Bristol|CL
7425|Mary Garcia|555-100-4774|5919 Oak Ave, Greenville|MX
7426|James Williams|555-169-8028|2527 Maple St, Franklin|CO
7427|Robert Williams|555-101-8110|7910 Pine St, Bristol|PE
7428|Robert Johnson|555-687-8141|8942 Maple St, Springfield|CL
7429|Robert Davis|555-833-6728|3544 Lakeview Dr, Madison|MX
7430|John Johnson|555-733-2757|6656 Cedar Rd, Madison|CO
7431|Michael Smith|555-352-6028|1308 Main St, Springfield|PE
7432|Patricia Williams|555-503-3284|9738 Main St, Greenville|CL
7433|Michael Garcia|555-855-9710|2362 Pine St, Madison|MX
7434|Jennifer Jones|555-364-2830|6248 Pine St, Bristol|CO
7435|Linda Brown|555-739-4562|6106 Oak Ave, Bristol|PE
7436|Robert Jones|555-242-1855|4339 Main St, Riverside|CL
7437|Mary Miller|555-876-4221|3724 Cedar Rd, Greenville|MX
7438|Linda Brown|555-936-5194|3701 Maple St, Franklin|CO
7439|Michael Jones|555-145-9391|7480 Pine St, Bristol|PE
7440|Jennifer Williams|555-914-4647|5459 Pine St, Riverside|CL
7441|John Williams|555-579-6799|530 Pine St, Madison|MX
7442|Patricia Brown|555-263-3639|4632 Cedar Rd, Springfield|CO
7443|Jennifer Smith|555-730-5638|7713 Lakeview Dr, Bristol|PE
7444|James Williams|555-258-7930|8439 Oak Ave, Springfield|CL
7445|Mary Jones|555-341-2524|1374 Maple St, Greenville|MX
7446|Linda Williams|555-482-1360|3609 Lakeview Dr, Greenville|CO
7447|Robert Williams|555-367-5601|5273 Maple St, Greenville|PE
7448|John Miller|555-850-6365|1421 Main St, Greenville|CL
7449|Michael Williams|555-246-8799|8948 Lakeview Dr, Franklin|MX
7450|John Williams|555-486-1672|9296 Lakeview Dr, Madison|CO
7451|Patricia Brown|555-232-9458|9242 Main St, Springfield|PE
7452|John Davis|555-866-3223|9993 Maple St, Riverside|CL
7453|Mary Jones|555-675-6835|1394 Main St, Greenville|MX
7454|Michael Davis|555-527-6093|9711 Pine St, Springfield|CO
7455|Jennifer Jones|555-543-7416|5295 Oak Ave, Bristol|PE
7456|James Williams|555-161-5345|7345 Oak Ave, Springfield|CL
7457|Linda Smith|555-401-2903|5679 Lakeview Dr, Greenville|MX
7458|Mary Brown|555-814-6165|4660 Main St, Franklin|CO
7459|Jennifer Davis|555-277-9698|8786 Oak Ave, Riverside|PE
7460|Linda Williams|555-755-5560|1155 Pine St, Madison|CL
7461|Patricia Smith|555-118-1356|4835 Lakeview Dr, Bristol|MX
7462|Jennifer Johnson|555-554-7228|3265 Oak Ave, Springfield|CO
7463|Robert Jones|555-645-9094|8640 Lakeview Dr, Bristol|PE
7464|Patricia Miller|555-514-1449|8917 Maple St, Madison|CL
7465|James Miller|555-323-8669|5192 Maple St, Franklin|MX
7466|John Davis|555-686-8319|7941 Lakeview Dr, Greenville|CO
7467|Michael Jones|555-104-2033|4387 Maple St, Madison|PE
7468|Michael Davis|555-451-7014|4527 Cedar Rd, Madison|CL
7469|John Miller|555-317-2832|4243 Cedar Rd, Springfield|MX
7470|Michael Johnson|555-566-6542|8154 Main St, Springfield|CO
7471|Michael Johnson|555-746-2523|5518 Lakeview Dr, Bristol|PE
7472|Michael Williams|555-675-7324|1691 Main St, Bristol|CL
7473|Jennifer Williams|555-385-3512|2203 Maple St, Greenville|MX
7474|James Williams|555-343-8215|3373 Main St, Bristol|CO
7475|John Williams|555-923-7486|6425 Pine St, Greenville|PE
7476|Mary Brown|555-440-3596|2854 Lakeview Dr, Riverside|CL
7477|James Williams|555-407-4333|1725 Main St, Madison|MX
7478|James Brown|555-252-5520|6426 Main St, Franklin|CO
7479|John Davis|555-916-3420|6525 Cedar Rd, Madison|PE
7480|Patricia Williams|555-605-7703|6800 Main St, Bristol|CL
7481|John Johnson|555-312-1303|330 Pine St, Riverside|MX
7482|Jennifer Garcia|555-967-1982|8537 Main St, Bristol|CO
7483|Linda Jones|555-166-6197|3856 Maple St, Greenville|PE
7484|Mary Williams|555-558-1088|755 Main St, Bristol|CL
7485|Michael Brown|555-476-5937|6136 Pine St, Springfield|MX
7486|Jennifer Davis|555-980-2812|1513 Lakeview Dr, Greenville|CO
7487|Michael Johnson|555-340-6623|8927 Lakeview Dr, Springfield|PE
7488|Michael Brown|555-969-2150|1769 Lakeview Dr, Springfield|CL
7489|Patricia Smith|555-450-5857|6798 Oak Ave, Madison|MX
7490|Patricia Davis|555-277-9236|4087 Pine St, Madison|CO
7491|Linda Smith|555-234-7811|2557 Cedar Rd, Franklin|PE
7492|John Smith|555-892-4001|260 Lakeview Dr, Madison|CL
7493|Patricia Garcia|555-810-6784|2751 Maple St, Bristol|MX
7494|Mary Williams|555-824-7013|6199 Cedar Rd, Madison|CO
7495|Michael Johnson|555-774-3896|5262 Pine St, Springfield|PE
7496|Patricia Johnson|555-877-2247|3317 Cedar Rd, Springfield|CL
7497|Patricia Garcia|555-804-8755|7138 Oak Ave, Greenville|MX
7498|Patricia Smith|555-168-9513|8002 Lakeview Dr, Greenville|CO
7499|Jennifer Brown|555-237-8009|1650 Cedar Rd, Bristol|PE
7500|Robert Smith|555-360-4872|6527 Oak Ave, Springfield|CL
7501|Robert Miller|555-968-3462|4375 Lakeview Dr, Franklin|MX
7502|Jennifer Miller|555-839-3180|1090 Oak Ave, Springfield|CO
7503|John Miller|555-874-2424|381 Cedar Rd, Riverside|PE
7504|Patricia Williams|555-119-1076|2235 Cedar Rd, Bristol|CL
7505|Linda Smith|555-785-8285|2332 Lakeview Dr, Franklin|MX
7506|Mary Johnson|555-408-7802|6653 Maple St, Greenville|CO
7507|Patricia Smith|555-500-6405|5939 Oak Ave, Bristol|PE
7508|Michael Brown|555-250-7000|3546 Lakeview Dr, Franklin|CL
7509|Robert Johnson|555-238-8927|8132 Pine St, Springfield|MX
7510|Jennifer Davis|555-243-9981|3104 Lakeview Dr, Springfield|CO
7511|Patricia Garcia|555-424-9699|808 Main St, Springfield|PE
7512|James Jones|555-904-8975|8964 Pine St, Springfield|CL
7513|Jennifer Johnson|555-565-1352|727 Maple St, Springfield|MX
7514|Michael Miller|555-804-8998|2741 Cedar Rd, Riverside|CO
7515|Linda Jones|555-285-7198|418 Pine St, Riverside|PE
7516|Linda Miller|555-665-5950|675 Lakeview Dr, Springfield|CL
7517|James Williams|555-233-8061|1034 Oak Ave, Bristol|MX
7518|Mary Davis|555-317-6426|5494 Oak Ave, Greenville|CO
7519|John Johnson|555-891-7672|8249 Cedar Rd, Madison|PE
7520|Patricia Brown|555-563-1838|7740 Pine St, Franklin|CL
7521|Michael Brown|555-751-5755|6243 Lakeview Dr, Bristol|MX
7522|Mary Smith|555-289-8191|3303 Lakeview Dr, Springfield|CO
7523|Patricia Miller|555-910-5567|6726 Pine St, Riverside|PE
7524|James Garcia|555-700-1814|4370 Lakeview Dr, Madison|CL
7525|Linda Davis|555-963-4770|6881 Oak Ave, Springfield|MX
7526|Jennifer Davis|555-191-9682|6167 Main St, Bristol|CO
7527|Patricia Davis|555-368-6419|4211 Pine St, Bristol|PE
7528|John Miller|555-408-6934|2994 Lakeview Dr, Riverside|CL
7529|James Williams|555-691-1994|7870 Lakeview Dr, Bristol|MX
7530|Patricia Garcia|555-590-4667|1898 Maple St, Bristol|CO
7531|Mary Johnson|555-317-1116|7264 Lakeview Dr, Greenville|PE
7532|John Jones|555-760-4509|4119 Main St, Riverside|CL
7533|Jennifer Jones|555-151-7338|556 Main St, Riverside|MX
7534|Jennifer Davis|555-370-3106|9546 Oak Ave, Springfield|CO
7535|James Smith|555-683-7485|363 Maple St, Madison|PE
7536|Linda Williams|555-744-7046|8295 Main St, Bristol|CL
7537|Robert Johnson|555-153-8457|7787 Maple St, Riverside|MX
7538|James Smith|555-559-8775|7301 Cedar Rd, Riverside|CO
7539|Robert Miller|555-958-6713|8320 Pine St, Greenville|PE
7540|Linda Smith|555-468-1326|9715 Maple St, Madison|CL
7541|Linda Williams|555-610-2360|8796 Main St, Greenville|MX
7542|Mary Davis|555-938-8289|8266 Cedar Rd, Madison|CO
7543|Patricia Johnson|555-689-4241|5300 Lakeview Dr, Greenville|PE
7544|Robert Williams|555-579-1568|3141 Lakeview Dr, Bristol|CL
7545|James Garcia|555-519-8195|8530 Pine St, Franklin|MX
7546|Jennifer Garcia|555-482-9290|7516 Pine St, Greenville|CO
7547|Jennifer Smith|555-554-6832|9875 Pine St, Riverside|PE
7548|James Johnson|555-429-4452|972 Lakeview Dr, Springfield|CL
7549|Patricia Miller|555-209-3333|7914 Main St, Franklin|MX
7550|James Brown|555-671-3197|7887 Main St, Bristol|CO
7551|Linda Garcia|555-520-1100|1774 Maple St, Riverside|PE
7552|Robert Jones|555-204-7310|8836 Pine St, Greenville|CL
7553|Linda Garcia|555-289-6420|4900 Lakeview Dr, Bristol|MX
7554|John Davis|555-991-8625|7066 Oak Ave, Riverside|CO
7555|Michael Miller|555-113-1464|8642 Pine St, Bristol|PE
7556|James Miller|555-342-4333|6528 Maple St, Greenville|CL
7557|Mary Jones|555-645-1388|2116 Cedar Rd, Greenville|MX
7558|Patricia Jones|555-183-2583|2320 Lakeview Dr, Bristol|CO
7559|Jennifer Williams|555-645-2340|9073 Lakeview Dr, Springfield|PE
7560|Jennifer Brown|555-998-5332|1142 Pine St, Franklin|CL
7561|Patricia Brown|555-760-4717|9587 Main St, Riverside|MX
7562|John Smith|555-769-5504|527 Oak Ave, Riverside|CO
7563|John Williams|555-936-3992|3251 Maple St, Springfield|PE
7564|Jennifer Brown|555-811-9647|6351 Oak Ave, Greenville|CL
7565|Patricia Williams|555-191-7026|2945 Cedar Rd, Franklin|MX
7566|Linda Williams|555-813-3724|6253 Oak Ave, Greenville|CO
7567|Linda Garcia|555-554-2201|1179 Oak Ave, Bristol|PE
7568|Robert Johnson|555-668-6220|7600 Oak Ave, Springfield|CL
7569|Michael Johnson|555-795-6742|7342 Oak Ave, Madison|MX
7570|Mary Davis|555-260-1339|5472 Lakeview Dr, Greenville|CO
7571|John Brown|555-542-8585|8153 Lakeview Dr, Bristol|PE
7572|Jennifer Johnson|555-348-8266|1437 Pine St, Springfield|CL
7573|Linda Garcia|555-639-9706|9376 Oak Ave, Bristol|MX
7574|Patricia Williams|555-267-5995|1445 Main St, Springfield|CO
7575|Mary Williams|555-374-3798|456 Main St, Madison|PE
7576|Linda Smith|555-404-1051|509 Cedar Rd, Greenville|CL
7577|Michael Brown|555-320-7756|758 Main St, Madison|MX
7578|Jennifer Garcia|555-752-7214|9420 Main St, Riverside|CO
7579|John Johnson|555-577-9379|3366 Maple St, Bristol|PE
7580|Jennifer Johnson|555-546-2711|9862 Oak Ave, Greenville|CL
7581|Linda Brown|555-968-3507|2912 Main St, Madison|MX
7582|Michael Miller|555-658-6715|2402 Maple St, Springfield|CO
7583|Mary Jones|555-798-2557|7888 Main St, Riverside|PE
7584|Robert Miller|555-377-9443|1414 Pine St, Bristol|CL
7585|Mary Davis|555-901-5927|8670 Lakeview Dr, Franklin|MX
7586|Jennifer Johnson|555-808-2587|2189 Maple St, Riverside|CO
7587|Michael Smith|555-294-1121|5236 Main St, Riverside|PE
7588|Linda Garcia|555-911-4709|2926 Pine St, Springfield|CL
7589|James Brown|555-852-8088|9504 Oak Ave, Madison|MX
7590|John Johnson|555-487-4406|1779 Oak Ave, Franklin|CO
7591|Linda Miller|555-676-3546|3931 Cedar Rd, Franklin|PE
7592|Robert Brown|555-464-9385|6837 Main St, Bristol|CL
7593|Michael Johnson|555-366-6886|9135 Main St, Greenville|MX
7594|James Garcia|555-981-4950|5840 Cedar Rd, Franklin|CO
7595|Robert Jones|555-315-4189|4461 Lakeview Dr, Greenville|PE
7596|Michael Miller|555-651-9407|4669 Pine St, Greenville|CL
7597|Michael Johnson|555-186-2676|3552 Maple St, Greenville|MX
7598|Patricia Smith|555-666-9053|7321 Cedar Rd, Franklin|CO
7599|Robert Garcia|555-423-5998|7591 Oak Ave, Greenville|PE
7600|James Smith|555-209-2972|2210 Cedar Rd, Bristol|CL
7601|Patricia Brown|555-106-6218|4494 Cedar Rd, Greenville|MX
7602|Jennifer Garcia|555-296-3507|1339 Pine St, Riverside|CO
7603|Jennifer Smith|555-490-3005|6708 Oak Ave, Riverside|PE
7604|Jennifer Jones|555-221-1917|6928 Pine St, Madison|CL
7605|James Williams|555-131-3174|2107 Lakeview Dr, Springfield|MX
7606|Linda Williams|555-284-6705|890 Lakeview Dr, Riverside|CO
7607|James Jones|555-288-8532|3714 Pine St, Bristol|PE
7608|Michael Garcia|555-825-3056|2293 Pine St, Franklin|CL
7609|John Davis|555-278-4292|6504 Maple St, Riverside|MX
7610|Robert Jones|555-835-7156|3782 Maple St, Franklin|CO
7611|Patricia Garcia|555-749-3298|932 Cedar Rd, Franklin|PE
7612|Linda Miller|555-317-4440|4947 Maple St, Greenville|CL
7613|Jennifer Davis|555-944-9828|6491 Lakeview Dr, Greenville|MX
7614|Jennifer Williams|555-871-7104|8709 Main St, Franklin|CO
7615|John Brown|555-104-7121|1528 Maple St, Franklin|PE
7616|Mary Davis|555-287-9784|1548 Cedar Rd, Bristol|CL
7617|Linda Garcia|555-520-1178|5854 Pine St, Greenville|MX
7618|John Jones|555-288-5786|9004 Cedar Rd, Bristol|CO
7619|John Brown|555-481-2396|7667 Oak Ave, Greenville|PE
7620|James Davis|555-637-7152|5531 Main St, Greenville|CL
7621|Mary Davis|555-364-9392|837 Cedar Rd, Bristol|MX
7622|Patricia Smith|555-315-1700|8270 Oak Ave, Franklin|CO
7623|Linda Jones|555-293-8463|4295 Maple St, Franklin|PE
7624|Mary Brown|555-550-5087|4319 Oak Ave, Springfield|CL
7625|John Williams|555-384-5422|7269 Cedar Rd, Bristol|MX
7626|Michael Johnson|555-953-3420|6861 Main St, Bristol|CO
7627|James Miller|555-630-2208|3371 Lakeview Dr, Madison|PE
7628|James Williams|555-315-5695|5266 Pine St, Riverside|CL
7629|Michael Davis|555-809-9595|7583 Oak Ave, Franklin|MX
7630|Robert Jones|555-219-7481|7045 Main St, Riverside|CO
7631|Mary Miller|555-667-1352|4601 Pine St, Riverside|PE
7632|Michael Brown|555-140-8862|3538 Cedar Rd, Madison|CL
7633|John Miller|555-713-1001|1192 Main St, Madison|MX
7634|James Johnson|555-547-5722|8745 Main St, Madison|CO
7635|Linda Garcia|555-600-1174|470 Main St, Franklin|PE
7636|John Jones|555-160-4057|7633 Maple St, Springfield|CL
7637|Mary Smith|555-160-4695|6541 Pine St, Riverside|MX
7638|Jennifer Brown|555-668-4218|6063 Pine St, Springfield|CO
7639|John Miller|555-100-2176|6052 Maple St, Springfield|PE
7640|Jennifer Brown|555-486-9000|7912 Main St, Greenville|CL
7641|Robert Miller|555-617-2701|7743 Main St, Franklin|MX
7642|Jennifer Davis|555-593-1519|1764 Main St, Greenville|CO
7643|Patricia Miller|555-578-2338|8397 Pine St, Madison|PE
7644|Mary Garcia|555-695-7675|3116 Cedar Rd, Madison|CL
7645|Patricia Miller|555-808-2439|9794 Oak Ave, Madison|MX
7646|Linda Garcia|555-544-5216|4862 Lakeview Dr, Riverside|CO
7647|Mary Brown|555-311-7238|9144 Pine St, Franklin|PE
7648|Jennifer Smith|555-579-7058|2308 Maple St, Madison|CL
7649|Linda Johnson|555-257-8494|9055 Maple St, Riverside|MX
7650|John Williams|555-459-7332|381 Lakeview Dr, Riverside|CO
7651|Jennifer Johnson|555-667-3937|7084 Maple St, Madison|PE
7652|Linda Garcia|555-629-2691|9762 Cedar Rd, Madison|CL
7653|John Garcia|555-277-8214|3352 Oak Ave, Franklin|MX
7654|James Garcia|555-669-7743|2702 Maple St, Springfield|CO
7655|Jennifer Williams|555-232-9007|5663 Lakeview Dr, Greenville|PE
7656|Mary Jones|555-494-6840|375 Oak Ave, Greenville|CL
7657|Mary Miller|555-473-5396|8339 Main St, Riverside|MX
7658|Patricia Brown|555-494-3609|8097 Maple St, Riverside|CO
7659|Jennifer Jones|555-223-1515|7394 Oak Ave, Bristol|PE
7660|Mary Jones|555-659-7237|7276 Lakeview Dr, Greenville|CL
7661|Jennifer Williams|555-354-2561|493 Oak Ave, Franklin|MX
7662|Mary Davis|555-882-4199|8022 Pine St, Bristol|CO
7663|James Williams|555-844-7684|7595 Pine St, Bristol|PE
7664|Mary Brown|555-456-9357|3637 Cedar Rd, Springfield|CL
7665|Linda Davis|555-987-8374|8773 Lakeview Dr, Madison|MX
7666|Robert Jones|555-514-5310|7647 Cedar Rd, Franklin|CO
7667|Jennifer Davis|555-126-2462|3561 Cedar Rd, Springfield|PE
7668|John Johnson|555-383-6830|343 Pine St, Greenville|CL
7669|Patricia Smith|555-410-9054|2408 Pine St, Springfield|MX
7670|Robert Davis|555-181-1357|7792 Maple St, Riverside|CO
7671|Jennifer Brown|555-872-4286|4997 Maple St, Riverside|PE
7672|Mary Jones|555-306-7309|4118 Oak Ave, Franklin|CL
7673|Patricia Garcia|555-775-4525|2673 Pine St, Franklin|MX
7674|Mary Brown|555-266-3278|2803 Lakeview Dr, Madison|CO
7675|James Brown|555-546-4862|7968 Pine St, Bristol|PE
7676|Robert Williams|555-953-7158|2367 Cedar Rd, Riverside|CL
7677|Linda Davis|555-887-5559|5122 Cedar Rd, Madison|MX
7678|Patricia Davis|555-717-3050|1118 Main St, Bristol|CO
7679|Jennifer Smith|555-672-2983|9098 Oak Ave, Bristol|PE
7680|James Garcia|555-519-3710|2463 Maple St, Bristol|CL
7681|Linda Brown|555-756-1376|9500 Main St, Madison|MX
7682|James Garcia|555-800-8764|3266 Oak Ave, Riverside|CO
7683|John Johnson|555-240-9497|508 Pine St, Franklin|PE
7684|James Davis|555-441-7912|8297 Main St, Greenville|CL
7685|James Smith|555-505-5534|8397 Cedar Rd, Bristol|MX
7686|Jennifer Garcia|555-422-4237|2281 Main St, Greenville|CO
7687|Linda Johnson|555-334-8229|4604 Lakeview Dr, Madison|PE
7688|James Miller|555-409-4890|2786 Main St, Bristol|CL
7689|Robert Williams|555-198-4338|9867 Maple St, Bristol|MX
7690|Patricia Williams|555-752-4268|2292 Maple St, Springfield|CO
7691|John Smith|555-427-1626|5683 Lakeview Dr, Franklin|PE
7692|Michael Brown|555-958-7403|8885 Lakeview Dr, Riverside|CL
7693|Patricia Johnson|555-354-4763|3972 Lakeview Dr, Springfield|MX
7694|John Miller|555-964-9752|8077 Main St, Madison|CO
7695|John Jones|555-255-4717|6971 Lakeview Dr, Riverside|PE
7696|Mary Williams|555-527-3432|4309 Lakeview Dr, Springfield|CL
7697|James Davis|555-927-8543|302 Lakeview Dr, Franklin|MX
7698|Jennifer Brown|555-630-8302|6204 Oak Ave, Franklin|CO
7699|Jennifer Johnson|555-214-4682|4683 Maple St, Springfield|PE
7700|James Johnson|555-457-9127|8025 Cedar Rd, Riverside|CL
7701|Linda Davis|555-464-9416|6664 Cedar Rd, Greenville|MX
7702|Robert Garcia|555-343-2561|4028 Pine St, Madison|CO
7703|Patricia Davis|555-457-8216|208 Oak Ave, Riverside|PE
7704|Jennifer Garcia|555-340-6435|3492 Lakeview Dr, Bristol|CL
7705|Patricia Jones|555-735-2749|3100 Cedar Rd, Madison|MX
7706|Robert Johnson|555-618-6729|834 Maple St, Franklin|CO
7707|Linda Johnson|555-525-4499|9262 Oak Ave, Greenville|PE
7708|Michael Smith|555-704-6217|593 Cedar Rd, Greenville|CL
7709|Jennifer Smith|555-711-8519|4870 Cedar Rd, Franklin|MX
7710|Patricia Smith|555-711-7657|9349 Main St, Greenville|CO
7711|James Williams|555-339-8967|5410 Maple St, Springfield|PE
7712|Jennifer Williams|555-271-6895|2693 Cedar Rd, Springfield|CL
7713|Patricia Smith|555-591-6458|5240 Lakeview Dr, Greenville|MX
7714|James Jones|555-744-4742|4970 Oak Ave, Bristol|CO
7715|Jennifer Williams|555-670-4452|4581 Cedar Rd, Greenville|PE
7716|Linda Johnson|555-444-5260|727 Lakeview Dr, Bristol|CL
7717|James Brown|555-614-5163|5695 Maple St, Franklin|MX
7718|Mary Brown|555-870-1108|9530 Pine St, Bristol|CO
7719|Linda Davis|555-833-4872|9436 Cedar Rd, Greenville|PE
7720|Michael Garcia|555-758-5609|2135 Cedar Rd, Madison|CL
7721|Linda Miller|555-610-6337|8797 Pine St, Bristol|MX
7722|Robert Williams|555-524-4158|9277 Maple St, Franklin|CO
7723|Patricia Davis|555-984-5885|2447 Lakeview Dr, Franklin|PE
7724|Robert Johnson|555-712-5994|7353 Maple St, Franklin|CL
7725|Patricia Brown|555-833-8756|5340 Pine St, Riverside|MX
7726|Robert Garcia|555-759-9261|7383 Pine St, Bristol|CO
7727|Mary Williams|555-786-1950|4929 Pine St, Greenville|PE
7728|John Jones|555-579-5310|4183 Lakeview Dr, Riverside|CL
7729|Mary Williams|555-820-7497|2620 Cedar Rd, Bristol|MX
7730|James Garcia|555-305-7250|3039 Cedar Rd, Madison|CO
7731|Mary Jones|555-963-1608|1129 Lakeview Dr, Greenville|PE
7732|Michael Williams|555-695-4989|6453 Maple St, Franklin|CL
7733|John Garcia|555-725-8185|3685 Oak Ave, Springfield|MX
7734|Linda Williams|555-327-7076|8151 Lakeview Dr, Riverside|CO
7735|John Williams|555-419-2798|1997 Main St, Franklin|PE
7736|Jennifer Johnson|555-755-5064|3883 Maple St, Riverside|CL
7737|Linda Williams|555-636-5647|4489 Maple St, Franklin|MX
7738|Patricia Johnson|555-202-6504|7388 Maple St, Franklin|CO
7739|James Williams|555-146-6776|4291 Cedar Rd, Madison|PE
7740|John Williams|555-785-7731|628 Main St, Riverside|CL
7741|Patricia Williams|555-112-7521|5505 Maple St, Greenville|MX
7742|Jennifer Johnson|555-442-4379|3171 Oak Ave, Riverside|CO
7743|Mary Williams|555-338-7288|2543 Main St, Springfield|PE
7744|Mary Jones|555-891-5811|9132 Cedar Rd, Franklin|CL
7745|Michael Jones|555-316-3937|1681 Cedar Rd, Springfield|MX
7746|Mary Brown|555-808-2123|3828 Lakeview Dr, Madison|CO
7747|Patricia Miller|555-962-3073|2048 Pine St, Riverside|PE
7748|James Williams|555-679-3147|5057 Main St, Greenville|CL
7749|Patricia Johnson|555-678-6329|517 Oak Ave, Franklin|MX
7750|John Garcia|555-433-7533|1605 Pine St, Springfield|CO
7751|Michael Miller|555-282-5068|739 Lakeview Dr, Bristol|PE
7752|Patricia Garcia|555-836-1170|1462 Maple St, Madison|CL
7753|Mary Jones|555-588-3564|8582 Cedar Rd, Riverside|MX
7754|Linda Miller|555-890-9342|8488 Lakeview Dr, Bristol|CO
7755|John Miller|555-645-2178|9740 Maple St, Bristol|PE
7756|Robert Davis|555-735-4779|7984 Lakeview Dr, Springfield|CL
7757|Patricia Garcia|555-355-6045|1591 Cedar Rd, Riverside|MX
7758|Robert Smith|555-561-4261|9108 Main St, Madison|CO
7759|Robert Brown|555-278-5417|9607 Main St, Madison|PE
7760|Michael Jones|555-491-3100|3440 Maple St, Riverside|CL
7761|Robert Davis|555-807-5895|7391 Pine St, Bristol|MX
7762|Patricia Davis|555-819-2782|6384 Lakeview Dr, Madison|CO
7763|Patricia Williams|555-694-8338|1002 Oak Ave, Madison|PE
7764|Michael Miller|555-851-3113|6474 Maple St, Springfield|CL
7765|John Jones|555-610-7988|3243 Main St, Springfield|MX
7766|Patricia Williams|555-307-9941|567 Maple St, Bristol|CO
7767|Michael Jones|555-110-7271|9858 Pine St, Franklin|PE
7768|John Garcia|555-283-5189|3169 Maple St, Franklin|CL
7769|Robert Smith|555-740-4768|7843 Cedar Rd, Riverside|MX
7770|Jennifer Johnson|555-657-6097|4493 Maple St, Greenville|CO
7771|Jennifer Brown|555-149-7266|5799 Cedar Rd, Riverside|PE
7772|Jennifer Williams|555-435-6797|8212 Pine St, Riverside|CL
7773|James Brown|555-380-8030|5971 Cedar Rd, Springfield|MX
7774|Michael Jones|555-107-3348|3910 Pine St, Greenville|CO
7775|Jennifer Davis|555-574-1999|2850 Maple St, Springfield|PE
7776|Robert Garcia|555-935-3564|4969 Pine St, Springfield|CL
7777|Mary Smith|555-209-1266|9820 Cedar Rd, Franklin|MX
7778|James Brown|555-830-1226|5817 Cedar Rd, Madison|CO
7779|Linda Brown|555-394-1468|505 Maple St, Greenville|PE
7780|James Jones|555-722-5136|4263 Oak Ave, Bristol|CL
7781|Linda Davis|555-731-4317|5653 Oak Ave, Madison|MX
7782|Robert Brown|555-622-8956|5008 Lakeview Dr, Franklin|CO
7783|Robert Brown|555-340-2672|1106 Oak Ave, Greenville|PE
7784|Linda Williams|555-989-6519|2729 Maple St, Greenville|CL
7785|Patricia Miller|555-260-6239|8027 Lakeview Dr, Riverside|MX
7786|Robert Johnson|555-386-7486|4168 Main St, Greenville|CO
7787|James Johnson|555-973-5430|2395 Main St, Springfield|PE
7788|Linda Johnson|555-671-8980|4701 Maple St, Greenville|CL
7789|James Williams|555-236-7855|5105 Oak Ave, Madison|MX
7790|John Jones|555-105-4107|2748 Cedar Rd, Springfield|CO
7791|Jennifer Johnson|555-656-4092|5657 Pine St, Bristol|PE
7792|Linda Garcia|555-302-9574|717 Pine St, Bristol|CL
7793|Patricia Williams|555-726-3591|6605 Pine St, Bristol|MX
7794|Jennifer Johnson|555-203-4314|1561 Oak Ave, Madison|CO
7795|Mary Johnson|555-878-8981|5650 Main St, Madison|PE
7796|Patricia Davis|555-109-7422|9531 Cedar Rd, Riverside|CL
7797|Patricia Johnson|555-456-7615|7318 Lakeview Dr, Madison|MX
7798|John Smith|555-575-2748|9524 Oak Ave, Greenville|CO
7799|John Garcia|555-498-1005|5798 Lakeview Dr, Riverside|PE
7800|John Smith|555-220-1359|7854 Lakeview Dr, Madison|CL
7801|John Johnson|555-704-8907|9180 Pine St, Greenville|MX
7802|Mary Davis|555-809-6500|3152 Cedar Rd, Riverside|CO
7803|Linda Williams|555-228-8217|1676 Lakeview Dr, Madison|PE
7804|Jennifer Davis|555-599-9034|8072 Cedar Rd, Madison|CL
7805|Linda Davis|555-830-2486|3615 Pine St, Franklin|MX
7806|Michael Jones|555-483-6067|7666 Lakeview Dr, Springfield|CO
7807|James Brown|555-435-5562|1623 Pine St, Madison|PE
7808|Jennifer Davis|555-341-8019|4355 Cedar Rd, Riverside|CL
7809|Robert Brown|555-372-8715|5452 Cedar Rd, Franklin|MX
7810|Michael Johnson|555-569-2860|2517 Main St, Greenville|CO
7811|James Brown|555-246-9888|5761 Maple St, Madison|PE
7812|John Jones|555-186-5666|6700 Main St, Bristol|CL
7813|Patricia Miller|555-832-8232|6457 Oak Ave, Franklin|MX
7814|John Smith|555-332-2063|4451 Oak Ave, Greenville|CO
7815|John Williams|555-406-3872|6802 Maple St, Riverside|PE
7816|Patricia Davis|555-649-6671|8719 Main St, Bristol|CL
7817|Patricia Miller|555-816-7442|1145 Maple St, Madison|MX
7818|Jennifer Davis|555-786-8569|937 Oak Ave, Riverside|CO
7819|John Jones|555-643-2662|3319 Maple St, Springfield|PE
7820|Jennifer Davis|555-283-2088|2596 Maple St, Bristol|CL
7821|Patricia Williams|555-119-2501|5957 Maple St, Springfield|MX
7822|Jennifer Garcia|555-724-2891|8711 Cedar Rd, Riverside|CO
7823|Michael Brown|555-277-3285|480 Pine St, Greenville|PE
7824|Mary Johnson|555-868-5358|4699 Main St, Bristol|CL
7825|Robert Smith|555-499-4233|4749 Maple St, Greenville|MX
7826|James Johnson|555-435-6460|8772 Main St, Franklin|CO
7827|James Davis|555-587-9768|6851 Pine St, Springfield|PE
7828|James Jones|555-998-5241|8964 Cedar Rd, Riverside|CL
7829|Mary Smith|555-594-9541|1323 Cedar Rd, Franklin|MX
7830|James Smith|555-286-3554|4099 Main St, Franklin|CO
7831|Michael Brown|555-568-4551|9965 Lakeview Dr, Riverside|PE
7832|John Davis|555-641-8033|8096 Main St, Springfield|CL
7833|Linda Garcia|555-760-6167|401 Lakeview Dr, Riverside|MX
7834|Patricia Brown|555-825-2083|2115 Cedar Rd, Springfield|CO
7835|John Davis|555-507-1205|2955 Cedar Rd, Riverside|PE
7836|Robert Williams|555-591-5703|9549 Pine St, Madison|CL
7837|Mary Smith|555-643-7615|1907 Maple St, Bristol|MX
7838|Michael Jones|555-129-8601|1231 Lakeview Dr, Bristol|CO
7839|Michael Davis|555-354-2009|4930 Cedar Rd, Springfield|PE
7840|Robert Jones|555-461-6899|3275 Maple St, Bristol|CL
7841|Michael Davis|555-916-9720|6790 Main St, Madison|MX
7842|Robert Smith|555-962-3259|5696 Lakeview Dr, Bristol|CO
7843|Michael Williams|555-208-6299|8344 Main St, Bristol|PE
7844|Patricia Davis|555-142-6952|3595 Maple St, Greenville|CL
7845|John Johnson|555-269-6357|3582 Pine St, Franklin|MX
7846|John Johnson|555-275-8476|3466 Maple St, Bristol|CO
7847|Michael Johnson|555-536-3245|1584 Lakeview Dr, Franklin|PE
7848|James Brown|555-171-8977|8276 Maple St, Riverside|CL
7849|Michael Miller|555-763-1557|7497 Maple St, Springfield|MX
7850|James Garcia|555-122-5890|8178 Lakeview Dr, Madison|CO
7851|Linda Johnson|555-448-3639|1150 Main St, Riverside|PE
7852|James Miller|555-556-6841|2513 Pine St, Riverside|CL
7853|Michael Williams|555-637-1104|247 Pine St, Bristol|MX
7854|Linda Williams|555-340-9889|5366 Cedar Rd, Franklin|CO
7855|John Jones|555-931-7004|8508 Oak Ave, Greenville|PE
7856|John Miller|555-164-3783|2562 Main St, Riverside|CL
7857|Jennifer Brown|555-215-7781|8041 Oak Ave, Franklin|MX
7858|Patricia Johnson|555-619-5386|4740 Main St, Greenville|CO
7859|Linda Jones|555-484-2071|2869 Oak Ave, Springfield|PE
7860|Robert Miller|555-178-3597|4991 Maple St, Bristol|CL
7861|Michael Jones|555-669-7449|4640 Lakeview Dr, Bristol|MX
7862|James Davis|555-983-5128|2908 Oak Ave, Greenville|CO
7863|Michael Jones|555-722-8217|6667 Pine St, Madison|PE
7864|Mary Johnson|555-120-3504|2422 Lakeview Dr, Greenville|CL
7865|Robert Davis|555-287-8988|4616 Lakeview Dr, Franklin|MX
7866|Linda Smith|555-497-9437|3509 Maple St, Madison|CO
7867|James Williams|555-803-9940|8731 Lakeview Dr, Greenville|PE
7868|Mary Garcia|555-656-5468|6734 Cedar Rd, Franklin|CL
7869|Patricia Smith|555-207-6505|7024 Maple St, Springfield|MX
7870|John Brown|555-110-7285|6534 Lakeview Dr, Greenville|CO
7871|Jennifer Miller|555-854-1764|9869 Lakeview Dr, Madison|PE
7872|James Garcia|555-637-6459|5152 Lakeview Dr, Greenville|CL
7873|James Miller|555-809-8747|1630 Main St, Riverside|MX
7874|John Smith|555-558-8578|7699 Cedar Rd, Riverside|CO
7875|John Johnson|555-731-1488|8167 Main St, Madison|PE
7876|Jennifer Jones|555-351-7119|1972 Pine St, Bristol|CL
7877|Jennifer Davis|555-324-4729|7372 Oak Ave, Greenville|MX
7878|Robert Brown|555-426-6497|2930 Lakeview Dr, Franklin|CO
7879|Linda Jones|555-357-1886|1265 Cedar Rd, Franklin|PE
7880|Michael Williams|555-511-6855|5781 Main St, Greenville|CL
7881|Patricia Davis|555-253-8175|5991 Pine St, Greenville|MX
7882|Linda Brown|555-137-5342|2888 Pine St, Greenville|CO
7883|Michael Davis|555-312-2562|9954 Maple St, Springfield|PE
7884|Robert Miller|555-767-5798|8897 Cedar Rd, Franklin|CL
7885|Patricia Brown|555-720-8003|7650 Cedar Rd, Madison|MX
7886|Linda Smith|555-145-3767|4106 Oak Ave, Springfield|CO
7887|Michael Johnson|555-146-1286|5648 Oak Ave, Franklin|PE
7888|Robert Smith|555-404-4063|2921 Cedar Rd, Springfield|CL
7889|Jennifer Williams|555-205-7569|7639 Lakeview Dr, Bristol|MX
7890|Jennifer Brown|555-836-4545|9217 Oak Ave, Franklin|CO
7891|Michael Davis|555-258-8603|3377 Main St, Bristol|PE
7892|Mary Miller|555-765-4522|4524 Main St, Franklin|CL
7893|John Williams|555-789-8644|6307 Pine St, Bristol|MX
7894|Patricia Williams|555-614-5522|8557 Main St, Springfield|CO
7895|Patricia Brown|555-960-8809|6779 Main St, Riverside|PE
7896|Linda Jones|555-529-2537|7899 Pine St, Bristol|CL
7897|Robert Davis|555-615-5884|9363 Cedar Rd, Franklin|MX
7898|Robert Brown|555-853-7809|6308 Pine St, Franklin|CO
7899|Robert Johnson|555-238-3336|6628 Main St, Bristol|PE
7900|Mary Garcia|555-100-8591|4485 Pine St, Franklin|CL
7901|Jennifer Brown|555-338-3639|7248 Maple St, Madison|MX
7902|John Johnson|555-415-9110|3189 Pine St, Madison|CO
7903|John Davis|555-620-8830|9195 Oak Ave, Riverside|PE
7904|Mary Garcia|555-193-2476|1313 Main St, Riverside|CL
7905|Jennifer Smith|555-321-9351|2939 Maple St, Madison|MX
7906|Robert Smith|555-820-1349|7956 Pine St, Madison|CO
7907|Jennifer Miller|555-689-2388|8343 Lakeview Dr, Franklin|PE
7908|James Brown|555-332-2923|9862 Oak Ave, Madison|CL
7909|John Johnson|555-477-7505|4538 Main St, Madison|MX
7910|James Miller|555-325-1451|8624 Maple St, Riverside|CO
7911|Linda Brown|555-391-4688|236 Maple St, Bristol|PE
7912|John Miller|555-540-8074|5488 Oak Ave, Bristol|CL
7913|Robert Brown|555-802-6797|7495 Maple St, Madison|MX
7914|Mary Jones|555-990-6984|3622 Pine St, Madison|CO
7915|John Johnson|555-289-1122|8488 Main St, Greenville|PE
7916|Patricia Miller|555-327-8071|2946 Maple St, Bristol|CL
7917|Patricia Williams|555-114-3764|8391 Cedar Rd, Bristol|MX
7918|Patricia Williams|555-183-5100|470 Oak Ave, Springfield|CO
7919|Patricia Garcia|555-595-8976|5699 Oak Ave, Riverside|PE
7920|Mary Johnson|555-291-5821|4966 Lakeview Dr, Springfield|CL
7921|Jennifer Williams|555-228-7906|313 Maple St, Franklin|MX
7922|Jennifer Jones|555-976-4850|5165 Main St, Bristol|CO
7923|Patricia Miller|555-961-4589|656 Oak Ave, Riverside|PE
7924|John Garcia|555-803-3701|6050 Cedar Rd, Greenville|CL
7925|Patricia Johnson|555-960-6680|2818 Lakeview Dr, Springfield|MX
7926|Jennifer Johnson|555-599-4695|5938 Lakeview Dr, Bristol|CO
7927|Patricia Williams|555-248-7657|7507 Pine St, Franklin|PE
7928|Jennifer Davis|555-804-4102|852 Pine St, Madison|CL
7929|Robert Brown|555-318-2388|7776 Main St, Franklin|MX
7930|Jennifer Miller|555-730-2029|3935 Cedar Rd, Riverside|CO
7931|James Davis|555-805-3500|9887 Pine St, Franklin|PE
7932|John Davis|555-403-6682|3870 Maple St, Madison|CL
7933|James Johnson|555-627-4504|8012 Lakeview Dr, Bristol|MX
7934|Robert Davis|555-570-5992|1391 Maple St, Bristol|CO
7935|Robert Davis|555-752-6311|4169 Pine St, Springfield|PE
7936|Linda Johnson|555-161-3508|6027 Main St, Springfield|CL
7937|John Garcia|555-736-4425|2972 Main St, Springfield|MX
7938|Michael Davis|555-207-9479|4693 Lakeview Dr, Greenville|CO
7939|Patricia Jones|555-754-5692|1653 Pine St, Greenville|PE
7940|Robert Brown|555-503-4540|6485 Maple St, Springfield|CL
7941|Robert Smith|555-610-2330|4653 Oak Ave, Riverside|MX
7942|Robert Williams|555-814-4046|6547 Oak Ave, Riverside|CO
7943|Jennifer Johnson|555-413-1812|4733 Pine St, Franklin|PE
7944|Michael Smith|555-108-4496|7542 Lakeview Dr, Madison|CL
7945|Jennifer Smith|555-868-7937|4575 Maple St, Madison|MX
7946|Mary Johnson|555-962-9321|2843 Cedar Rd, Springfield|CO
7947|Robert Davis|555-895-8723|7607 Pine St, Greenville|PE
7948|Patricia Garcia|555-778-6601|8846 Pine St, Franklin|CL
7949|Jennifer Williams|555-108-8865|2086 Maple St, Bristol|MX
7950|Patricia Miller|555-331-9377|668 Maple St, Madison|CO
7951|Jennifer Davis|555-252-4768|546 Pine St, Franklin|PE
7952|James Johnson|555-693-7395|4864 Main St, Greenville|CL
7953|James Miller|555-856-2591|9083 Pine St, Springfield|MX
7954|Linda Williams|555-688-2054|5179 Main St, Springfield|CO
7955|Linda Williams|555-656-9061|9657 Lakeview Dr, Franklin|PE
7956|Linda Jones|555-740-6060|4334 Pine St, Springfield|CL
7957|Jennifer Williams|555-786-4239|2282 Maple St, Greenville|MX
7958|John Johnson|555-414-8055|9506 Main St, Franklin|CO
7959|Linda Brown|555-475-9883|115 Pine St, Springfield|PE
7960|Michael Miller|555-187-3217|2512 Cedar Rd, Springfield|CL
7961|Jennifer Brown|555-566-7683|9492 Main St, Bristol|MX
7962|Robert Miller|555-120-8398|5056 Pine St, Greenville|CO
7963|Robert Johnson|555-856-1329|7496 Main St, Bristol|PE
7964|James Miller|555-549-2954|6176 Cedar Rd, Riverside|CL
7965|Patricia Davis|555-152-4563|4410 Lakeview Dr, Greenville|MX
7966|James Smith|555-622-9397|6248 Oak Ave, Riverside|CO
7967|Robert Smith|555-848-6959|3172 Maple St, Bristol|PE
7968|John Garcia|555-796-4279|1710 Maple St, Riverside|CL
7969|John Davis|555-617-1456|1036 Pine St, Bristol|MX
7970|John Williams|555-757-9217|3365 Oak Ave, Greenville|CO
7971|Patricia Davis|555-820-3312|9201 Cedar Rd, Springfield|PE
7972|Robert Jones|555-899-3760|3837 Cedar Rd, Franklin|CL
7973|Jennifer Johnson|555-977-8892|2962 Lakeview Dr, Greenville|MX
7974|John Miller|555-713-1011|2012 Pine St, Franklin|CO
7975|Linda Davis|555-123-6474|8718 Cedar Rd, Madison|PE
7976|Patricia Miller|555-407-6493|5175 Pine St, Bristol|CL
7977|Michael Jones|555-335-7672|5790 Main St, Madison|MX
7978|Michael Davis|555-884-9796|8391 Maple St, Greenville|CO
7979|Michael Johnson|555-635-8396|5987 Cedar Rd, Franklin|PE
7980|Mary Davis|555-796-1461|9692 Cedar Rd, Madison|CL
7981|Jennifer Brown|555-930-6600|6771 Pine St, Franklin|MX
7982|Patricia Garcia|555-966-7825|1715 Cedar Rd, Greenville|CO
7983|James Garcia|555-547-9155|2222 Lakeview Dr, Franklin|PE
7984|Jennifer Davis|555-810-1736|5214 Maple St, Franklin|CL
7985|Michael Miller|555-852-8442|5888 Lakeview Dr, Riverside|MX
7986|James Miller|555-857-5951|5333 Pine St, Franklin|CO
7987|Michael Williams|555-496-5444|8024 Maple St, Bristol|PE
7988|Mary Smith|555-560-1516|7187 Oak Ave, Riverside|CL
7989|Mary Miller|555-243-1259|3245 Lakeview Dr, Greenville|MX
7990|Mary Brown|555-789-6096|1130 Main St, Riverside|CO
7991|Robert Williams|555-147-9793|4104 Main St, Greenville|PE
7992|Jennifer Johnson|555-727-3486|9181 Lakeview Dr, Madison|CL
7993|Linda Davis|555-950-2509|4049 Pine St, Bristol|MX
7994|Michael Miller|555-171-4580|3559 Maple St, Springfield|CO
7995|Jennifer Davis|555-973-2114|9545 Pine St, Riverside|PE
7996|Michael Williams|555-920-5660|8844 Main St, Springfield|CL
7997|Robert Johnson|555-908-4007|2919 Pine St, Madison|MX
7998|John Smith|555-591-4263|5770 Main St, Franklin|CO
7999|Linda Davis|555-765-7461|2104 Oak Ave, Springfield|PE
8000|James Brown|555-183-8636|631 Maple St, Madison|CL
8001|Patricia Johnson|555-480-6551|9771 Cedar Rd, Springfield|MX
8002|Linda Davis|555-301-4514|9138 Maple St, Springfield|CO
8003|Patricia Jones|555-950-6519|664 Oak Ave, Franklin|PE
8004|John Brown|555-214-6175|750 Maple St, Riverside|CL
8005|James Brown|555-488-9562|5653 Oak Ave, Greenville|MX
8006|Mary Brown|555-408-2011|8942 Pine St, Greenville|CO
8007|James Jones|555-104-1216|815 Oak Ave, Franklin|PE
8008|Mary Garcia|555-773-6918|2768 Main St, Madison|CL
8009|Michael Garcia|555-711-7407|9639 Pine St, Greenville|MX
8010|Robert Brown|555-185-1689|6758 Oak Ave, Bristol|CO
8011|Patricia Davis|555-527-5140|2374 Maple St, Riverside|PE
8012|Robert Garcia|555-903-3763|545 Maple St, Franklin|CL
8013|Linda Garcia|555-437-6708|4544 Main St, Bristol|MX
8014|Patricia Smith|555-697-4742|1134 Lakeview Dr, Bristol|CO
8015|Jennifer Jones|555-250-8432|3093 Cedar Rd, Riverside|PE
8016|Mary Brown|555-843-3986|7399 Pine St, Springfield|CL
8017|Robert Smith|555-580-5387|4132 Pine St, Springfield|MX
8018|John Jones|555-386-6541|1803 Pine St, Madison|CO
8019|Michael Williams|555-998-8111|6503 Main St, Bristol|PE
8020|Jennifer Smith|555-605-8251|7041 Main St, Springfield|CL
8021|Robert Garcia|555-287-3241|9618 Maple St, Franklin|MX
8022|Linda Williams|555-771-4878|8866 Cedar Rd, Bristol|CO
8023|Robert Williams|555-302-4692|8141 Cedar Rd, Greenville|PE
8024|John Jones|555-321-6970|4616 Oak Ave, Bristol|CL
8025|James Williams|555-477-4228|5435 Cedar Rd, Riverside|MX
8026|John Davis|555-744-1028|3865 Cedar Rd, Madison|CO
8027|Patricia Davis|555-432-1583|7132 Cedar Rd, Greenville|PE
8028|Michael Garcia|555-681-9891|3753 Oak Ave, Madison|CL
8029|Jennifer Williams|555-522-2588|1303 Cedar Rd, Franklin|MX
8030|Linda Brown|555-736-4335|6443 Maple St, Franklin|CO
8031|Mary Brown|555-862-5579|320 Oak Ave, Franklin|PE
8032|Michael Brown|555-698-7993|4524 Cedar Rd, Greenville|CL
8033|Jennifer Miller|555-359-8049|2484 Lakeview Dr, Greenville|MX
8034|Jennifer Jones|555-466-7844|6931 Oak Ave, Greenville|CO
8035|Linda Jones|555-744-7629|6380 Cedar Rd, Riverside|PE
8036|Robert Johnson|555-886-9120|9542 Main St, Springfield|CL
8037|John Smith|555-906-6418|439 Cedar Rd, Springfield|MX
8038|John Miller|555-324-7231|8904 Main St, Bristol|CO
8039|Linda Miller|555-180-8231|8263 Lakeview Dr, Bristol|PE
8040|John Brown|555-362-7185|1407 Cedar Rd, Franklin|CL
8041|Jennifer Williams|555-665-7038|752 Lakeview Dr, Greenville|MX
8042|Mary Davis|555-744-1168|3413 Oak Ave, Greenville|CO
8043|Linda Garcia|555-670-8717|7954 Pine St, Bristol|PE
8044|Mary Miller|555-299-3312|1298 Pine St, Springfield|CL
8045|James Davis|555-200-3692|8668 Pine St, Franklin|MX
8046|Robert Davis|555-752-2439|7093 Pine St, Franklin|CO
8047|Mary Johnson|555-572-5736|8450 Oak Ave, Franklin|PE
8048|Mary Davis|555-899-6427|9403 Main St, Madison|CL
8049|Mary Smith|555-606-5383|7836 Main St, Bristol|MX
8050|Jennifer Brown|555-449-8618|1767 Oak Ave, Franklin|CO
8051|Jennifer Smith|555-230-9104|5176 Maple St, Greenville|PE
8052|Michael Williams|555-584-5212|7365 Oak Ave, Bristol|CL
8053|Patricia Garcia|555-687-2533|9510 Lakeview Dr, Springfield|MX
8054|John Garcia|555-976-5341|2185 Maple St, Madison|CO
8055|Mary Smith|555-829-7964|1610 Maple St, Madison|PE
8056|Jennifer Garcia|555-301-2051|8527 Lakeview Dr, Franklin|CL
8057|Jennifer Johnson|555-853-2129|724 Oak Ave, Greenville|MX
8058|John Davis|555-645-3703|2651 Lakeview Dr, Franklin|CO
8059|John Johnson|555-109-9851|2623 Cedar Rd, Bristol|PE
8060|Robert Smith|555-271-6461|3072 Main St, Springfield|CL
8061|Linda Smith|555-618-6231|248 Pine St, Riverside|MX
8062|Linda Miller|555-804-2576|4987 Maple St, Bristol|CO
8063|Robert Williams|555-396-1601|8085 Lakeview Dr, Madison|PE
8064|Linda Williams|555-139-5331|7753 Lakeview Dr, Greenville|CL
8065|Jennifer Jones|555-763-5992|6564 Maple St, Bristol|MX
8066|Patricia Williams|555-194-2812|5021 Pine St, Bristol|CO
8067|John Johnson|555-863-8595|2332 Maple St, Franklin|PE
8068|Mary Jones|555-562-6292|5688 Cedar Rd, Franklin|CL
8069|Robert Smith|555-707-5478|2797 Cedar Rd, Greenville|MX
8070|Michael Garcia|555-384-4757|358 Maple St, Springfield|CO
8071|Michael Jones|555-164-6706|2176 Oak Ave, Franklin|PE
8072|Michael Brown|555-171-2828|3638 Pine St, Springfield|CL
8073|Linda Smith|555-472-5313|4689 Main St, Bristol|MX
8074|Robert Davis|555-508-4225|8444 Maple St, Springfield|CO
8075|Patricia Davis|555-219-3209|9234 Main St, Springfield|PE
8076|John Miller|555-475-1458|2734 Oak Ave, Springfield|CL
8077|Linda Jones|555-763-6158|292 Lakeview Dr, Springfield|MX
8078|John Jones|555-116-3384|9361 Maple St, Springfield|CO
8079|Robert Davis|555-374-9369|8468 Pine St, Bristol|PE
8080|John Garcia|555-683-5469|7059 Main St, Springfield|CL
8081|Mary Jones|555-705-4824|1662 Lakeview Dr, Greenville|MX
8082|Linda Johnson|555-853-3690|1079 Oak Ave, Greenville|CO
8083|Mary Jones|555-279-4193|8074 Cedar Rd, Greenville|PE
8084|James Brown|555-688-8293|8101 Lakeview Dr, Franklin|CL
8085|John Davis|555-805-4415|7860 Maple St, Springfield|MX
8086|Robert Williams|555-733-2092|384 Lakeview Dr, Springfield|CO
8087|John Johnson|555-561-7898|8654 Pine St, Greenville|PE
8088|John Davis|555-395-2849|5558 Maple St, Greenville|CL
8089|James Johnson|555-958-6050|5910 Lakeview Dr, Franklin|MX
8090|John Smith|555-860-4024|5751 Lakeview Dr, Franklin|CO
8091|Linda Smith|555-398-7459|4276 Pine St, Franklin|PE
8092|Patricia Smith|555-424-1954|5553 Lakeview Dr, Springfield|CL
8093|James Garcia|555-131-9974|9988 Maple St, Springfield|MX
8094|Jennifer Davis|555-256-8211|522 Main St, Springfield|CO
8095|John Garcia|555-192-1812|3013 Main St, Madison|PE
8096|James Davis|555-155-7464|5928 Oak Ave, Franklin|CL
8097|John Miller|555-119-4876|7354 Lakeview Dr, Franklin|MX
8098|Robert Johnson|555-527-7603|598 Cedar Rd, Franklin|CO
8099|Robert Williams|555-343-2293|1802 Lakeview Dr, Springfield|PE
8100|Jennifer Jones|555-579-2822|4655 Cedar Rd, Franklin|CL
8101|James Williams|555-650-1851|3089 Main St, Franklin|MX
8102|Michael Smith|555-209-7629|5968 Cedar Rd, Franklin|CO
8103|John Garcia|555-647-1473|7924 Cedar Rd, Bristol|PE
8104|Michael Davis|555-982-6666|5699 Oak Ave, Riverside|CL
8105|Jennifer Miller|555-709-2927|1199 Pine St, Riverside|MX
8106|Patricia Miller|555-564-8711|5868 Lakeview Dr, Madison|CO
8107|Jennifer Smith|555-529-1637|7187 Lakeview Dr, Greenville|PE
8108|James Jones|555-954-7154|1868 Main St, Bristol|CL
8109|Linda Johnson|555-488-8921|6747 Pine St, Bristol|MX
8110|John Jones|555-734-7948|4942 Cedar Rd, Franklin|CO
8111|Michael Davis|555-452-1958|1076 Lakeview Dr, Greenville|PE
8112|John Smith|555-981-2400|5546 Maple St, Franklin|CL
8113|James Johnson|555-148-2603|1583 Maple St, Madison|MX
8114|Robert Brown|555-785-4541|9772 Maple St, Bristol|CO
8115|Linda Williams|555-632-5413|4424 Maple St, Springfield|PE
8116|Robert Johnson|555-270-7168|9357 Lakeview Dr, Franklin|CL
8117|Patricia Williams|555-506-8184|7837 Pine St, Madison|MX
8118|Linda Smith|555-165-6270|9561 Cedar Rd, Greenville|CO
8119|Patricia Miller|555-844-8122|5593 Main St, Springfield|PE
8120|John Brown|555-213-1697|6132 Main St, Bristol|CL
8121|John Brown|555-344-7937|2123 Oak Ave, Riverside|MX
8122|John Williams|555-867-5691|2282 Maple St, Springfield|CO
8123|Mary Brown|555-495-7452|9372 Maple St, Greenville|PE
8124|Linda Johnson|555-190-6654|8669 Main St, Bristol|CL
8125|Mary Smith|555-918-6410|9218 Pine St, Greenville|MX
8126|Jennifer Garcia|555-533-1608|3148 Cedar Rd, Franklin|CO
8127|John Smith|555-756-2171|561 Lakeview Dr, Franklin|PE
8128|John Jones|555-371-6268|7916 Pine St, Bristol|CL
8129|Michael Davis|555-300-6909|5599 Lakeview Dr, Riverside|MX
8130|Mary Johnson|555-768-9306|3690 Lakeview Dr, Springfield|CO
8131|Patricia Williams|555-436-2785|8772 Pine St, Franklin|PE
8132|Mary Garcia|555-737-9704|8605 Oak Ave, Riverside|CL
8133|John Jones|555-518-4193|6062 Main St, Springfield|MX
8134|Linda Miller|555-858-5105|4860 Maple St, Franklin|CO
8135|James Garcia|555-769-3030|7974 Cedar Rd, Bristol|PE
8136|Patricia Jones|555-803-2800|783 Lakeview Dr, Bristol|CL
8137|Linda Williams|555-420-2478|9635 Maple St, Madison|MX
8138|Robert Johnson|555-285-3743|3272 Cedar Rd, Springfield|CO
8139|Robert Garcia|555-392-8953|6342 Maple St, Bristol|PE
8140|Mary Johnson|555-878-9812|9579 Maple St, Madison|CL
8141|James Johnson|555-753-8642|1192 Main St, Greenville|MX
8142|Linda Davis|555-939-7720|6572 Maple St, Franklin|CO
8143|Michael Davis|555-234-5172|1338 Cedar Rd, Franklin|PE
8144|Jennifer Miller|555-784-5229|4663 Cedar Rd, Springfield|CL
8145|Patricia Jones|555-261-3577|4666 Pine St, Riverside|MX
8146|Michael Jones|555-487-2293|6964 Pine St, Springfield|CO
8147|Michael Garcia|555-295-1428|1233 Main St, Riverside|PE
8148|John Brown|555-687-2749|7460 Oak Ave, Franklin|CL
8149|Linda Jones|555-998-1555|3828 Pine St, Bristol|MX
8150|Jennifer Garcia|555-159-7269|3002 Lakeview Dr, Springfield|CO
8151|Mary Jones|555-328-3873|8832 Lakeview Dr, Madison|PE
8152|Linda Brown|555-725-5550|2183 Cedar Rd, Springfield|CL
8153|John Davis|555-920-9638|4501 Oak Ave, Bristol|MX
8154|James Miller|555-678-4701|3817 Lakeview Dr, Springfield|CO
8155|John Brown|555-119-1845|7318 Lakeview Dr, Madison|PE
8156|Patricia Garcia|555-860-4871|6478 Oak Ave, Springfield|CL
8157|Michael Johnson|555-181-4676|6179 Lakeview Dr, Greenville|MX
8158|Robert Miller|555-248-4468|7185 Cedar Rd, Greenville|CO
8159|Robert Davis|555-883-3631|3931 Pine St, Bristol|PE
8160|Michael Jones|555-438-3845|9178 Main St, Madison|CL
8161|Jennifer Williams|555-715-9037|7172 Cedar Rd, Franklin|MX
8162|Patricia Williams|555-512-8464|1027 Main St, Greenville|CO
8163|John Johnson|555-950-4334|2317 Maple St, Madison|PE
8164|John Miller|555-637-4132|1131 Lakeview Dr, Greenville|CL
8165|Michael Davis|555-818-5048|3162 Main St, Madison|MX
8166|Patricia Jones|555-522-8630|8199 Oak Ave, Bristol|CO
8167|Patricia Brown|555-147-5182|4455 Cedar Rd, Franklin|PE
8168|Mary Jones|555-427-2645|502 Pine St, Franklin|CL
8169|Robert Garcia|555-567-3051|2241 Pine St, Madison|MX
8170|John Brown|555-866-7435|1028 Maple St, Riverside|CO
8171|John Williams|555-240-5497|2967 Lakeview Dr, Franklin|PE
8172|Michael Garcia|555-537-4356|3312 Maple St, Madison|CL
8173|John Johnson|555-802-4280|1855 Maple St, Bristol|MX
8174|Linda Smith|555-206-6376|3921 Cedar Rd, Greenville|CO
8175|Patricia Miller|555-531-3742|1312 Lakeview Dr, Bristol|PE
8176|Robert Brown|555-757-3311|6819 Lakeview Dr, Riverside|CL
8177|James Garcia|555-370-5744|1424 Lakeview Dr, Springfield|MX
8178|Patricia Brown|555-837-9281|4095 Pine St, Franklin|CO
8179|John Brown|555-841-1014|4176 Main St, Riverside|PE
8180|Michael Miller|555-888-9715|242 Lakeview Dr, Bristol|CL
8181|Jennifer Davis|555-640-9237|9326 Main St, Madison|MX
8182|Linda Smith|555-763-7083|2445 Oak Ave, Madison|CO
8183|Mary Smith|555-517-1386|4936 Main St, Madison|PE
8184|Linda Johnson|555-553-5103|4186 Main St, Greenville|CL
8185|James Miller|555-999-5538|9440 Maple St, Springfield|MX
8186|James Johnson|555-916-8138|9648 Oak Ave, Riverside|CO
8187|John Miller|555-128-3995|1118 Main St, Greenville|PE
8188|John Smith|555-427-5129|4009 Oak Ave, Bristol|CL
8189|Mary Brown|555-299-9187|6114 Maple St, Franklin|MX
8190|John Williams|555-194-1204|6457 Pine St, Riverside|CO
8191|John Smith|555-347-7667|2715 Oak Ave, Franklin|PE
8192|Linda Jones|555-556-9046|1482 Oak Ave, Madison|CL
8193|Mary Miller|555-726-1089|7364 Pine St, Madison|MX
8194|Linda Brown|555-322-8107|3336 Pine St, Riverside|CO
8195|James Smith|555-801-2126|8173 Pine St, Greenville|PE
8196|Mary Garcia|555-379-7243|9089 Lakeview Dr, Springfield|CL
8197|Michael Johnson|555-343-7398|3447 Main St, Springfield|MX
8198|Linda Johnson|555-593-1005|3944 Lakeview Dr, Madison|CO
8199|Linda Johnson|555-464-7868|7149 Cedar Rd, Madison|PE
8200|John Garcia|555-438-5533|1150 Oak Ave, Greenville|CL
8201|Linda Davis|555-324-7657|9222 Pine St, Franklin|MX
8202|John Brown|555-302-7108|5425 Cedar Rd, Bristol|CO
8203|Jennifer Brown|555-615-1104|8162 Oak Ave, Franklin|PE
8204|James Johnson|555-147-9154|7183 Lakeview Dr, Madison|CL
8205|Patricia Miller|555-412-4459|5884 Pine St, Madison|MX
8206|James Williams|555-879-7382|7786 Oak Ave, Springfield|CO
8207|James Brown|555-872-6592|860 Oak Ave, Springfield|PE
8208|Michael Garcia|555-545-8679|1130 Pine St, Bristol|CL
8209|John Miller|555-749-2620|7692 Maple St, Springfield|MX
8210|Linda Brown|555-149-3816|4155 Oak Ave, Greenville|CO
8211|Robert Jones|555-969-7979|4893 Main St, Greenville|PE
8212|Jennifer Smith|555-864-6856|8114 Maple St, Riverside|CL
8213|Linda Miller|555-994-7871|1427 Maple St, Springfield|MX
8214|Mary Williams|555-914-2315|4328 Maple St, Madison|CO
8215|Michael Smith|555-815-6802|3091 Oak Ave, Franklin|PE
8216|Michael Smith|555-793-4126|4894 Pine St, Greenville|CL
8217|Mary Brown|555-712-7828|8751 Cedar Rd, Franklin|MX
8218|Michael Garcia|555-139-2457|9006 Maple St, Madison|CO
8219|Linda Johnson|555-319-9911|2368 Main St, Greenville|PE
8220|Jennifer Jones|555-783-1800|4051 Cedar Rd, Bristol|CL
8221|Robert Jones|555-555-4090|567 Maple St, Bristol|MX
8222|James Smith|555-687-7524|6640 Main St, Greenville|CO
8223|John Garcia|555-930-6350|3063 Oak Ave, Greenville|PE
8224|Mary Williams|555-226-8565|2439 Lakeview Dr, Franklin|CL
8225|James Miller|555-216-9140|8839 Main St, Franklin|MX
8226|Patricia Johnson|555-309-1632|8594 Maple St, Bristol|CO
8227|Patricia Smith|555-646-3020|8385 Lakeview Dr, Riverside|PE
8228|Michael Davis|555-430-9942|8431 Oak Ave, Franklin|CL
8229|Patricia Williams|555-296-3683|9337 Maple St, Springfield|MX
8230|Mary Williams|555-926-5101|3275 Cedar Rd, Franklin|CO
8231|Patricia Garcia|555-254-4195|3322 Oak Ave, Springfield|PE
8232|Mary Davis|555-382-9976|3945 Oak Ave, Madison|CL
8233|Michael Miller|555-465-2910|2349 Oak Ave, Madison|MX
8234|Mary Smith|555-517-2290|656 Main St, Madison|CO
8235|Jennifer Davis|555-607-2493|5886 Maple St, Springfield|PE
8236|Patricia Smith|555-408-4445|7678 Cedar Rd, Bristol|CL
8237|Robert Miller|555-824-2980|8382 Maple St, Madison|MX
8238|Robert Smith|555-689-3170|5213 Maple St, Franklin|CO
8239|James Brown|555-544-8028|6366 Cedar Rd, Franklin|PE
8240|James Smith|555-196-5447|8644 Lakeview Dr, Bristol|CL
8241|Robert Jones|555-852-5546|9494 Pine St, Bristol|MX
8242|John Miller|555-970-2545|9155 Main St, Springfield|CO
8243|Linda Garcia|555-899-2985|7906 Pine St, Greenville|PE
8244|Patricia Miller|555-360-6713|7801 Lakeview Dr, Springfield|CL
8245|Jennifer Garcia|555-303-9768|2764 Main St, Greenville|MX
8246|Robert Brown|555-482-9390|1366 Lakeview Dr, Madison|CO
8247|Patricia Smith|555-202-2212|7010 Pine St, Franklin|PE
8248|Mary Miller|555-335-6050|8753 Maple St, Greenville|CL
8249|Jennifer Davis|555-713-2487|9923 Cedar Rd, Riverside|MX
8250|Mary Jones|555-700-4033|3285 Maple St, Franklin|CO
8251|Michael Garcia|555-596-9369|9294 Maple St, Greenville|PE
8252|John Miller|555-349-5847|3709 Main St, Madison|CL
8253|Robert Williams|555-799-4764|2332 Lakeview Dr, Greenville|MX
8254|Robert Williams|555-494-1349|8201 Oak Ave, Bristol|CO
8255|Mary Brown|555-486-5291|7429 Main St, Franklin|PE
8256|Linda Miller|555-653-2167|5659 Maple St, Bristol|CL
8257|Patricia Williams|555-527-9214|4472 Lakeview Dr, Springfield|MX
8258|Linda Brown|555-473-4586|6707 Lakeview Dr, Madison|CO
8259|Patricia Davis|555-397-2718|1819 Maple St, Bristol|PE
8260|Linda Garcia|555-478-1607|5326 Main St, Riverside|CL
8261|James Smith|555-866-4644|9613 Pine St, Madison|MX
8262|Linda Jones|555-923-3979|5144 Pine St, Riverside|CO
8263|Michael Johnson|555-917-1331|5333 Lakeview Dr, Franklin|PE
8264|Linda Brown|555-512-8968|3305 Cedar Rd, Greenville|CL
8265|Robert Jones|555-622-4669|5270 Lakeview Dr, Franklin|MX
8266|Michael Davis|555-481-1829|6561 Main St, Bristol|CO
8267|Patricia Johnson|555-366-8782|1559 Maple St, Riverside|PE
8268|Mary Smith|555-765-5455|2959 Lakeview Dr, Bristol|CL
8269|Jennifer Johnson|555-746-2225|3590 Oak Ave, Springfield|MX
8270|Jennifer Garcia|555-870-4902|9001 Lakeview Dr, Madison|CO
8271|John Davis|555-540-5634|8589 Maple St, Greenville|PE
8272|Michael Davis|555-466-8624|7912 Main St, Springfield|CL
8273|Michael Smith|555-523-4791|4668 Lakeview Dr, Bristol|MX
8274|James Williams|555-924-6773|3458 Pine St, Madison|CO
8275|Patricia Miller|555-218-1615|4595 Lakeview Dr, Madison|PE
8276|James Garcia|555-495-6976|4678 Pine St, Riverside|CL
8277|Michael Smith|555-761-9356|7120 Maple St, Riverside|MX
8278|Michael Garcia|555-864-2057|4608 Oak Ave, Springfield|CO
8279|Patricia Jones|555-595-9650|9421 Pine St, Greenville|PE
8280|John Brown|555-688-4605|9309 Pine St, Springfield|CL
8281|Jennifer Jones|555-453-9427|9342 Main St, Riverside|MX
8282|Patricia Brown|555-821-5841|6105 Pine St, Greenville|CO
8283|John Miller|555-166-3232|6498 Main St, Greenville|PE
8284|James Smith|555-915-6006|3109 Oak Ave, Bristol|CL
8285|Jennifer Garcia|555-314-7206|1510 Oak Ave, Franklin|MX
8286|James Williams|555-413-4547|4504 Pine St, Madison|CO
8287|James Davis|555-290-7134|9549 Main St, Riverside|PE
8288|John Williams|555-378-1842|633 Oak Ave, Springfield|CL
8289|Michael Miller|555-805-9678|2097 Oak Ave, Greenville|MX
8290|Michael Garcia|555-107-6881|999 Pine St, Madison|CO
8291|John Brown|555-203-9366|3150 Cedar Rd, Riverside|PE
8292|Robert Johnson|555-206-5243|7692 Pine St, Greenville|CL
8293|Robert Johnson|555-785-1997|7583 Pine St, Bristol|MX
8294|Jennifer Williams|555-159-1371|4258 Oak Ave, Bristol|CO
8295|John Smith|555-282-3186|7537 Maple St, Springfield|PE
8296|James Miller|555-227-4947|2789 Oak Ave, Franklin|CL
8297|Linda Jones|555-200-4122|340 Maple St, Riverside|MX
8298|Patricia Jones|555-989-9013|4326 Cedar Rd, Madison|CO
8299|Robert Davis|555-520-2476|9890 Lakeview Dr, Madison|PE
8300|Linda Williams|555-647-3283|4073 Maple St, Riverside|CL
8301|Patricia Smith|555-965-5779|3694 Cedar Rd, Franklin|MX
8302|James Davis|555-548-8462|7578 Pine St, Springfield|CO
8303|Michael Johnson|555-238-6518|6149 Oak Ave, Riverside|PE
8304|John Williams|555-680-8965|4639 Oak Ave, Riverside|CL
8305|Jennifer Smith|555-280-8540|644 Lakeview Dr, Bristol|MX
8306|James Jones|555-775-4729|4597 Pine St, Bristol|CO
8307|Mary Johnson|555-507-9622|5582 Pine St, Springfield|PE
8308|Robert Williams|555-273-1518|3680 Cedar Rd, Riverside|CL
8309|Jennifer Brown|555-148-7213|9505 Lakeview Dr, Madison|MX
8310|Robert Davis|555-512-1582|2488 Maple St, Springfield|CO
8311|Michael Miller|555-904-7217|5649 Oak Ave, Springfield|PE
8312|James Miller|555-940-4850|8677 Lakeview Dr, Riverside|CL
8313|James Jones|555-260-5116|2005 Lakeview Dr, Madison|MX
8314|Mary Davis|555-969-6207|9284 Pine St, Franklin|CO
8315|Mary Brown|555-175-6758|5516 Maple St, Riverside|PE
8316|James Miller|555-138-6747|1370 Main St, Riverside|CL
8317|Patricia Garcia|555-383-7685|3775 Oak Ave, Springfield|MX
8318|John Jones|555-419-1722|4550 Pine St, Bristol|CO
8319|Robert Davis|555-659-5268|6770 Lakeview Dr, Springfield|PE
8320|Jennifer Miller|555-510-6176|6450 Cedar Rd, Greenville|CL
8321|Linda Jones|555-664-4752|9724 Cedar Rd, Greenville|MX
8322|Linda Williams|555-599-9444|7869 Cedar Rd, Franklin|CO
8323|Linda Smith|555-791-7673|1993 Cedar Rd, Riverside|PE
8324|Robert Miller|555-836-6046|2963 Maple St, Riverside|CL
8325|Jennifer Miller|555-559-2462|3131 Main St, Franklin|MX
8326|Jennifer Miller|555-431-1292|2501 Main St, Bristol|CO
8327|Patricia Garcia|555-236-5943|9849 Main St, Springfield|PE
8328|Michael Jones|555-661-9664|552 Cedar Rd, Springfield|CL
8329|Robert Williams|555-314-9191|473 Lakeview Dr, Bristol|MX
8330|Michael Davis|555-580-6399|6043 Cedar Rd, Madison|CO
8331|Jennifer Johnson|555-259-2047|6345 Cedar Rd, Madison|PE
8332|Linda Miller|555-938-8251|9545 Maple St, Franklin|CL
8333|James Jones|555-901-6752|5596 Cedar Rd, Springfield|MX
8334|Jennifer Brown|555-141-1925|4375 Lakeview Dr, Franklin|CO
8335|Robert Brown|555-950-6568|1823 Lakeview Dr, Springfield|PE
8336|Mary Brown|555-278-8875|2813 Lakeview Dr, Springfield|CL
8337|John Johnson|555-381-5452|970 Cedar Rd, Greenville|MX
8338|Robert Miller|555-511-9468|9662 Maple St, Springfield|CO
8339|Patricia Davis|555-131-8127|585 Main St, Bristol|PE
8340|James Smith|555-700-7815|1782 Maple St, Greenville|CL
8341|Michael Miller|555-342-1918|2663 Lakeview Dr, Bristol|MX
8342|Mary Garcia|555-741-7312|6379 Cedar Rd, Greenville|CO
8343|James Jones|555-703-5112|7094 Pine St, Bristol|PE
8344|Patricia Williams|555-912-4346|7451 Oak Ave, Bristol|CL
8345|James Johnson|555-721-8196|6974 Pine St, Greenville|MX
8346|Michael Johnson|555-765-3249|4701 Cedar Rd, Greenville|CO
8347|Linda Miller|555-909-7163|9156 Maple St, Riverside|PE
8348|John Davis|555-576-6898|3732 Lakeview Dr, Greenville|CL
8349|Robert Jones|555-150-7569|2407 Main St, Riverside|MX
8350|James Garcia|555-103-3438|3390 Pine St, Bristol|CO
8351|John Garcia|555-261-6270|743 Main St, Bristol|PE
8352|James Miller|555-432-8593|3677 Oak Ave, Greenville|CL
8353|Patricia Williams|555-763-9390|6185 Cedar Rd, Franklin|MX
8354|Robert Johnson|555-815-2677|1095 Cedar Rd, Franklin|CO
8355|Mary Miller|555-637-7456|2169 Lakeview Dr, Greenville|PE
8356|Michael Garcia|555-237-7503|4869 Main St, Greenville|CL
8357|Patricia Williams|555-469-2896|9440 Maple St, Madison|MX
8358|Patricia Brown|555-426-4648|5515 Pine St, Madison|CO
8359|Mary Williams|555-135-9600|3006 Main St, Greenville|PE
8360|Jennifer Williams|555-173-6089|8097 Oak Ave, Riverside|CL
8361|Jennifer Williams|555-870-9356|379 Maple St, Madison|MX
8362|John Garcia|555-327-6311|4013 Oak Ave, Madison|CO
8363|James Miller|555-865-4948|1504 Cedar Rd, Greenville|PE
8364|Robert Miller|555-764-5464|7488 Maple St, Madison|CL
8365|John Smith|555-278-3716|357 Lakeview Dr, Bristol|MX
8366|Michael Williams|555-426-9400|2374 Pine St, Riverside|CO
8367|Michael Jones|555-779-7792|5243 Maple St, Riverside|PE
8368|Mary Brown|555-843-9438|5041 Oak Ave, Springfield|CL
8369|Michael Johnson|555-856-5897|4503 Cedar Rd, Riverside|MX
8370|Mary Johnson|555-161-6351|7159 Pine St, Springfield|CO
8371|John Williams|555-129-3197|5470 Oak Ave, Madison|PE
8372|Patricia Johnson|555-430-4494|4632 Main St, Riverside|CL
8373|James Williams|555-279-4977|1123 Main St, Greenville|MX
8374|Jennifer Jones|555-973-2433|7281 Cedar Rd, Bristol|CO
8375|John Williams|555-519-7321|4764 Pine St, Springfield|PE
8376|Michael Williams|555-911-4177|3810 Oak Ave, Franklin|CL
8377|Robert Smith|555-835-9238|9684 Main St, Riverside|MX
8378|Robert Jones|555-909-4974|7522 Oak Ave, Riverside|CO
8379|Patricia Miller|555-488-9532|907 Main St, Bristol|PE
8380|James Davis|555-806-6519|3086 Pine St, Greenville|CL
8381|Patricia Johnson|555-477-1377|8797 Maple St, Springfield|MX
8382|John Brown|555-795-4837|8359 Maple St, Madison|CO
8383|Linda Johnson|555-888-2507|2167 Cedar Rd, Madison|PE
8384|Mary Davis|555-662-3091|6210 Oak Ave, Madison|CL
8385|Robert Brown|555-670-2336|9714 Cedar Rd, Springfield|MX
8386|Linda Miller|555-357-7415|769 Oak Ave, Bristol|CO
8387|Jennifer Jones|555-211-2016|2819 Cedar Rd, Bristol|PE
8388|Patricia Williams|555-463-4045|4484 Oak Ave, Madison|CL
8389|Robert Johnson|555-496-4026|3876 Maple St, Riverside|MX
8390|Michael Miller|555-134-7635|5595 Cedar Rd, Franklin|CO
8391|Michael Smith|555-863-3610|1741 Lakeview Dr, Franklin|PE
8392|Michael Williams|555-341-7573|2792 Pine St, Riverside|CL
8393|Jennifer Davis|555-102-3750|1000 Maple St, Riverside|MX
8394|Mary Miller|555-614-8512|2956 Cedar Rd, Madison|CO
8395|Patricia Davis|555-104-3525|7295 Pine St, Madison|PE
8396|Michael Jones|555-564-1274|3340 Oak Ave, Riverside|CL
8397|Mary Jones|555-283-7726|767 Main St, Franklin|MX
8398|Mary Johnson|555-979-9676|4776 Maple St, Riverside|CO
8399|John Williams|555-288-3403|4626 Maple St, Franklin|PE
8400|Patricia Miller|555-947-3913|1984 Main St, Springfield|CL
8401|Patricia Brown|555-259-5247|8747 Pine St, Springfield|MX
8402|Patricia Johnson|555-482-8639|1456 Lakeview Dr, Springfield|CO
8403|John Davis|555-818-4406|877 Maple St, Springfield|PE
8404|Michael Johnson|555-877-8601|5037 Oak Ave, Franklin|CL
8405|Mary Davis|555-789-7030|7929 Pine St, Riverside|MX
8406|Michael Smith|555-941-7363|4664 Oak Ave, Greenville|CO
8407|Jennifer Williams|555-717-6658|3324 Pine St, Greenville|PE
8408|John Smith|555-753-9578|4623 Maple St, Madison|CL
8409|Michael Brown|555-336-7311|699 Cedar Rd, Bristol|MX
8410|Patricia Brown|555-997-6642|6577 Pine St, Franklin|CO
8411|James Smith|555-664-8847|8106 Main St, Franklin|PE
8412|Jennifer Garcia|555-176-9267|8259 Main St, Greenville|CL
8413|Michael Jones|555-135-4633|3062 Main St, Springfield|MX
8414|Linda Jones|555-844-4124|8371 Maple St, Greenville|CO
8415|Patricia Davis|555-707-4662|2526 Lakeview Dr, Riverside|PE
8416|Robert Smith|555-804-7643|264 Cedar Rd, Springfield|CL
8417|Linda Williams|555-727-4359|1253 Main St, Riverside|MX
8418|Michael Miller|555-788-7828|6103 Main St, Franklin|CO
8419|Michael Brown|555-966-6990|1028 Oak Ave, Riverside|PE
8420|James Jones|555-573-6030|3484 Main St, Riverside|CL
8421|James Davis|555-217-8181|9408 Maple St, Riverside|MX
8422|Patricia Jones|555-395-7565|8393 Cedar Rd, Greenville|CO
8423|Michael Johnson|555-235-6237|2161 Lakeview Dr, Bristol|PE
8424|Jennifer Davis|555-493-7345|9264 Main St, Madison|CL
8425|John Williams|555-699-8953|9044 Pine St, Madison|MX
8426|Linda Brown|555-576-5105|784 Cedar Rd, Bristol|CO
8427|James Williams|555-677-9195|1973 Main St, Springfield|PE
8428|Jennifer Davis|555-931-1676|1744 Maple St, Springfield|CL
8429|John Johnson|555-420-6326|1827 Main St, Springfield|MX
8430|Mary Miller|555-857-7934|3758 Main St, Greenville|CO
8431|John Miller|555-289-3242|6410 Oak Ave, Riverside|PE
8432|James Smith|555-328-1132|9076 Main St, Springfield|CL
8433|Jennifer Garcia|555-769-3581|738 Pine St, Madison|MX
8434|Mary Smith|555-779-6236|3993 Cedar Rd, Riverside|CO
8435|James Garcia|555-730-7230|280 Main St, Madison|PE
8436|Jennifer Brown|555-548-7580|752 Lakeview Dr, Franklin|CL
8437|Jennifer Davis|555-517-9793|6459 Main St, Bristol|MX
8438|Linda Williams|555-357-6138|6611 Pine St, Greenville|CO
8439|James Davis|555-585-9658|2118 Lakeview Dr, Bristol|PE
8440|Linda Miller|555-752-3379|4984 Lakeview Dr, Franklin|CL
8441|John Davis|555-484-4003|2487 Lakeview Dr, Franklin|MX
8442|Robert Davis|555-859-9365|8980 Lakeview Dr, Riverside|CO
8443|John Garcia|555-746-4781|4521 Maple St, Madison|PE
8444|Michael Brown|555-122-5655|8349 Pine St, Riverside|CL
8445|John Miller|555-645-2056|7668 Main St, Bristol|MX
8446|Robert Garcia|555-558-9654|7860 Main St, Madison|CO
8447|Jennifer Williams|555-947-3582|2858 Pine St, Bristol|PE
8448|Linda Johnson|555-100-1461|8657 Main St, Springfield|CL
8449|Michael Brown|555-692-3285|2645 Oak Ave, Franklin|MX
8450|Patricia Brown|555-696-1857|4821 Lakeview Dr, Riverside|CO
8451|James Garcia|555-284-8916|4043 Oak Ave, Franklin|PE
8452|Michael Davis|555-497-7790|5855 Main St, Springfield|CL
8453|Michael Jones|555-909-2247|2924 Lakeview Dr, Madison|MX
8454|Linda Miller|555-923-6693|5342 Pine St, Franklin|CO
8455|John Williams|555-561-5422|7837 Oak Ave, Franklin|PE
8456|Linda Davis|555-192-4970|2964 Maple St, Springfield|CL
8457|John Garcia|555-704-3218|1608 Maple St, Riverside|MX
8458|Michael Jones|555-272-1110|5408 Maple St, Springfield|CO
8459|Patricia Johnson|555-629-1542|2681 Lakeview Dr, Springfield|PE
8460|Michael Davis|555-739-8786|6570 Maple St, Springfield|CL
8461|Patricia Davis|555-598-2493|4004 Cedar Rd, Riverside|MX
8462|John Brown|555-142-1230|5767 Cedar Rd, Greenville|CO
8463|James Davis|555-492-7481|2005 Main St, Franklin|PE
8464|Robert Brown|555-929-8188|9707 Lakeview Dr, Bristol|CL
8465|Linda Davis|555-890-3335|993 Lakeview Dr, Franklin|MX
8466|Robert Brown|555-273-7669|8672 Oak Ave, Greenville|CO
8467|Mary Jones|555-489-5183|7169 Main St, Madison|PE
8468|Patricia Davis|555-869-8872|3902 Maple St, Bristol|CL
8469|Patricia Williams|555-307-7278|559 Oak Ave, Franklin|MX
8470|Michael Miller|555-863-6132|7852 Cedar Rd, Franklin|CO
8471|Robert Johnson|555-198-9823|5936 Oak Ave, Riverside|PE
8472|Mary Miller|555-924-3920|9869 Pine St, Madison|CL
8473|Jennifer Garcia|555-898-8702|9932 Oak Ave, Riverside|MX
8474|Robert Smith|555-467-5566|1128 Maple St, Greenville|CO
8475|Patricia Brown|555-472-5866|6748 Main St, Greenville|PE
8476|Mary Williams|555-154-7399|2568 Pine St, Franklin|CL
8477|Michael Smith|555-505-7683|4543 Pine St, Bristol|MX
8478|Mary Jones|555-286-2061|9829 Maple St, Madison|CO
8479|Patricia Jones|555-483-1613|5309 Cedar Rd, Riverside|PE
8480|Mary Brown|555-299-9618|8607 Lakeview Dr, Springfield|CL
8481|Linda Brown|555-165-5742|9616 Cedar Rd, Springfield|MX
8482|Linda Jones|555-201-4026|3201 Oak Ave, Bristol|CO
8483|John Miller|555-519-8123|4000 Lakeview Dr, Madison|PE
8484|Michael Miller|555-615-9978|574 Maple St, Franklin|CL
8485|Mary Brown|555-353-2620|7513 Maple St, Greenville|MX
8486|Linda Garcia|555-984-3461|477 Pine St, Bristol|CO
8487|Linda Smith|555-810-2619|8531 Oak Ave, Greenville|PE
8488|Jennifer Jones|555-814-5742|5312 Oak Ave, Franklin|CL
8489|James Miller|555-417-2154|537 Maple St, Madison|MX
8490|Linda Jones|555-124-6355|3877 Oak Ave, Madison|CO
8491|James Jones|555-912-2189|3406 Lakeview Dr, Bristol|PE
8492|Linda Johnson|555-703-9653|9619 Lakeview Dr, Riverside|CL
8493|John Jones|555-523-4594|5543 Pine St, Madison|MX
8494|Mary Miller|555-132-2243|5557 Main St, Franklin|CO
8495|Mary Miller|555-143-3894|6665 Main St, Franklin|PE
8496|Robert Miller|555-474-3925|5352 Oak Ave, Madison|CL
8497|Linda Miller|555-163-5217|9028 Pine St, Springfield|MX
8498|Michael Johnson|555-861-1306|8709 Cedar Rd, Franklin|CO
8499|Jennifer Miller|555-835-6158|189 Oak Ave, Franklin|PE
8500|Mary Garcia|555-340-7627|8321 Oak Ave, Springfield|CL
8501|James Smith|555-514-1216|4850 Maple St, Springfield|MX
8502|Jennifer Jones|555-597-2810|9451 Pine St, Bristol|CO
8503|Michael Williams|555-288-8201|7617 Lakeview Dr, Greenville|PE
8504|Michael Jones|555-207-7711|9812 Main St, Greenville|CL
8505|Patricia Jones|555-774-6923|1096 Pine St, Springfield|MX
8506|Patricia Jones|555-893-1446|9326 Main St, Greenville|CO
8507|Michael Garcia|555-857-3876|922 Maple St, Springfield|PE
8508|Michael Brown|555-949-1470|923 Main St, Madison|CL
8509|Patricia Smith|555-487-7793|9178 Lakeview Dr, Madison|MX
8510|Patricia Smith|555-616-6554|7284 Maple St, Springfield|CO
8511|Jennifer Williams|555-565-8092|1479 Maple St, Springfield|PE
8512|Mary Smith|555-790-2314|7488 Cedar Rd, Riverside|CL
8513|James Jones|555-687-6539|1209 Main St, Madison|MX
8514|Michael Johnson|555-829-4494|5983 Pine St, Madison|CO
8515|John Davis|555-621-5799|2778 Pine St, Bristol|PE
8516|Jennifer Williams|555-598-1919|4373 Main St, Bristol|CL
8517|John Smith|555-802-3715|9342 Lakeview Dr, Bristol|MX
8518|Robert Jones|555-922-2134|3422 Maple St, Greenville|CO
8519|Jennifer Williams|555-408-2777|548 Maple St, Springfield|PE
8520|Patricia Smith|555-758-2842|3065 Oak Ave, Springfield|CL
8521|John Williams|555-308-6675|2968 Cedar Rd, Springfield|MX
8522|John Smith|555-884-9151|3160 Maple St, Bristol|CO
8523|Robert Jones|555-817-1111|6178 Main St, Bristol|PE
8524|Jennifer Williams|555-832-4793|5190 Main St, Greenville|CL
8525|Robert Smith|555-783-9511|7896 Pine St, Madison|MX
8526|John Johnson|555-845-7501|1678 Main St, Riverside|CO
8527|John Davis|555-575-7810|4060 Oak Ave, Greenville|PE
8528|Mary Smith|555-688-6701|4011 Main St, Springfield|CL
8529|James Johnson|555-744-5509|149 Pine St, Springfield|MX
8530|Linda Williams|555-921-6228|7668 Cedar Rd, Bristol|CO
8531|John Williams|555-383-8575|8226 Main St, Bristol|PE
8532|John Jones|555-511-2692|3107 Maple St, Madison|CL
8533|Linda Smith|555-850-9024|2132 Maple St, Riverside|MX
8534|Linda Brown|555-538-2867|5698 Cedar Rd, Madison|CO
8535|Michael Davis|555-716-5786|8290 Oak Ave, Bristol|PE
8536|Linda Miller|555-926-7409|9174 Maple St, Bristol|CL
8537|Mary Williams|555-381-4096|1780 Pine St, Bristol|MX
8538|John Johnson|555-770-4363|8945 Main St, Riverside|CO
8539|Jennifer Brown|555-584-6301|5902 Cedar Rd, Bristol|PE
8540|Mary Smith|555-363-3908|617 Pine St, Riverside|CL
8541|John Williams|555-131-5177|3379 Pine St, Madison|MX
8542|Robert Davis|555-410-2640|477 Pine St, Riverside|CO
8543|Linda Brown|555-582-3866|695 Pine St, Springfield|PE
8544|Linda Brown|555-621-1208|1312 Main St, Greenville|CL
8545|Linda Smith|555-764-2265|1984 Cedar Rd, Springfield|MX
8546|John Brown|555-923-9179|992 Cedar Rd, Madison|CO
8547|Mary Miller|555-520-4172|1368 Lakeview Dr, Franklin|PE
8548|Jennifer Johnson|555-642-4088|1129 Main St, Bristol|CL
8549|Michael Williams|555-135-4292|5500 Main St, Franklin|MX
8550|Linda Miller|555-971-9485|5645 Main St, Bristol|CO
8551|Michael Williams|555-733-2498|5945 Maple St, Springfield|PE
8552|Patricia Smith|555-180-2140|9853 Maple St, Greenville|CL
8553|Patricia Davis|555-133-2295|1602 Cedar Rd, Franklin|MX
8554|Jennifer Garcia|555-539-5439|6687 Oak Ave, Riverside|CO
8555|Michael Garcia|555-374-6467|4624 Cedar Rd, Franklin|PE
8556|Mary Garcia|555-461-8687|1877 Main St, Franklin|CL
8557|Mary Williams|555-999-5969|6251 Main St, Riverside|MX
8558|Patricia Garcia|555-479-3286|7257 Cedar Rd, Madison|CO
8559|Jennifer Williams|555-788-1621|6472 Main St, Madison|PE
8560|Michael Garcia|555-549-7824|6290 Main St, Springfield|CL
8561|Jennifer Brown|555-407-6980|1658 Lakeview Dr, Madison|MX
8562|James Jones|555-602-9011|8363 Main St, Riverside|CO
8563|Michael Miller|555-735-7633|2869 Cedar Rd, Franklin|PE
8564|Patricia Smith|555-925-5217|984 Oak Ave, Springfield|CL
8565|Jennifer Johnson|555-681-7981|6327 Pine St, Riverside|MX
8566|James Miller|555-132-3233|655 Maple St, Franklin|CO
8567|Michael Smith|555-180-6607|7057 Lakeview Dr, Franklin|PE
8568|Linda Smith|555-214-3949|3700 Oak Ave, Springfield|CL
8569|Mary Brown|555-947-9580|6947 Cedar Rd, Franklin|MX
8570|Linda Smith|555-943-5557|5714 Pine St, Bristol|CO
8571|Michael Brown|555-855-9337|3661 Lakeview Dr, Riverside|PE
8572|James Johnson|555-863-3893|6157 Oak Ave, Springfield|CL
8573|Patricia Jones|555-381-2636|6236 Cedar Rd, Madison|MX
8574|Patricia Davis|555-955-6080|2942 Main St, Riverside|CO
8575|Mary Williams|555-685-8016|2986 Cedar Rd, Madison|PE
8576|John Smith|555-759-3681|3737 Main St, Riverside|CL
8577|John Smith|555-520-9693|8327 Maple St, Bristol|MX
8578|Robert Smith|555-532-1564|9795 Maple St, Greenville|CO
8579|Patricia Brown|555-278-7231|9087 Lakeview Dr, Greenville|PE
8580|Linda Johnson|555-753-2814|1037 Pine St, Riverside|CL
8581|Patricia Williams|555-129-4277|4399 Main St, Bristol|MX
8582|Linda Davis|555-613-9573|6513 Cedar Rd, Greenville|CO
8583|Linda Smith|555-664-3400|6330 Cedar Rd, Springfield|PE
8584|Mary Miller|555-242-9034|1866 Maple St, Franklin|CL
8585|Patricia Garcia|555-996-5712|8499 Main St, Madison|MX
8586|John Brown|555-185-4119|6009 Pine St, Riverside|CO
8587|James Jones|555-391-8209|1334 Lakeview Dr, Bristol|PE
8588|Michael Miller|555-734-9183|2034 Oak Ave, Madison|CL
8589|Linda Garcia|555-791-7652|7449 Lakeview Dr, Bristol|MX
8590|Mary Brown|555-794-3009|368 Lakeview Dr, Springfield|CO
8591|Michael Jones|555-681-7071|2265 Cedar Rd, Springfield|PE
8592|Mary Brown|555-531-5602|9894 Pine St, Greenville|CL
8593|Mary Davis|555-870-7524|3272 Main St, Greenville|MX
8594|Michael Davis|555-755-6033|9584 Maple St, Riverside|CO
8595|Linda Garcia|555-682-2879|7740 Pine St, Bristol|PE
8596|Jennifer Davis|555-204-6180|1069 Pine St, Springfield|CL
8597|Robert Johnson|555-256-8683|4229 Cedar Rd, Springfield|MX
8598|Robert Davis|555-620-1212|8744 Main St, Madison|CO
8599|Mary Smith|555-938-7808|1370 Oak Ave, Springfield|PE
8600|Mary Brown|555-732-2485|1594 Oak Ave, Madison|CL
8601|Jennifer Miller|555-990-8558|8379 Oak Ave, Greenville|MX
8602|John Garcia|555-678-3378|7776 Cedar Rd, Madison|CO
8603|Jennifer Jones|555-589-1701|6726 Main St, Madison|PE
8604|Michael Miller|555-295-2582|2729 Oak Ave, Franklin|CL
8605|Linda Garcia|555-388-6949|7154 Cedar Rd, Riverside|MX
8606|John Brown|555-281-1981|6964 Maple St, Franklin|CO
8607|John Garcia|555-664-3192|3880 Main St, Riverside|PE
8608|Robert Miller|555-492-5299|8616 Maple St, Riverside|CL
8609|Mary Garcia|555-894-4049|474 Pine St, Franklin|MX
8610|Linda Davis|555-307-3229|5918 Main St, Madison|CO
8611|Linda Jones|555-239-7062|9535 Main St, Madison|PE
8612|Linda Johnson|555-962-9550|5831 Lakeview Dr, Riverside|CL
8613|James Jones|555-568-2019|1568 Pine St, Madison|MX
8614|John Miller|555-875-3071|9023 Oak Ave, Franklin|CO
8615|James Garcia|555-378-7582|8944 Cedar Rd, Springfield|PE
8616|Robert Garcia|555-723-1096|1873 Cedar Rd, Franklin|CL
8617|Linda Johnson|555-182-6737|6058 Maple St, Bristol|MX
8618|Mary Smith|555-671-5744|9493 Maple St, Greenville|CO
8619|Michael Miller|555-481-4939|172 Maple St, Springfield|PE
8620|James Miller|555-653-1682|5376 Cedar Rd, Madison|CL
8621|James Garcia|555-933-5919|7597 Oak Ave, Madison|MX
8622|Jennifer Davis|555-951-9276|4773 Oak Ave, Greenville|CO
8623|John Brown|555-621-4293|4989 Pine St, Greenville|PE
8624|Patricia Smith|555-963-8470|5886 Oak Ave, Madison|CL
8625|Patricia Williams|555-522-8633|2538 Pine St, Franklin|MX
8626|Mary Smith|555-744-1484|1920 Cedar Rd, Madison|CO
8627|James Jones|555-160-6860|6545 Cedar Rd, Madison|PE
8628|John Williams|555-796-7556|4233 Maple St, Bristol|CL
8629|Linda Garcia|555-516-3529|9138 Pine St, Bristol|MX
8630|Robert Garcia|555-441-5477|2683 Maple St, Riverside|CO
8631|Robert Davis|555-912-2145|7690 Maple St, Riverside|PE
8632|Mary Brown|555-779-8691|1320 Oak Ave, Springfield|CL
8633|John Johnson|555-375-9428|2292 Cedar Rd, Springfield|MX
8634|James Brown|555-851-4841|6319 Cedar Rd, Springfield|CO
8635|Linda Jones|555-311-4230|2394 Maple St, Bristol|PE
8636|Robert Smith|555-299-9749|2447 Main St, Franklin|CL
8637|Mary Jones|555-146-9004|3951 Maple St, Greenville|MX
8638|Robert Smith|555-142-5627|4248 Cedar Rd, Springfield|CO
8639|John Johnson|555-446-9319|9692 Lakeview Dr, Madison|PE
8640|Linda Williams|555-650-2479|3868 Cedar Rd, Springfield|CL
8641|Michael Jones|555-537-3703|3665 Maple St, Greenville|MX
8642|Linda Johnson|555-960-2656|3587 Main St, Riverside|CO
8643|Robert Brown|555-164-5684|1996 Pine St, Springfield|PE
8644|Patricia Garcia|555-494-7925|7119 Cedar Rd, Bristol|CL
8645|Linda Davis|555-519-1022|770 Cedar Rd, Franklin|MX
8646|Mary Johnson|555-914-5107|5261 Maple St, Madison|CO
8647|James Garcia|555-117-1346|904 Lakeview Dr, Madison|PE
8648|Michael Miller|555-332-2111|4269 Main St, Franklin|CL
8649|John Williams|555-625-3587|8610 Oak Ave, Bristol|MX
8650|John Jones|555-220-4876|9024 Oak Ave, Madison|CO
8651|Robert Johnson|555-390-8590|2318 Lakeview Dr, Madison|PE
8652|Robert Garcia|555-833-6957|5826 Lakeview Dr, Springfield|CL
8653|James Jones|555-939-1700|1801 Main St, Madison|MX
8654|John Jones|555-295-8672|9684 Maple St, Franklin|CO
8655|John Johnson|555-599-4312|8304 Lakeview Dr, Greenville|PE
8656|Linda Brown|555-676-4076|9221 Maple St, Riverside|CL
8657|James Johnson|555-208-3352|3578 Maple St, Madison|MX
8658|Linda Brown|555-494-6448|3529 Main St, Springfield|CO
8659|Patricia Garcia|555-259-5279|2657 Lakeview Dr, Franklin|PE
8660|Patricia Garcia|555-183-2996|8649 Oak Ave, Riverside|CL
8661|James Miller|555-473-6293|3449 Oak Ave, Franklin|MX
8662|Mary Miller|555-311-3811|9548 Maple St, Riverside|CO
8663|John Williams|555-133-5978|2400 Pine St, Franklin|PE
8664|Michael Williams|555-245-5800|2514 Lakeview Dr, Madison|CL
8665|James Johnson|555-353-8730|1333 Main St, Bristol|MX
8666|John Davis|555-153-5850|8715 Main St, Madison|CO
8667|Michael Williams|555-266-1781|2157 Main St, Franklin|PE
8668|Mary Davis|555-765-2871|556 Oak Ave, Franklin|CL
8669|Jennifer Smith|555-430-2002|1911 Lakeview Dr, Madison|MX
8670|Mary Jones|555-819-9646|9945 Cedar Rd, Springfield|CO
8671|Linda Miller|555-959-5427|8585 Oak Ave, Greenville|PE
8672|John Williams|555-437-9998|4658 Pine St, Springfield|CL
8673|Patricia Williams|555-209-8353|1288 Maple St, Riverside|MX
8674|Jennifer Williams|555-686-8828|6756 Cedar Rd, Madison|CO
8675|James Johnson|555-985-5396|6179 Cedar Rd, Springfield|PE
8676|James Jones|555-446-8308|158 Main St, Madison|CL
8677|Linda Brown|555-926-9388|4761 Main St, Madison|MX
8678|Linda Davis|555-606-8819|2260 Cedar Rd, Greenville|CO
8679|Jennifer Johnson|555-829-6332|2826 Pine St, Bristol|PE
8680|Patricia Williams|555-205-8290|4369 Oak Ave, Springfield|CL
8681|Linda Garcia|555-228-5728|3089 Maple St, Springfield|MX
8682|Michael Jones|555-732-5233|989 Maple St, Madison|CO
8683|Patricia Brown|555-579-1445|1007 Lakeview Dr, Greenville|PE
8684|Patricia Brown|555-326-2025|9039 Oak Ave, Springfield|CL
8685|Linda Williams|555-167-2422|9896 Pine St, Franklin|MX
8686|John Johnson|555-508-3405|8363 Pine St, Riverside|CO
8687|Jennifer Brown|555-357-8017|1069 Lakeview Dr, Riverside|PE
8688|Patricia Brown|555-791-6743|3383 Oak Ave, Riverside|CL
8689|Michael Miller|555-251-9257|5024 Pine St, Springfield|MX
8690|John Davis|555-478-6264|3446 Lakeview Dr, Madison|CO
8691|Patricia Garcia|555-120-2091|9871 Main St, Greenville|PE
8692|Robert Brown|555-327-6454|8689 Cedar Rd, Bristol|CL
8693|John Davis|555-464-7272|4174 Main St, Franklin|MX
8694|Jennifer Smith|555-816-5904|8732 Pine St, Bristol|CO
8695|Linda Miller|555-232-3097|4462 Lakeview Dr, Franklin|PE
8696|Linda Davis|555-970-3139|4571 Oak Ave, Springfield|CL
8697|James Brown|555-553-4842|3523 Lakeview Dr, Madison|MX
8698|Patricia Williams|555-527-8927|8814 Oak Ave, Franklin|CO
8699|Linda Brown|555-694-5116|9256 Cedar Rd, Greenville|PE
8700|Michael Miller|555-581-4293|3659 Maple St, Springfield|CL
8701|Jennifer Miller|555-579-3291|624 Oak Ave, Bristol|MX
8702|John Johnson|555-473-9287|7602 Oak Ave, Bristol|CO
8703|Linda Johnson|555-312-8158|1662 Lakeview Dr, Madison|PE
8704|Patricia Miller|555-448-6956|890 Lakeview Dr, Riverside|CL
8705|Jennifer Williams|555-295-1871|7717 Main St, Springfield|MX
8706|Michael Jones|555-107-1679|9815 Lakeview Dr, Madison|CO
8707|Jennifer Smith|555-843-5003|9088 Lakeview Dr, Springfield|PE
8708|Mary Williams|555-481-4659|208 Pine St, Franklin|CL
8709|Jennifer Garcia|555-723-3048|1564 Cedar Rd, Madison|MX
8710|Patricia Davis|555-472-1970|5768 Oak Ave, Riverside|CO
8711|Robert Brown|555-625-9355|466 Cedar Rd, Springfield|PE
8712|John Jones|555-455-7579|2370 Maple St, Franklin|CL
8713|Michael Garcia|555-649-6263|6500 Cedar Rd, Franklin|MX
8714|James Smith|555-617-2539|5806 Cedar Rd, Bristol|CO
8715|Robert Garcia|555-497-1926|100 Pine St, Greenville|PE
8716|Patricia Smith|555-700-4509|887 Oak Ave, Springfield|CL
8717|John Williams|555-437-6941|6045 Cedar Rd, Bristol|MX
8718|Mary Williams|555-646-6211|8278 Cedar Rd, Springfield|CO
8719|Linda Brown|555-535-5934|6713 Main St, Bristol|PE
8720|James Davis|555-443-3165|903 Oak Ave, Bristol|CL
8721|Jennifer Davis|555-104-4584|1372 Pine St, Greenville|MX
8722|John Smith|555-246-5708|7341 Lakeview Dr, Bristol|CO
8723|Jennifer Davis|555-711-3662|5979 Lakeview Dr, Madison|PE
8724|John Miller|555-433-6580|1943 Maple St, Bristol|CL
8725|John Williams|555-346-7320|2446 Pine St, Greenville|MX
8726|Michael Johnson|555-363-4451|1281 Main St, Riverside|CO
8727|Robert Smith|555-432-6886|1235 Oak Ave, Bristol|PE
8728|Mary Williams|555-930-3785|4411 Lakeview Dr, Franklin|CL
8729|Michael Smith|555-839-1475|1340 Lakeview Dr, Madison|MX
8730|Linda Brown|555-720-4718|8333 Pine St, Springfield|CO
8731|Patricia Johnson|555-234-9037|998 Main St, Riverside|PE
8732|John Garcia|555-551-1700|1448 Main St, Madison|CL
8733|James Williams|555-815-3055|2331 Pine St, Franklin|MX
8734|John Williams|555-244-9195|8872 Lakeview Dr, Madison|CO
8735|James Jones|555-585-6354|5078 Main St, Riverside|PE
8736|Robert Smith|555-211-4891|6574 Lakeview Dr, Riverside|CL
8737|Mary Davis|555-272-9606|9654 Main St, Springfield|MX
8738|Jennifer Garcia|555-748-8237|1821 Cedar Rd, Springfield|CO
8739|Jennifer Smith|555-680-3710|5481 Maple St, Greenville|PE
8740|James Johnson|555-867-1306|5774 Oak Ave, Franklin|CL
8741|Michael Miller|555-909-8052|3625 Maple St, Greenville|MX
8742|Robert Johnson|555-938-5863|2174 Lakeview Dr, Bristol|CO
8743|Michael Miller|555-215-1209|3172 Maple St, Franklin|PE
8744|Michael Garcia|555-520-3443|6767 Cedar Rd, Springfield|CL
8745|Robert Williams|555-446-3320|1138 Oak Ave, Franklin|MX
8746|James Jones|555-621-8463|2414 Cedar Rd, Franklin|CO
8747|Mary Johnson|555-424-3649|8353 Maple St, Greenville|PE
8748|Michael Williams|555-586-1824|7350 Main St, Franklin|CL
8749|Michael Miller|555-747-3932|4263 Maple St, Franklin|MX
8750|James Miller|555-232-7797|3944 Cedar Rd, Greenville|CO
8751|Michael Smith|555-775-4395|6892 Main St, Greenville|PE
8752|Michael Davis|555-612-9198|4622 Cedar Rd, Riverside|CL
8753|Patricia Jones|555-433-6068|7992 Maple St, Madison|MX
8754|John Jones|555-490-4588|7091 Lakeview Dr, Franklin|CO
8755|Jennifer Miller|555-558-9289|7254 Cedar Rd, Madison|PE
8756|Jennifer Johnson|555-828-8153|3448 Cedar Rd, Springfield|CL
8757|James Jones|555-657-8420|9405 Main St, Springfield|MX
8758|Patricia Williams|555-409-5465|9318 Oak Ave, Madison|CO
8759|Mary Smith|555-606-3689|5030 Main St, Springfield|PE
8760|Jennifer Williams|555-345-8111|6641 Pine St, Bristol|CL
8761|Jennifer Davis|555-910-5323|8579 Lakeview Dr, Bristol|MX
8762|Mary Johnson|555-122-2852|9990 Main St, Greenville|CO
8763|John Brown|555-220-6247|3216 Pine St, Franklin|PE
8764|Jennifer Miller|555-801-3077|3889 Pine St, Riverside|CL
8765|Jennifer Miller|555-987-9109|9178 Pine St, Springfield|MX
8766|James Smith|555-992-7914|2896 Oak Ave, Madison|CO
8767|Patricia Smith|555-695-7546|9212 Oak Ave, Madison|PE
8768|Patricia Miller|555-180-3295|4661 Cedar Rd, Madison|CL
8769|James Jones|555-885-1703|4848 Pine St, Greenville|MX
8770|John Davis|555-447-8037|590 Main St, Greenville|CO
8771|Linda Garcia|555-693-8255|3718 Oak Ave, Franklin|PE
8772|Linda Williams|555-233-3342|7683 Pine St, Franklin|CL
8773|Mary Williams|555-160-7507|4513 Maple St, Greenville|MX
8774|John Johnson|555-173-5776|1427 Pine St, Springfield|CO
8775|Michael Jones|555-771-7354|6954 Main St, Franklin|PE
8776|Robert Miller|555-104-8260|980 Maple St, Bristol|CL
8777|Patricia Jones|555-739-7564|8233 Main St, Bristol|MX
8778|James Williams|555-788-2407|8110 Pine St, Franklin|CO
8779|James Jones|555-584-7666|2518 Oak Ave, Bristol|PE
8780|Linda Smith|555-582-8214|620 Lakeview Dr, Franklin|CL
8781|John Garcia|555-204-4830|1951 Maple St, Bristol|MX
8782|Patricia Johnson|555-677-2545|8229 Cedar Rd, Franklin|CO
8783|Linda Miller|555-202-9598|9857 Main St, Bristol|PE
8784|Linda Williams|555-907-3306|2554 Lakeview Dr, Riverside|CL
8785|Robert Garcia|555-401-9769|768 Cedar Rd, Riverside|MX
8786|Jennifer Brown|555-143-6055|9326 Maple St, Riverside|CO
8787|Linda Davis|555-951-6826|7840 Oak Ave, Franklin|PE
8788|Linda Smith|555-102-5397|3264 Oak Ave, Greenville|CL
8789|Robert Garcia|555-318-6234|180 Lakeview Dr, Greenville|MX
8790|Michael Jones|555-502-7669|1618 Main St, Greenville|CO
8791|Patricia Davis|555-882-6058|7687 Oak Ave, Riverside|PE
8792|Patricia Brown|555-295-3706|2852 Maple St, Bristol|CL
8793|James Brown|555-170-1091|9141 Oak Ave, Madison|MX
8794|Linda Jones|555-562-9347|2853 Main St, Madison|CO
8795|Robert Garcia|555-350-8783|2706 Oak Ave, Franklin|PE
8796|Robert Garcia|555-461-1342|3420 Maple St, Riverside|CL
8797|Linda Garcia|555-463-3764|1977 Main St, Riverside|MX
8798|Linda Miller|555-357-8464|224 Cedar Rd, Bristol|CO
8799|Robert Brown|555-127-2608|6849 Lakeview Dr, Madison|PE
8800|Mary Davis|555-315-6795|1124 Oak Ave, Riverside|CL
8801|Jennifer Davis|555-518-7201|7159 Maple St, Madison|MX
8802|James Brown|555-265-4635|7010 Lakeview Dr, Madison|CO
8803|Michael Johnson|555-500-6957|6433 Cedar Rd, Madison|PE
8804|James Garcia|555-901-6074|5723 Main St, Franklin|CL
8805|Patricia Williams|555-448-4770|3849 Oak Ave, Franklin|MX
8806|Patricia Davis|555-508-9724|8592 Maple St, Greenville|CO
8807|Patricia Davis|555-648-2800|6442 Lakeview Dr, Greenville|PE
8808|Robert Davis|555-314-9956|7428 Cedar Rd, Greenville|CL
8809|Mary Smith|555-245-7970|248 Cedar Rd, Greenville|MX
8810|Patricia Brown|555-672-5367|9846 Pine St, Madison|CO
8811|Patricia Davis|555-643-4945|5800 Lakeview Dr, Bristol|PE
8812|Patricia Smith|555-949-9130|3717 Lakeview Dr, Springfield|CL
8813|James Williams|555-586-5942|4270 Pine St, Bristol|MX
8814|Michael Davis|555-203-7680|7013 Pine St, Springfield|CO
8815|Robert Miller|555-792-6583|2065 Main St, Springfield|PE
8816|Mary Johnson|555-277-1491|4999 Pine St, Bristol|CL
8817|Patricia Davis|555-778-1439|3078 Cedar Rd, Greenville|MX
8818|Linda Smith|555-970-9342|2712 Pine St, Franklin|CO
8819|John Johnson|555-621-2841|1578 Pine St, Riverside|PE
8820|John Smith|555-117-9055|8828 Pine St, Springfield|CL
8821|Michael Johnson|555-465-5923|5785 Cedar Rd, Franklin|MX
8822|Patricia Williams|555-102-7997|4759 Main St, Madison|CO
8823|Mary Davis|555-720-8250|7345 Maple St, Springfield|PE
8824|Linda Smith|555-517-8362|4620 Lakeview Dr, Riverside|CL
8825|Michael Davis|555-159-6964|5252 Maple St, Madison|MX
8826|Patricia Miller|555-911-8196|6601 Cedar Rd, Franklin|CO
8827|Patricia Davis|555-227-1828|3124 Lakeview Dr, Bristol|PE
8828|Patricia Garcia|555-688-6200|6204 Lakeview Dr, Springfield|CL
8829|Robert Smith|555-303-3732|2596 Oak Ave, Franklin|MX
8830|Michael Johnson|555-205-1510|6026 Oak Ave, Greenville|CO
8831|Patricia Brown|555-833-9860|3819 Oak Ave, Franklin|PE
8832|John Williams|555-426-8129|3821 Maple St, Greenville|CL
8833|Mary Williams|555-216-7297|6954 Maple St, Greenville|MX
8834|James Davis|555-212-8574|1433 Pine St, Madison|CO
8835|Robert Davis|555-994-6194|6779 Pine St, Madison|PE
8836|Mary Jones|555-293-4858|1770 Main St, Springfield|CL
8837|Linda Miller|555-742-4743|6701 Oak Ave, Franklin|MX
8838|Jennifer Johnson|555-352-9403|5797 Oak Ave, Riverside|CO
8839|Robert Jones|555-911-2139|658 Maple St, Franklin|PE
8840|Mary Johnson|555-666-1427|9318 Oak Ave, Franklin|CL
8841|Jennifer Jones|555-543-8425|7350 Cedar Rd, Madison|MX
8842|James Miller|555-970-9631|3200 Main St, Franklin|CO
8843|James Jones|555-803-4142|7523 Pine St, Springfield|PE
8844|Jennifer Williams|555-436-4861|7099 Lakeview Dr, Franklin|CL
8845|Patricia Miller|555-458-4572|8722 Lakeview Dr, Springfield|MX
8846|Mary Brown|555-966-1250|6306 Oak Ave, Greenville|CO
8847|Mary Williams|555-552-4215|3941 Pine St, Springfield|PE
8848|John Johnson|555-507-3659|6924 Maple St, Riverside|CL
8849|Robert Miller|555-487-4868|7983 Maple St, Riverside|MX
8850|Linda Miller|555-546-2946|4035 Pine St, Franklin|CO
8851|James Jones|555-168-4483|787 Maple St, Madison|PE
8852|Robert Miller|555-880-8475|2847 Cedar Rd, Madison|CL
8853|James Davis|555-121-6787|674 Maple St, Madison|MX
8854|Mary Davis|555-273-7430|2567 Oak Ave, Riverside|CO
8855|Linda Williams|555-688-2714|2720 Lakeview Dr, Riverside|PE
8856|Patricia Davis|555-121-9741|9484 Oak Ave, Riverside|CL
8857|Mary Williams|555-108-8770|5098 Cedar Rd, Greenville|MX
8858|Michael Johnson|555-150-7198|6559 Lakeview Dr, Riverside|CO
8859|Jennifer Smith|555-449-8488|9576 Pine St, Greenville|PE
8860|Jennifer Johnson|555-742-3297|7277 Lakeview Dr, Madison|CL
8861|Robert Brown|555-174-2290|5324 Main St, Bristol|MX
8862|Patricia Davis|555-796-9151|992 Pine St, Greenville|CO
8863|Mary Williams|555-169-1170|4527 Maple St, Springfield|PE
8864|Linda Smith|555-233-5457|6934 Main St, Bristol|CL
8865|Patricia Williams|555-914-3820|1422 Maple St, Franklin|MX
8866|James Johnson|555-939-8737|9410 Pine St, Springfield|CO
8867|James Jones|555-267-1469|6120 Pine St, Greenville|PE
8868|John Garcia|555-890-8487|2730 Cedar Rd, Franklin|CL
8869|Linda Smith|555-150-3595|3135 Main St, Springfield|MX
8870|Jennifer Brown|555-406-9494|9221 Cedar Rd, Bristol|CO
8871|Robert Smith|555-522-4045|6938 Main St, Greenville|PE
8872|James Williams|555-977-9906|1419 Pine St, Madison|CL
8873|Linda Garcia|555-392-4672|299 Oak Ave, Riverside|MX
8874|Michael Miller|555-436-5264|941 Oak Ave, Springfield|CO
8875|Robert Williams|555-438-8505|6128 Cedar Rd, Franklin|PE
8876|Patricia Brown|555-711-7149|4228 Oak Ave, Bristol|CL
8877|John Williams|555-636-6365|9330 Lakeview Dr, Greenville|MX
8878|John Garcia|555-315-1846|3157 Maple St, Riverside|CO
8879|James Brown|555-225-1395|6864 Lakeview Dr, Bristol|PE
8880|Michael Williams|555-255-6297|5248 Main St, Greenville|CL
8881|John Johnson|555-173-5887|7612 Maple St, Riverside|MX
8882|John Davis|555-277-2325|1040 Lakeview Dr, Bristol|CO
8883|Michael Davis|555-280-9586|8706 Maple St, Riverside|PE
8884|Mary Garcia|555-959-6921|1211 Maple St, Springfield|CL
8885|Michael Davis|555-394-9330|5201 Cedar Rd, Franklin|MX
8886|Jennifer Williams|555-449-7573|7094 Pine St, Franklin|CO
8887|Linda Davis|555-672-6581|9266 Oak Ave, Bristol|PE
8888|Linda Jones|555-367-6677|429 Maple St, Madison|CL
8889|John Williams|555-779-8600|5966 Main St, Greenville|MX
8890|Jennifer Johnson|555-577-1619|3895 Lakeview Dr, Bristol|CO
8891|Michael Miller|555-567-1036|8046 Cedar Rd, Madison|PE
8892|Mary Johnson|555-718-6638|1246 Pine St, Greenville|CL
8893|Linda Jones|555-337-6612|1074 Cedar Rd, Springfield|MX
8894|Linda Smith|555-996-4668|1227 Maple St, Greenville|CO
8895|Mary Garcia|555-573-7747|7688 Lakeview Dr, Madison|PE
8896|Mary Smith|555-609-3904|7705 Oak Ave, Madison|CL
8897|Jennifer Williams|555-280-4847|5320 Maple St, Springfield|MX
8898|Jennifer Miller|555-910-3651|7449 Cedar Rd, Greenville|CO
8899|Patricia Johnson|555-138-4177|5138 Cedar Rd, Franklin|PE
8900|Mary Garcia|555-400-7761|653 Cedar Rd, Madison|CL
8901|John Jones|555-263-3533|6137 Pine St, Franklin|MX
8902|Mary Miller|555-876-7616|9056 Maple St, Madison|CO
8903|Michael Williams|555-942-5658|3422 Maple St, Riverside|PE
8904|Linda Brown|555-300-4173|5774 Pine St, Madison|CL
8905|Mary Garcia|555-102-2378|2910 Lakeview Dr, Greenville|MX
8906|Jennifer Williams|555-294-5923|4640 Maple St, Bristol|CO
8907|Jennifer Johnson|555-559-5693|8593 Lakeview Dr, Greenville|PE
8908|Robert Miller|555-501-7561|9121 Cedar Rd, Greenville|CL
8909|Linda Brown|555-184-7723|4538 Cedar Rd, Madison|MX
8910|Jennifer Garcia|555-376-7997|2880 Pine St, Springfield|CO
8911|John Jones|555-214-9064|2651 Cedar Rd, Riverside|PE
8912|Patricia Williams|555-853-6194|9345 Maple St, Greenville|CL
8913|Mary Davis|555-685-9322|6229 Oak Ave, Bristol|MX
8914|Michael Davis|555-382-4973|8992 Pine St, Greenville|CO
8915|Patricia Miller|555-950-8942|4862 Pine St, Madison|PE
8916|John Davis|555-221-5256|192 Lakeview Dr, Franklin|CL
8917|Robert Miller|555-463-7385|3619 Cedar Rd, Greenville|MX
8918|Linda Garcia|555-903-4966|5857 Lakeview Dr, Greenville|CO
8919|Mary Brown|555-656-4398|3634 Pine St, Greenville|PE
8920|Jennifer Johnson|555-807-1081|1765 Maple St, Franklin|CL
8921|Mary Smith|555-681-4834|3949 Pine St, Greenville|MX
8922|James Miller|555-820-6358|9709 Main St, Riverside|CO
8923|Jennifer Davis|555-161-3430|3934 Lakeview Dr, Springfield|PE
8924|John Miller|555-421-9950|5957 Cedar Rd, Greenville|CL
8925|Michael Smith|555-826-8694|9460 Cedar Rd, Greenville|MX
8926|John Williams|555-307-4498|9023 Main St, Bristol|CO
8927|Michael Brown|555-983-8648|6273 Cedar Rd, Greenville|PE
8928|Michael Jones|555-579-5538|8299 Oak Ave, Bristol|CL
8929|Linda Smith|555-928-9614|2597 Main St, Riverside|MX
8930|Patricia Brown|555-990-5831|504 Oak Ave, Franklin|CO
8931|John Jones|555-905-6442|9929 Pine St, Springfield|PE
8932|Linda Brown|555-892-5339|1864 Maple St, Franklin|CL
8933|Jennifer Miller|555-830-2450|1725 Oak Ave, Greenville|MX
8934|John Jones|555-931-2792|9579 Cedar Rd, Madison|CO
8935|Robert Miller|555-637-8824|7130 Oak Ave, Riverside|PE
8936|Robert Johnson|555-480-4386|948 Cedar Rd, Madison|CL
8937|Michael Johnson|555-787-8947|767 Maple St, Franklin|MX
8938|Jennifer Williams|555-237-5977|7147 Main St, Greenville|CO
8939|Robert Miller|555-798-6117|5341 Lakeview Dr, Bristol|PE
8940|Robert Miller|555-872-5106|4309 Cedar Rd, Madison|CL
8941|Mary Johnson|555-207-4054|5774 Oak Ave, Springfield|MX
8942|Linda Williams|555-785-6796|4807 Lakeview Dr, Bristol|CO
8943|John Brown|555-514-9390|6097 Lakeview Dr, Bristol|PE
8944|Michael Brown|555-231-4623|8178 Maple St, Riverside|CL
8945|Linda Garcia|555-445-9737|3747 Lakeview Dr, Franklin|MX
8946|Linda Smith|555-489-2587|9724 Main St, Franklin|CO
8947|Mary Smith|555-381-5104|7621 Cedar Rd, Madison|PE
8948|Robert Brown|555-291-1850|3297 Main St, Springfield|CL
8949|John Williams|555-175-2126|7030 Oak Ave, Bristol|MX
8950|Mary Jones|555-909-7437|2965 Oak Ave, Bristol|CO
8951|John Garcia|555-644-1615|5519 Oak Ave, Riverside|PE
8952|Patricia Brown|555-413-2419|6363 Maple St, Greenville|CL
8953|James Smith|555-635-4984|5910 Cedar Rd, Franklin|MX
8954|Linda Brown|555-797-5638|9194 Main St, Springfield|CO
8955|Patricia Garcia|555-405-4666|7811 Oak Ave, Riverside|PE
8956|Patricia Brown|555-881-8993|1858 Main St, Springfield|CL
8957|Mary Jones|555-413-5685|8587 Oak Ave, Bristol|MX
8958|James Brown|555-114-4773|3847 Maple St, Springfield|CO
8959|Michael Garcia|555-631-1560|397 Pine St, Greenville|PE
8960|Linda Garcia|555-169-7117|6474 Main St, Franklin|CL
8961|Jennifer Smith|555-390-2061|5849 Lakeview Dr, Riverside|MX
8962|Robert Jones|555-185-7967|4379 Maple St, Greenville|CO
8963|Michael Brown|555-781-2508|7459 Maple St, Madison|PE
8964|Patricia Williams|555-425-8927|8818 Oak Ave, Madison|CL
8965|Linda Smith|555-906-5183|2789 Oak Ave, Riverside|MX
8966|John Miller|555-822-9669|4559 Maple St, Greenville|CO
8967|Michael Smith|555-549-5426|3641 Oak Ave, Greenville|PE
8968|Jennifer Garcia|555-752-5923|4153 Lakeview Dr, Springfield|CL
8969|Patricia Miller|555-755-7020|5243 Pine St, Madison|MX
8970|Mary Jones|555-675-1399|1461 Maple St, Bristol|CO
8971|Linda Williams|555-394-2570|9505 Lakeview Dr, Madison|PE
8972|Michael Garcia|555-793-3629|2487 Oak Ave, Bristol|CL
8973|James Brown|555-580-4821|6271 Main St, Greenville|MX
8974|Mary Smith|555-787-3538|3380 Oak Ave, Madison|CO
8975|James Johnson|555-612-8172|7925 Pine St, Springfield|PE
8976|Michael Williams|555-203-8315|2599 Cedar Rd, Riverside|CL
8977|Patricia Jones|555-179-4761|2901 Main St, Greenville|MX
8978|Patricia Brown|555-498-5124|1344 Pine St, Springfield|CO
8979|James Brown|555-485-8668|1689 Main St, Madison|PE
8980|Michael Brown|555-561-8194|6734 Oak Ave, Bristol|CL
8981|Patricia Brown|555-544-2805|6968 Lakeview Dr, Springfield|MX
8982|Robert Jones|555-284-9916|3272 Lakeview Dr, Springfield|CO
8983|Robert Miller|555-699-5454|6403 Maple St, Franklin|PE
8984|Michael Williams|555-907-8267|2313 Pine St, Riverside|CL
8985|Robert Williams|555-362-7052|9213 Lakeview Dr, Madison|MX
8986|Michael Jones|555-432-2328|8407 Pine St, Franklin|CO
8987|Jennifer Jones|555-438-2952|9192 Oak Ave, Franklin|PE
8988|Patricia Brown|555-679-8950|333 Oak Ave, Springfield|CL
8989|Mary Davis|555-647-8899|7725 Lakeview Dr, Springfield|MX
8990|John Davis|555-923-5276|756 Cedar Rd, Greenville|CO
8991|Jennifer Smith|555-358-2298|3777 Main St, Springfield|PE
8992|James Johnson|555-907-8759|9077 Maple St, Madison|CL
8993|Mary Jones|555-919-1236|2872 Lakeview Dr, Riverside|MX
8994|Linda Jones|555-129-3546|7404 Pine St, Franklin|CO
8995|Mary Smith|555-443-7836|7742 Cedar Rd, Riverside|PE
8996|Michael Miller|555-878-2488|533 Oak Ave, Riverside|CL
8997|Jennifer Brown|555-558-1474|9870 Lakeview Dr, Springfield|MX
8998|John Johnson|555-812-7966|6369 Maple St, Springfield|CO
8999|Jennifer Johnson|555-154-5768|1228 Cedar Rd, Riverside|PE
9000|Michael Garcia|555-192-4231|9283 Main St, Franklin|CL
9001|Linda Jones|555-259-1347|3140 Cedar Rd, Madison|MX
9002|Michael Jones|555-116-6021|6818 Pine St, Bristol|CO
9003|Michael Miller|555-758-7415|9359 Cedar Rd, Bristol|PE
9004|James Jones|555-988-2639|1261 Pine St, Madison|CL
9005|Jennifer Miller|555-388-8753|8623 Maple St, Greenville|MX
9006|Michael Johnson|555-622-5252|8943 Main St, Greenville|CO
9007|John Smith|555-869-9558|4971 Lakeview Dr, Bristol|PE
9008|John Jones|555-118-5019|6600 Lakeview Dr, Bristol|CL
9009|John Smith|555-151-4883|1760 Maple St, Bristol|MX
9010|Robert Davis|555-324-4004|9418 Maple St, Springfield|CO
9011|Michael Miller|555-345-5449|1765 Pine St, Riverside|PE
9012|Linda Davis|555-113-3431|1511 Oak Ave, Riverside|CL
9013|Patricia Smith|555-346-6468|5543 Cedar Rd, Bristol|MX
9014|Jennifer Jones|555-721-9228|9723 Lakeview Dr, Riverside|CO
9015|John Garcia|555-544-3253|5318 Pine St, Franklin|PE
9016|Jennifer Smith|555-449-5473|9583 Cedar Rd, Riverside|CL
9017|Mary Williams|555-435-1304|6106 Maple St, Springfield|MX
9018|Patricia Smith|555-710-9149|7470 Maple St, Riverside|CO
9019|James Miller|555-365-7725|6505 Oak Ave, Springfield|PE
9020|Michael Smith|555-807-2577|8562 Lakeview Dr, Greenville|CL
9021|Linda Davis|555-235-3259|7873 Cedar Rd, Franklin|MX
9022|John Johnson|555-251-3288|3935 Oak Ave, Springfield|CO
9023|Patricia Brown|555-671-1403|9828 Lakeview Dr, Springfield|PE
9024|Linda Johnson|555-371-3743|2541 Main St, Bristol|CL
9025|Michael Brown|555-747-9407|4572 Lakeview Dr, Riverside|MX
9026|Mary Garcia|555-546-1124|3039 Pine St, Bristol|CO
9027|Jennifer Garcia|555-163-8370|3943 Lakeview Dr, Riverside|PE
9028|Robert Davis|555-617-7244|1788 Maple St, Bristol|CL
9029|Robert Johnson|555-224-5352|2337 Oak Ave, Madison|MX
9030|Patricia Johnson|555-953-9595|6905 Cedar Rd, Franklin|CO
9031|John Williams|555-712-8826|8051 Oak Ave, Bristol|PE
9032|Mary Williams|555-116-1405|6732 Cedar Rd, Madison|CL
9033|Patricia Johnson|555-450-1115|3023 Main St, Riverside|MX
9034|Michael Jones|555-848-4094|7608 Pine St, Springfield|CO
9035|Mary Davis|555-111-5753|8003 Cedar Rd, Greenville|PE
9036|James Garcia|555-493-4625|8798 Pine St, Madison|CL
9037|Linda Williams|555-205-4032|9777 Pine St, Riverside|MX
9038|James Smith|555-706-9842|1433 Oak Ave, Springfield|CO
9039|Michael Davis|555-271-3417|1655 Lakeview Dr, Franklin|PE
9040|Jennifer Jones|555-843-2267|2452 Lakeview Dr, Madison|CL
9041|Michael Brown|555-211-8411|6251 Cedar Rd, Franklin|MX
9042|Robert Brown|555-599-9709|7250 Maple St, Franklin|CO
9043|Mary Miller|555-306-2789|3218 Oak Ave, Greenville|PE
9044|Michael Jones|555-879-4982|2050 Cedar Rd, Springfield|CL
9045|Patricia Jones|555-491-8395|6635 Main St, Riverside|MX
9046|Mary Smith|555-972-4772|5557 Oak Ave, Madison|CO
9047|James Miller|555-552-3785|3181 Cedar Rd, Franklin|PE
9048|Patricia Brown|555-150-8403|6968 Maple St, Springfield|CL
9049|Michael Williams|555-340-4117|932 Main St, Madison|MX
9050|Mary Garcia|555-288-5128|3705 Pine St, Greenville|CO
9051|Linda Johnson|555-544-6832|3411 Main St, Bristol|PE
9052|James Williams|555-924-2280|1557 Maple St, Madison|CL
9053|Jennifer Davis|555-943-7251|8919 Lakeview Dr, Franklin|MX
9054|Linda Williams|555-213-1189|3788 Oak Ave, Bristol|CO
9055|Patricia Brown|555-402-9373|6673 Cedar Rd, Franklin|PE
9056|Jennifer Davis|555-192-4136|9078 Pine St, Springfield|CL
9057|John Miller|555-263-3652|6191 Main St, Madison|MX
9058|Mary Brown|555-435-7346|5508 Oak Ave, Madison|CO
9059|James Smith|555-299-9289|9384 Pine St, Bristol|PE
9060|Robert Miller|555-781-1630|4308 Main St, Riverside|CL
9061|Robert Smith|555-585-6467|3499 Maple St, Madison|MX
9062|Linda Smith|555-286-1360|1621 Maple St, Springfield|CO
9063|Linda Johnson|555-663-5376|9971 Lakeview Dr, Riverside|PE
9064|James Miller|555-939-1117|9471 Lakeview Dr, Springfield|CL
9065|James Johnson|555-157-2949|4480 Pine St, Bristol|MX
9066|James Garcia|555-850-6606|5391 Main St, Springfield|CO
9067|Linda Williams|555-806-5792|6691 Oak Ave, Greenville|PE
9068|Michael Miller|555-420-4224|6593 Cedar Rd, Greenville|CL
9069|John Miller|555-236-6108|7455 Main St, Madison|MX
9070|Jennifer Williams|555-847-5068|4876 Main St, Bristol|CO
9071|Patricia Jones|555-255-5368|9685 Cedar Rd, Bristol|PE
9072|James Johnson|555-508-2177|9858 Oak Ave, Bristol|CL
9073|John Garcia|555-313-6082|7240 Lakeview Dr, Bristol|MX
9074|Linda Garcia|555-274-6050|7662 Main St, Riverside|CO
9075|Michael Brown|555-265-7044|9547 Pine St, Franklin|PE
9076|John Williams|555-399-6151|3354 Oak Ave, Franklin|CL
9077|Michael Johnson|555-731-6262|4971 Pine St, Franklin|MX
9078|James Brown|555-807-9423|1807 Main St, Bristol|CO
9079|Robert Williams|555-157-8749|8715 Lakeview Dr, Springfield|PE
9080|Jennifer Johnson|555-808-9211|4045 Oak Ave, Bristol|CL
9081|Michael Jones|555-665-6729|7304 Oak Ave, Riverside|MX
9082|James Garcia|555-882-8341|8896 Maple St, Franklin|CO
9083|Michael Smith|555-966-4175|7148 Cedar Rd, Franklin|PE
9084|Robert Johnson|555-549-9667|1180 Cedar Rd, Madison|CL
9085|Patricia Smith|555-652-1675|5204 Oak Ave, Greenville|MX
9086|Michael Davis|555-603-2801|363 Maple St, Madison|CO
9087|Linda Johnson|555-187-6852|1456 Cedar Rd, Bristol|PE
9088|James Williams|555-923-2522|2157 Maple St, Madison|CL
9089|John Miller|555-394-4494|7384 Lakeview Dr, Franklin|MX
9090|John Smith|555-738-3090|7920 Oak Ave, Springfield|CO
9091|Mary Miller|555-126-5017|7569 Lakeview Dr, Madison|PE
9092|Linda Brown|555-914-7202|7886 Lakeview Dr, Springfield|CL
9093|Linda Jones|555-438-8941|2085 Oak Ave, Riverside|MX
9094|Jennifer Brown|555-109-6629|4790 Maple St, Greenville|CO
9095|Patricia Smith|555-400-6409|3592 Lakeview Dr, Greenville|PE
9096|James Smith|555-273-1801|4713 Pine St, Springfield|CL
9097|Jennifer Johnson|555-848-3694|9331 Main St, Madison|MX
9098|James Jones|555-215-6695|2245 Maple St, Franklin|CO
9099|John Davis|555-661-2713|2841 Oak Ave, Madison|PE
9100|Michael Davis|555-482-7932|4171 Oak Ave, Springfield|CL
9101|Linda Brown|555-628-5075|8670 Maple St, Riverside|MX
9102|Mary Johnson|555-921-8349|1157 Main St, Springfield|CO
9103|Robert Williams|555-974-7908|9371 Lakeview Dr, Madison|PE
9104|Patricia Johnson|555-791-1296|2574 Pine St, Franklin|CL
9105|Patricia Garcia|555-718-3265|7009 Pine St, Springfield|MX
9106|Michael Jones|555-274-1208|6549 Pine St, Franklin|CO
9107|Linda Smith|555-891-7086|2795 Maple St, Bristol|PE
9108|John Brown|555-843-4196|9836 Cedar Rd, Riverside|CL
9109|Michael Smith|555-681-5423|3889 Pine St, Madison|MX
9110|Patricia Miller|555-403-6941|1464 Cedar Rd, Springfield|CO
9111|John Brown|555-294-4261|9246 Lakeview Dr, Bristol|PE
9112|Robert Davis|555-174-8956|9449 Pine St, Springfield|CL
9113|James Davis|555-621-7546|3206 Maple St, Riverside|MX
9114|Patricia Williams|555-564-4592|1783 Main St, Franklin|CO
9115|John Johnson|555-239-1448|3513 Main St, Springfield|PE
9116|Robert Smith|555-984-4449|5014 Pine St, Greenville|CL
9117|Robert Miller|555-749-5513|6629 Pine St, Springfield|MX
9118|Mary Jones|555-244-5624|8364 Maple St, Bristol|CO
9119|John Williams|555-347-1323|7692 Main St, Greenville|PE
9120|Jennifer Johnson|555-831-1498|2142 Main St, Springfield|CL
9121|Patricia Davis|555-872-6871|9405 Main St, Bristol|MX
9122|James Davis|555-252-5177|6565 Maple St, Franklin|CO
9123|James Johnson|555-871-8654|9415 Cedar Rd, Springfield|PE
9124|Michael Jones|555-333-2094|8268 Lakeview Dr, Springfield|CL
9125|Robert Johnson|555-835-8630|4132 Cedar Rd, Franklin|MX
9126|Mary Garcia|555-584-1142|2054 Pine St, Springfield|CO
9127|John Miller|555-901-4613|6795 Oak Ave, Greenville|PE
9128|Robert Jones|555-577-8189|840 Main St, Franklin|CL
9129|Patricia Johnson|555-827-1998|9293 Cedar Rd, Madison|MX
9130|Linda Brown|555-270-1349|1850 Oak Ave, Springfield|CO
9131|Robert Garcia|555-254-8392|3233 Oak Ave, Riverside|PE
9132|Patricia Garcia|555-435-1391|3065 Maple St, Bristol|CL
9133|Mary Brown|555-208-1889|5333 Cedar Rd, Springfield|MX
9134|Jennifer Brown|555-739-8390|803 Main St, Riverside|CO
9135|Jennifer Williams|555-999-5042|4637 Oak Ave, Franklin|PE
9136|James Johnson|555-887-1834|1016 Cedar Rd, Springfield|CL
9137|John Miller|555-953-4049|3424 Maple St, Springfield|MX
9138|James Johnson|555-811-3865|3206 Main St, Franklin|CO
9139|Jennifer Garcia|555-379-3066|9194 Maple St, Springfield|PE
9140|Robert Miller|555-955-6527|1041 Pine St, Springfield|CL
9141|Linda Garcia|555-916-7247|9331 Pine St, Springfield|MX
9142|Jennifer Garcia|555-277-7574|8479 Cedar Rd, Franklin|CO
9143|Mary Garcia|555-338-7734|1413 Pine St, Madison|PE
9144|Linda Williams|555-125-6313|799 Pine St, Springfield|CL
9145|Linda Miller|555-294-5150|9663 Pine St, Bristol|MX
9146|Jennifer Smith|555-986-8323|9971 Lakeview Dr, Riverside|CO
9147|Linda Williams|555-254-8223|1212 Lakeview Dr, Riverside|PE
9148|Michael Miller|555-412-9215|4146 Lakeview Dr, Madison|CL
9149|John Brown|555-680-5422|7742 Lakeview Dr, Madison|MX
9150|Robert Davis|555-588-6458|5451 Cedar Rd, Bristol|CO
9151|John Smith|555-353-2291|4696 Main St, Madison|PE
9152|James Johnson|555-710-4352|4570 Maple St, Riverside|CL
9153|Mary Smith|555-770-5201|4802 Oak Ave, Franklin|MX
9154|James Garcia|555-239-6650|1396 Maple St, Madison|CO
9155|Jennifer Smith|555-266-9619|844 Lakeview Dr, Riverside|PE
9156|John Jones|555-261-2044|5911 Cedar Rd, Riverside|CL
9157|Patricia Miller|555-789-8525|6646 Cedar Rd, Riverside|MX
9158|Linda Miller|555-323-4034|4960 Main St, Franklin|CO
9159|Linda Garcia|555-922-1181|2946 Oak Ave, Bristol|PE
9160|John Smith|555-589-9225|6762 Main St, Franklin|CL
9161|Linda Jones|555-442-3930|5604 Oak Ave, Springfield|MX
9162|Robert Garcia|555-931-5786|3418 Maple St, Bristol|CO
9163|Patricia Jones|555-907-8403|1863 Maple St, Greenville|PE
9164|John Davis|555-835-1183|4535 Pine St, Greenville|CL
9165|Jennifer Davis|555-101-8149|5341 Oak Ave, Springfield|MX
9166|Robert Williams|555-930-4014|7592 Cedar Rd, Franklin|CO
9167|John Davis|555-271-5810|7475 Oak Ave, Greenville|PE
9168|Jennifer Johnson|555-269-3192|3989 Pine St, Madison|CL
9169|Michael Garcia|555-136-2160|5340 Maple St, Springfield|MX
9170|Robert Garcia|555-531-4934|1461 Main St, Madison|CO
9171|Mary Garcia|555-655-5413|4910 Cedar Rd, Franklin|PE
9172|Michael Miller|555-205-1764|2708 Main St, Springfield|CL
9173|James Brown|555-771-2899|5993 Lakeview Dr, Riverside|MX
9174|Jennifer Miller|555-839-6960|872 Main St, Bristol|CO
9175|Jennifer Garcia|555-876-6923|2644 Oak Ave, Greenville|PE
9176|John Jones|555-636-1319|7361 Lakeview Dr, Greenville|CL
9177|Michael Brown|555-240-1255|7781 Maple St, Riverside|MX
9178|James Smith|555-926-2852|4304 Main St, Springfield|CO
9179|James Garcia|555-528-8383|3624 Oak Ave, Madison|PE
9180|John Williams|555-195-7528|8086 Oak Ave, Greenville|CL
9181|Patricia Smith|555-453-8973|882 Main St, Bristol|MX
9182|Jennifer Smith|555-756-4473|3276 Lakeview Dr, Riverside|CO
9183|Michael Smith|555-589-9275|2108 Pine St, Bristol|PE
9184|James Jones|555-485-2931|799 Pine St, Greenville|CL
9185|Patricia Davis|555-245-7662|4038 Cedar Rd, Riverside|MX
9186|Robert Davis|555-635-9561|6815 Pine St, Franklin|CO
9187|James Jones|555-862-3492|3468 Lakeview Dr, Greenville|PE
9188|James Miller|555-142-4404|9648 Maple St, Bristol|CL
9189|James Davis|555-569-3182|6327 Oak Ave, Springfield|MX
9190|John Garcia|555-736-5873|5968 Oak Ave, Greenville|CO
9191|James Davis|555-532-6209|1294 Cedar Rd, Riverside|PE
9192|John Williams|555-602-8109|6525 Lakeview Dr, Greenville|CL
9193|Jennifer Williams|555-289-3666|5893 Pine St, Bristol|MX
9194|Mary Smith|555-737-1672|4325 Pine St, Greenville|CO
9195|Linda Jones|555-862-9432|730 Lakeview Dr, Springfield|PE
9196|Robert Smith|555-595-9583|6627 Lakeview Dr, Springfield|CL
9197|Mary Jones|555-942-7413|4118 Oak Ave, Bristol|MX
9198|Robert Jones|555-970-3909|1446 Cedar Rd, Riverside|CO
9199|Linda Smith|555-201-1091|6862 Main St, Bristol|PE
9200|Patricia Miller|555-616-5243|3042 Pine St, Riverside|CL
9201|Robert Davis|555-240-8221|9781 Oak Ave, Greenville|MX
9202|Michael Garcia|555-478-5830|2496 Main St, Franklin|CO
9203|John Garcia|555-343-7333|8010 Cedar Rd, Madison|PE
9204|James Davis|555-491-7394|8058 Pine St, Bristol|CL
9205|James Smith|555-317-1540|1766 Pine St, Madison|MX
9206|John Miller|555-409-5347|4041 Cedar Rd, Springfield|CO
9207|Jennifer Williams|555-579-2927|6665 Main St, Riverside|PE
9208|James Davis|555-864-9835|6466 Main St, Springfield|CL
9209|John Garcia|555-144-8808|2137 Lakeview Dr, Riverside|MX
9210|Robert Johnson|555-739-4248|3429 Oak Ave, Franklin|CO
9211|James Davis|555-815-2013|3652 Cedar Rd, Greenville|PE
9212|Patricia Johnson|555-949-6873|9810 Main St, Madison|CL
9213|Michael Miller|555-416-1682|6715 Main St, Riverside|MX
9214|Mary Williams|555-471-7370|8865 Lakeview Dr, Riverside|CO
9215|James Johnson|555-387-1529|2679 Oak Ave, Franklin|PE
9216|James Miller|555-629-2761|1456 Maple St, Greenville|CL
9217|Linda Johnson|555-621-6557|7752 Lakeview Dr, Springfield|MX
9218|James Davis|555-912-7551|5769 Cedar Rd, Riverside|CO
9219|Jennifer Jones|555-185-5368|3138 Main St, Springfield|PE
9220|Linda Davis|555-814-1127|3613 Lakeview Dr, Riverside|CL
9221|Michael Miller|555-326-5360|7449 Cedar Rd, Franklin|MX
9222|Jennifer Williams|555-882-4264|414 Maple St, Greenville|CO
9223|John Williams|555-705-1373|7428 Oak Ave, Greenville|PE
9224|James Brown|555-405-6362|4985 Lakeview Dr, Springfield|CL
9225|Jennifer Williams|555-332-5862|667 Pine St, Springfield|MX
9226|James Miller|555-487-9146|6936 Main St, Greenville|CO
9227|Robert Jones|555-242-6859|5326 Lakeview Dr, Bristol|PE
9228|Linda Garcia|555-372-1947|6619 Maple St, Springfield|CL
9229|James Brown|555-108-3089|7335 Maple St, Riverside|MX
9230|Linda Johnson|555-690-9725|1710 Cedar Rd, Bristol|CO
9231|Patricia Davis|555-108-6105|4939 Cedar Rd, Springfield|PE
9232|Linda Smith|555-918-3671|4007 Oak Ave, Franklin|CL
9233|Mary Jones|555-899-6829|5609 Maple St, Riverside|MX
9234|Mary Jones|555-364-2743|5704 Lakeview Dr, Riverside|CO
9235|Patricia Garcia|555-209-2963|6458 Oak Ave, Franklin|PE
9236|Patricia Davis|555-295-6963|9268 Main St, Bristol|CL
9237|Robert Jones|555-478-9490|6578 Maple St, Greenville|MX
9238|Patricia Davis|555-524-8655|168 Oak Ave, Franklin|CO
9239|Jennifer Davis|555-278-2044|5186 Oak Ave, Springfield|PE
9240|Robert Jones|555-384-5303|5537 Pine St, Riverside|CL
9241|Jennifer Davis|555-116-9799|3118 Cedar Rd, Franklin|MX
9242|Robert Johnson|555-886-9423|8007 Oak Ave, Springfield|CO
9243|Mary Williams|555-347-5063|7422 Oak Ave, Franklin|PE
9244|Michael Jones|555-746-8980|3603 Oak Ave, Greenville|CL
9245|Patricia Jones|555-661-7867|1847 Lakeview Dr, Franklin|MX
9246|Linda Brown|555-810-6852|3310 Main St, Franklin|CO
9247|Patricia Williams|555-851-7178|124 Main St, Bristol|PE
9248|Jennifer Davis|555-213-3480|980 Main St, Riverside|CL
9249|Robert Davis|555-867-7835|8332 Pine St, Greenville|MX
9250|Jennifer Williams|555-427-4027|4993 Oak Ave, Madison|CO
9251|Jennifer Jones|555-774-3268|4559 Lakeview Dr, Franklin|PE
9252|Jennifer Davis|555-367-6420|7840 Lakeview Dr, Greenville|CL
9253|James Brown|555-842-8285|2152 Cedar Rd, Madison|MX
9254|James Davis|555-889-1566|8215 Pine St, Bristol|CO
9255|John Davis|555-865-4183|7152 Maple St, Franklin|PE
9256|Linda Johnson|555-530-4114|8243 Lakeview Dr, Greenville|CL
9257|James Brown|555-296-9829|5581 Maple St, Springfield|MX
9258|James Garcia|555-829-8362|6135 Cedar Rd, Madison|CO
9259|Linda Miller|555-848-1520|2013 Oak Ave, Franklin|PE
9260|Patricia Brown|555-649-2767|523 Pine St, Madison|CL
9261|Robert Davis|555-880-6244|6093 Oak Ave, Bristol|MX
9262|Patricia Garcia|555-771-9869|7062 Pine St, Madison|CO
9263|James Davis|555-933-1863|953 Maple St, Bristol|PE
9264|Patricia Jones|555-574-9434|8873 Lakeview Dr, Franklin|CL
9265|Patricia Smith|555-275-4993|1998 Oak Ave, Bristol|MX
9266|Jennifer Williams|555-903-6520|6606 Cedar Rd, Madison|CO
9267|James Williams|555-720-8975|6399 Main St, Madison|PE
9268|John Smith|555-749-8322|1720 Pine St, Bristol|CL
9269|James Johnson|555-633-5385|3750 Main St, Madison|MX
9270|James Johnson|555-837-1245|2429 Main St, Franklin|CO
9271|Michael Jones|555-378-2617|9439 Lakeview Dr, Franklin|PE
9272|Mary Davis|555-309-8677|8940 Main St, Greenville|CL
9273|John Johnson|555-912-3254|5034 Maple St, Springfield|MX
9274|Michael Smith|555-242-8502|4767 Oak Ave, Bristol|CO
9275|Linda Brown|555-509-4244|4039 Main St, Springfield|PE
9276|Patricia Jones|555-208-2681|4662 Cedar Rd, Springfield|CL
9277|Michael Johnson|555-105-8898|4448 Oak Ave, Madison|MX
9278|Robert Jones|555-544-9385|4820 Pine St, Riverside|CO
9279|Michael Davis|555-324-4139|4896 Main St, Franklin|PE
9280|Michael Garcia|555-338-5611|1095 Main St, Bristol|CL
9281|Robert Smith|555-568-8229|7256 Maple St, Riverside|MX
9282|John Smith|555-912-4539|3261 Lakeview Dr, Riverside|CO
9283|Patricia Johnson|555-359-4093|8709 Maple St, Greenville|PE
9284|James Jones|555-614-8334|7592 Lakeview Dr, Madison|CL
9285|Linda Smith|555-252-6383|3152 Cedar Rd, Riverside|MX
9286|Mary Brown|555-569-1000|2415 Oak Ave, Greenville|CO
9287|Michael Brown|555-775-2215|8538 Pine St, Franklin|PE
9288|James Brown|555-248-7803|3737 Maple St, Riverside|CL
9289|James Smith|555-855-4710|9298 Oak Ave, Riverside|MX
9290|Robert Brown|555-813-1006|6941 Maple St, Springfield|CO
9291|Jennifer Williams|555-381-2385|587 Pine St, Madison|PE
9292|Michael Davis|555-613-2606|1601 Pine St, Madison|CL
9293|Linda Garcia|555-194-8075|8272 Cedar Rd, Riverside|MX
9294|Robert Davis|555-492-7679|7620 Pine St, Franklin|CO
9295|Linda Davis|555-317-7377|3222 Main St, Franklin|PE
9296|Robert Smith|555-750-4647|5648 Maple St, Riverside|CL
9297|Jennifer Smith|555-186-9940|3634 Maple St, Bristol|MX
9298|John Garcia|555-171-2437|1268 Pine St, Greenville|CO
9299|Jennifer Johnson|555-889-5289|9696 Pine St, Franklin|PE
9300|Patricia Smith|555-904-7206|9725 Main St, Madison|CL
9301|Linda Miller|555-714-4960|6455 Cedar Rd, Madison|MX
9302|Robert Brown|555-848-1729|7605 Oak Ave, Riverside|CO
9303|Jennifer Brown|555-464-8840|9831 Lakeview Dr, Madison|PE
9304|Mary Garcia|555-304-2958|8937 Lakeview Dr, Madison|CL
9305|James Davis|555-289-6188|7334 Pine St, Bristol|MX
9306|James Brown|555-529-2119|1692 Oak Ave, Bristol|CO
9307|Patricia Johnson|555-672-4980|8889 Pine St, Madison|PE
9308|Patricia Jones|555-374-3342|8829 Pine St, Greenville|CL
9309|Jennifer Johnson|555-370-3105|2137 Maple St, Riverside|MX
9310|Michael Jones|555-736-4548|2470 Pine St, Franklin|CO
9311|Mary Garcia|555-774-1092|9530 Lakeview Dr, Franklin|PE
9312|Jennifer Garcia|555-399-2002|2983 Oak Ave, Springfield|CL
9313|Robert Davis|555-534-9350|5141 Pine St, Greenville|MX
9314|Jennifer Williams|555-403-2554|3830 Maple St, Bristol|CO
9315|Jennifer Jones|555-402-1966|8959 Maple St, Franklin|PE
9316|Patricia Brown|555-498-4852|3365 Oak Ave, Bristol|CL
9317|Patricia Garcia|555-778-6546|3797 Pine St, Bristol|MX
9318|John Johnson|555-260-1782|2131 Lakeview Dr, Franklin|CO
9319|Jennifer Davis|555-815-6378|3697 Main St, Bristol|PE
9320|James Johnson|555-953-8352|2322 Cedar Rd, Riverside|CL
9321|Linda Johnson|555-149-8705|2636 Cedar Rd, Franklin|MX
9322|Mary Miller|555-746-5750|5460 Maple St, Springfield|CO
9323|Michael Smith|555-375-8026|8130 Maple St, Madison|PE
9324|Mary Brown|555-511-9830|9945 Maple St, Franklin|CL
9325|Jennifer Davis|555-963-7657|1604 Pine St, Franklin|MX
9326|Robert Johnson|555-400-6827|6068 Maple St, Riverside|CO
9327|Linda Garcia|555-358-1528|7566 Lakeview Dr, Bristol|PE
9328|Linda Davis|555-100-6245|3763 Oak Ave, Riverside|CL
9329|James Davis|555-462-9961|4355 Maple St, Bristol|MX
9330|Robert Williams|555-834-8496|2536 Maple St, Riverside|CO
9331|Mary Jones|555-113-9015|777 Main St, Greenville|PE
9332|John Johnson|555-551-3907|6514 Lakeview Dr, Greenville|CL
9333|Patricia Smith|555-815-6130|2330 Cedar Rd, Franklin|MX
9334|Patricia Williams|555-168-2879|5180 Lakeview Dr, Madison|CO
9335|James Garcia|555-765-2673|174 Lakeview Dr, Bristol|PE
9336|James Garcia|555-687-3153|5265 Cedar Rd, Franklin|CL
9337|Robert Garcia|555-618-5250|8530 Main St, Riverside|MX
9338|Linda Brown|555-126-5388|387 Lakeview Dr, Madison|CO
9339|James Jones|555-802-1559|3464 Lakeview Dr, Bristol|PE
9340|Mary Williams|555-316-1502|1959 Oak Ave, Riverside|CL
9341|Jennifer Smith|555-160-8885|4918 Cedar Rd, Greenville|MX
9342|Robert Garcia|555-127-9155|2782 Pine St, Springfield|CO
9343|Patricia Smith|555-950-3339|2491 Main St, Springfield|PE
9344|Michael Miller|555-840-9170|8854 Cedar Rd, Riverside|CL
9345|Mary Johnson|555-692-9820|4598 Lakeview Dr, Springfield|MX
9346|Patricia Smith|555-407-7315|9928 Pine St, Springfield|CO
9347|James Smith|555-691-9902|460 Maple St, Greenville|PE
9348|Patricia Smith|555-694-7654|5419 Maple St, Springfield|CL
9349|Linda Miller|555-390-7198|3535 Maple St, Springfield|MX
9350|Patricia Miller|555-846-6198|2033 Pine St, Franklin|CO
9351|Robert Garcia|555-197-3526|9883 Maple St, Bristol|PE
9352|Robert Smith|555-283-2331|1201 Cedar Rd, Riverside|CL
9353|Michael Williams|555-804-5274|2790 Lakeview Dr, Greenville|MX
9354|Mary Johnson|555-140-6160|390 Oak Ave, Bristol|CO
9355|Patricia Miller|555-781-6201|5885 Pine St, Springfield|PE
9356|Mary Garcia|555-806-4642|1346 Pine St, Franklin|CL
9357|Michael Johnson|555-709-6329|3810 Main St, Greenville|MX
9358|John Jones|555-657-8825|3476 Lakeview Dr, Riverside|CO
9359|James Williams|555-844-7991|8355 Lakeview Dr, Franklin|PE
9360|Linda Williams|555-821-9054|6656 Oak Ave, Bristol|CL
9361|James Miller|555-521-4744|3373 Main St, Franklin|MX
9362|Michael Jones|555-267-6633|6644 Lakeview Dr, Madison|CO
9363|Linda Brown|555-445-9012|524 Oak Ave, Madison|PE
9364|Mary Miller|555-139-6318|6152 Lakeview Dr, Greenville|CL
9365|Mary Williams|555-963-6641|9564 Oak Ave, Springfield|MX
9366|Robert Williams|555-383-5654|1431 Lakeview Dr, Madison|CO
9367|Mary Williams|555-899-1329|8029 Pine St, Madison|PE
9368|Robert Jones|555-803-3826|2966 Maple St, Bristol|CL
9369|Linda Garcia|555-949-8037|5949 Main St, Bristol|MX
9370|Linda Brown|555-296-5498|7364 Cedar Rd, Madison|CO
9371|John Garcia|555-816-2568|8272 Cedar Rd, Riverside|PE
9372|Patricia Smith|555-592-6335|2939 Main St, Springfield|CL
9373|Jennifer Davis|555-878-1179|5289 Lakeview Dr, Madison|MX
9374|Michael Williams|555-550-1825|2076 Lakeview Dr, Franklin|CO
9375|Michael Miller|555-985-2300|7228 Main St, Madison|PE
9376|Mary Smith|555-957-8137|6773 Oak Ave, Springfield|CL
9377|John Miller|555-434-9857|6025 Oak Ave, Franklin|MX
9378|John Williams|555-771-4685|8877 Cedar Rd, Springfield|CO
9379|Mary Miller|555-928-2632|545 Lakeview Dr, Madison|PE
9380|John Garcia|555-461-1156|9028 Maple St, Bristol|CL
9381|James Smith|555-357-2931|8583 Main St, Madison|MX
9382|Robert Williams|555-119-8481|1958 Oak Ave, Springfield|CO
9383|Jennifer Brown|555-557-4017|3953 Cedar Rd, Madison|PE
9384|Linda Jones|555-378-3114|8506 Cedar Rd, Springfield|CL
9385|John Smith|555-375-6714|992 Main St, Springfield|MX
9386|John Smith|555-108-7041|5832 Lakeview Dr, Riverside|CO
9387|Patricia Miller|555-849-6777|921 Lakeview Dr, Greenville|PE
9388|James Miller|555-566-7288|9861 Main St, Greenville|CL
9389|Linda Johnson|555-999-2135|4282 Main St, Riverside|MX
9390|James Davis|555-552-6535|873 Oak Ave, Springfield|CO
9391|James Miller|555-297-3835|1305 Maple St, Greenville|PE
9392|Jennifer Smith|555-148-5570|6995 Maple St, Franklin|CL
9393|Patricia Williams|555-216-4171|839 Cedar Rd, Springfield|MX
9394|James Brown|555-946-6268|8143 Pine St, Springfield|CO
9395|James Davis|555-367-5447|2082 Cedar Rd, Greenville|PE
9396|Jennifer Johnson|555-265-1791|2506 Lakeview Dr, Riverside|CL
9397|James Williams|555-184-2418|4364 Lakeview Dr, Greenville|MX
9398|John Jones|555-854-4305|5925 Cedar Rd, Springfield|CO
9399|Patricia Davis|555-525-7330|4054 Main St, Riverside|PE
9400|Mary Williams|555-902-2668|6761 Cedar Rd, Greenville|CL
9401|Robert Johnson|555-160-3001|9511 Oak Ave, Bristol|MX
9402|Robert Davis|555-379-1762|8753 Oak Ave, Franklin|CO
9403|John Johnson|555-401-6072|2398 Lakeview Dr, Madison|PE
9404|Patricia Williams|555-290-2698|8777 Maple St, Greenville|CL
9405|John Williams|555-676-7181|9705 Maple St, Springfield|MX
9406|James Smith|555-658-9405|8362 Pine St, Riverside|CO
9407|James Miller|555-262-6348|5151 Maple St, Franklin|PE
9408|Michael Williams|555-280-5743|5227 Main St, Madison|CL
9409|Michael Jones|555-682-4928|4151 Maple St, Madison|MX
9410|Robert Davis|555-536-7521|1307 Maple St, Madison|CO
9411|James Miller|555-816-8434|5590 Pine St, Riverside|PE
9412|Patricia Miller|555-699-5454|1269 Maple St, Bristol|CL
9413|Mary Jones|555-998-7403|5354 Cedar Rd, Greenville|MX
9414|John Garcia|555-241-7568|6434 Lakeview Dr, Bristol|CO
9415|Robert Brown|555-515-9688|9461 Main St, Greenville|PE
9416|Michael Miller|555-234-4830|8948 Maple St, Greenville|CL
9417|Linda Johnson|555-810-6863|6532 Cedar Rd, Greenville|MX
9418|Robert Brown|555-154-9545|9099 Main St, Bristol|CO
9419|Robert Davis|555-533-1494|5232 Lakeview Dr, Franklin|PE
9420|Linda Garcia|555-238-7982|7667 Cedar Rd, Greenville|CL
9421|Patricia Williams|555-841-8436|3339 Main St, Franklin|MX
9422|Michael Smith|555-442-3086|9041 Pine St, Bristol|CO
9423|Mary Smith|555-218-3847|6501 Main St, Riverside|PE
9424|Michael Smith|555-735-6577|313 Maple St, Bristol|CL
9425|Linda Miller|555-602-3041|2364 Main St, Springfield|MX
9426|John Smith|555-679-1607|5907 Cedar Rd, Franklin|CO
9427|Linda Brown|555-367-8013|6115 Pine St, Riverside|PE
9428|James Miller|555-463-7188|2940 Pine St, Greenville|CL
9429|James Garcia|555-192-6521|3119 Maple St, Riverside|MX
9430|Michael Smith|555-318-4847|8064 Cedar Rd, Greenville|CO
9431|Linda Smith|555-228-4609|7854 Cedar Rd, Riverside|PE
9432|Patricia Miller|555-801-1985|5771 Maple St, Springfield|CL
9433|Mary Smith|555-457-1996|2458 Cedar Rd, Greenville|MX
9434|James Davis|555-465-5545|4002 Lakeview Dr, Franklin|CO
9435|Jennifer Williams|555-860-9476|7166 Pine St, Greenville|PE
9436|Michael Miller|555-360-4261|8594 Cedar Rd, Madison|CL
9437|Jennifer Jones|555-226-1085|3498 Maple St, Madison|MX
9438|Robert Williams|555-730-5393|9065 Lakeview Dr, Madison|CO
9439|James Brown|555-655-9954|4368 Main St, Springfield|PE
9440|Patricia Brown|555-288-6781|8896 Lakeview Dr, Riverside|CL
9441|John Jones|555-313-8544|5045 Main St, Bristol|MX
9442|Robert Williams|555-197-3350|1961 Oak Ave, Greenville|CO
9443|Patricia Garcia|555-456-7383|1129 Lakeview Dr, Bristol|PE
9444|Patricia Williams|555-332-8146|1905 Cedar Rd, Springfield|CL
9445|Michael Williams|555-879-8074|3280 Main St, Springfield|MX
9446|Mary Jones|555-108-6598|4581 Maple St, Riverside|CO
9447|Michael Johnson|555-880-4721|8039 Cedar Rd, Madison|PE
9448|Linda Williams|555-464-5522|6132 Lakeview Dr, Riverside|CL
9449|Jennifer Jones|555-990-1639|8144 Oak Ave, Madison|MX
9450|James Garcia|555-611-7077|8703 Maple St, Madison|CO
9451|John Smith|555-771-5208|3816 Lakeview Dr, Riverside|PE
9452|Patricia Smith|555-786-6174|9666 Cedar Rd, Riverside|CL
9453|Mary Garcia|555-488-2268|125 Cedar Rd, Riverside|MX
9454|Mary Jones|555-990-9769|9691 Pine St, Bristol|CO
9455|Robert Davis|555-303-1095|1398 Lakeview Dr, Bristol|PE
9456|Jennifer Smith|555-578-6904|5651 Main St, Riverside|CL
9457|Jennifer Brown|555-844-9833|9547 Pine St, Madison|MX
9458|Jennifer Brown|555-464-7156|1448 Pine St, Bristol|CO
9459|Patricia Miller|555-309-5660|9041 Main St, Bristol|PE
9460|James Davis|555-267-1936|281 Pine St, Madison|CL
9461|Jennifer Johnson|555-362-9716|9380 Pine St, Springfield|MX
9462|Michael Davis|555-742-1569|3975 Oak Ave, Madison|CO
9463|Linda Brown|555-340-9996|4109 Cedar Rd, Riverside|PE
9464|Robert Johnson|555-388-9944|6255 Maple St, Bristol|CL
9465|John Smith|555-718-4348|2239 Cedar Rd, Springfield|MX
9466|Jennifer Brown|555-788-6036|5975 Main St, Franklin|CO
9467|Linda Williams|555-121-4392|2161 Oak Ave, Madison|PE
9468|Linda Williams|555-985-6099|5114 Main St, Riverside|CL
9469|Michael Brown|555-421-3027|7489 Cedar Rd, Franklin|MX
9470|Mary Brown|555-249-8764|8124 Lakeview Dr, Franklin|CO
9471|Michael Smith|555-660-6401|2574 Main St, Bristol|PE
9472|James Davis|555-822-8327|8833 Oak Ave, Franklin|CL
9473|Patricia Garcia|555-503-3937|4004 Cedar Rd, Madison|MX
9474|Jennifer Garcia|555-371-1958|9942 Lakeview Dr, Madison|CO
9475|Patricia Brown|555-972-9003|2491 Main St, Bristol|PE
9476|Mary Johnson|555-369-8034|1770 Oak Ave, Riverside|CL
9477|Michael Brown|555-859-8043|7864 Pine St, Riverside|MX
9478|Patricia Miller|555-442-2724|9386 Maple St, Springfield|CO
9479|Robert Jones|555-190-2387|744 Maple St, Springfield|PE
9480|James Smith|555-304-3328|2755 Lakeview Dr, Franklin|CL
9481|Robert Jones|555-542-4974|2087 Maple St, Madison|MX
9482|Linda Davis|555-509-5164|4989 Main St, Franklin|CO
9483|Patricia Johnson|555-515-5023|1615 Oak Ave, Springfield|PE
9484|Robert Davis|555-679-2211|1281 Maple St, Madison|CL
9485|Mary Garcia|555-435-1270|5698 Maple St, Bristol|MX
9486|Jennifer Williams|555-137-8909|5890 Oak Ave, Madison|CO
9487|James Williams|555-840-2929|1531 Oak Ave, Madison|PE
9488|John Williams|555-348-3197|4258 Cedar Rd, Springfield|CL
9489|Patricia Garcia|555-277-1717|403 Lakeview Dr, Bristol|MX
9490|Linda Jones|555-203-1218|1344 Cedar Rd, Greenville|CO
9491|Patricia Williams|555-822-8197|6100 Main St, Riverside|PE
9492|Michael Miller|555-434-1884|8418 Lakeview Dr, Franklin|CL
9493|Linda Miller|555-142-5501|4479 Lakeview Dr, Greenville|MX
9494|Robert Williams|555-509-4039|4506 Cedar Rd, Riverside|CO
9495|Mary Johnson|555-334-1603|6550 Lakeview Dr, Springfield|PE
9496|Robert Jones|555-823-4282|7743 Maple St, Bristol|CL
9497|James Garcia|555-159-9164|2572 Maple St, Greenville|MX
9498|Patricia Smith|555-412-6461|2407 Lakeview Dr, Riverside|CO
9499|Linda Jones|555-806-8426|1166 Cedar Rd, Bristol|PE
9500|Michael Brown|555-351-5054|5544 Main St, Madison|CL
9501|John Smith|555-804-9303|1928 Pine St, Springfield|MX
9502|Mary Miller|555-440-2357|936 Pine St, Springfield|CO
9503|Jennifer Johnson|555-410-6292|5806 Lakeview Dr, Bristol|PE
9504|Michael Johnson|555-583-8031|1751 Main St, Madison|CL
9505|Patricia Davis|555-354-9628|6032 Pine St, Madison|MX
9506|James Johnson|555-511-5310|5910 Maple St, Madison|CO
9507|Patricia Smith|555-867-3303|1245 Lakeview Dr, Riverside|PE
9508|Mary Smith|555-871-1051|8735 Maple St, Madison|CL
9509|Patricia Williams|555-663-1256|9761 Cedar Rd, Madison|MX
9510|Robert Miller|555-592-8350|1924 Cedar Rd, Springfield|CO
9511|Michael Miller|555-494-4424|1543 Pine St, Franklin|PE
9512|Robert Smith|555-330-9446|5117 Lakeview Dr, Bristol|CL
9513|Mary Miller|555-604-4083|7641 Cedar Rd, Bristol|MX
9514|James Williams|555-691-2009|9064 Maple St, Bristol|CO
9515|Robert Smith|555-924-6307|9845 Main St, Riverside|PE
9516|Mary Davis|555-638-4486|4613 Pine St, Riverside|CL
9517|Robert Garcia|555-960-4064|2705 Pine St, Riverside|MX
9518|John Smith|555-306-4609|5391 Lakeview Dr, Riverside|CO
9519|John Davis|555-296-6590|3257 Pine St, Bristol|PE
9520|Linda Garcia|555-295-4137|5069 Lakeview Dr, Bristol|CL
9521|Mary Johnson|555-923-5408|3935 Cedar Rd, Riverside|MX
9522|Michael Williams|555-971-6870|2468 Lakeview Dr, Springfield|CO
9523|Linda Miller|555-370-8411|595 Oak Ave, Springfield|PE
9524|Mary Miller|555-416-6415|6546 Oak Ave, Bristol|CL
9525|John Garcia|555-146-9095|9532 Oak Ave, Riverside|MX
9526|Linda Williams|555-627-2866|8895 Maple St, Riverside|CO
9527|Patricia Jones|555-204-7248|4608 Oak Ave, Franklin|PE
9528|John Garcia|555-690-2735|8566 Cedar Rd, Springfield|CL
9529|Linda Jones|555-234-8143|4292 Maple St, Greenville|MX
9530|Mary Davis|555-539-7711|9521 Lakeview Dr, Springfield|CO
9531|Patricia Jones|555-140-2409|692 Cedar Rd, Riverside|PE
9532|James Miller|555-603-7082|5952 Lakeview Dr, Springfield|CL
9533|James Brown|555-636-6473|9230 Main St, Bristol|MX
9534|James Jones|555-387-4932|1724 Main St, Riverside|CO
9535|James Davis|555-312-8678|7183 Cedar Rd, Greenville|PE
9536|Patricia Garcia|555-576-1784|1753 Lakeview Dr, Greenville|CL
9537|Mary Johnson|555-117-4922|7713 Pine St, Greenville|MX
9538|Jennifer Miller|555-789-5100|107 Main St, Riverside|CO
9539|Robert Williams|555-702-3357|1069 Oak Ave, Riverside|PE
9540|Robert Garcia|555-215-3721|8862 Oak Ave, Bristol|CL
9541|Jennifer Jones|555-233-7501|436 Oak Ave, Madison|MX
9542|Mary Williams|555-615-3836|8369 Oak Ave, Greenville|CO
9543|Jennifer Johnson|555-286-2076|5295 Maple St, Greenville|PE
9544|Linda Smith|555-836-5085|4422 Oak Ave, Bristol|CL
9545|James Garcia|555-535-1321|4203 Maple St, Springfield|MX
9546|James Brown|555-268-9780|8395 Cedar Rd, Madison|CO
9547|Jennifer Johnson|555-508-9917|1491 Maple St, Madison|PE
9548|Robert Brown|555-361-6400|2710 Maple St, Riverside|CL
9549|Linda Brown|555-522-9640|7420 Oak Ave, Springfield|MX
9550|Mary Garcia|555-197-2503|6862 Main St, Riverside|CO
9551|John Williams|555-230-7496|9509 Oak Ave, Greenville|PE
9552|James Smith|555-107-1840|9287 Cedar Rd, Bristol|CL
9553|Patricia Smith|555-976-7327|5746 Oak Ave, Bristol|MX
9554|John Johnson|555-463-2743|1166 Pine St, Riverside|CO
9555|Robert Williams|555-336-5666|7759 Oak Ave, Greenville|PE
9556|Jennifer Jones|555-333-7514|6043 Oak Ave, Franklin|CL
9557|Michael Johnson|555-351-3329|1095 Main St, Riverside|MX
9558|Jennifer Williams|555-959-3768|6716 Cedar Rd, Riverside|CO
9559|Patricia Johnson|555-121-3478|1979 Lakeview Dr, Bristol|PE
9560|Linda Miller|555-558-4440|6443 Main St, Bristol|CL
9561|Linda Brown|555-621-3407|9877 Lakeview Dr, Bristol|MX
9562|Robert Williams|555-258-5671|7438 Oak Ave, Riverside|CO
9563|Robert Brown|555-158-5933|960 Maple St, Bristol|PE
9564|Robert Brown|555-819-4075|8995 Main St, Madison|CL
9565|James Jones|555-980-3090|6432 Maple St, Franklin|MX
9566|Michael Brown|555-626-3202|1987 Oak Ave, Franklin|CO
9567|Jennifer Smith|555-142-4926|928 Main St, Riverside|PE
9568|Robert Williams|555-983-3493|8045 Main St, Greenville|CL
9569|Linda Davis|555-187-5827|7789 Lakeview Dr, Greenville|MX
9570|Jennifer Brown|555-858-8665|528 Maple St, Greenville|CO
9571|John Miller|555-310-6220|541 Main St, Springfield|PE
9572|Robert Miller|555-783-1224|3097 Cedar Rd, Riverside|CL
9573|Linda Williams|555-563-8260|4003 Main St, Bristol|MX
9574|John Jones|555-342-7773|8275 Lakeview Dr, Madison|CO
9575|Patricia Johnson|555-452-8162|1462 Maple St, Franklin|PE
9576|Patricia Davis|555-341-6292|4582 Oak Ave, Greenville|CL
9577|Patricia Davis|555-493-4108|3802 Pine St, Springfield|MX
9578|Robert Williams|555-536-4774|3628 Oak Ave, Riverside|CO
9579|Patricia Brown|555-384-5447|8480 Lakeview Dr, Bristol|PE
9580|Linda Johnson|555-238-6119|2925 Pine St, Franklin|CL
9581|Jennifer Smith|555-201-8284|7630 Maple St, Bristol|MX
9582|Robert Williams|555-175-4481|4209 Pine St, Riverside|CO
9583|Patricia Garcia|555-173-8356|5697 Pine St, Springfield|PE
9584|Robert Brown|555-979-4967|4682 Maple St, Springfield|CL
9585|Mary Smith|555-244-1120|306 Maple St, Greenville|MX
9586|Jennifer Davis|555-919-8228|7296 Pine St, Greenville|CO
9587|Jennifer Brown|555-611-9584|8850 Cedar Rd, Franklin|PE
9588|Michael Miller|555-425-6433|3231 Maple St, Greenville|CL
9589|Linda Miller|555-392-8581|5279 Pine St, Franklin|MX
9590|James Davis|555-488-3911|7998 Main St, Bristol|CO
9591|James Garcia|555-507-8221|6993 Main St, Greenville|PE
9592|Patricia Davis|555-994-7562|9370 Cedar Rd, Bristol|CL
9593|John Garcia|555-397-7063|3386 Cedar Rd, Greenville|MX
9594|Mary Johnson|555-264-2106|8965 Maple St, Riverside|CO
9595|Linda Davis|555-227-8868|1206 Oak Ave, Bristol|PE
9596|Michael Garcia|555-106-3920|7652 Maple St, Greenville|CL
9597|Linda Smith|555-474-4689|9490 Cedar Rd, Springfield|MX
9598|John Davis|555-202-5499|2742 Cedar Rd, Riverside|CO
9599|James Williams|555-656-9526|2302 Oak Ave, Springfield|PE
9600|Robert Williams|555-151-4747|6244 Lakeview Dr, Bristol|CL
9601|Jennifer Smith|555-450-1868|4513 Maple St, Greenville|MX
9602|Jennifer Miller|555-357-3240|2378 Lakeview Dr, Madison|CO
9603|Mary Miller|555-835-7409|4442 Pine St, Bristol|PE
9604|James Garcia|555-209-8848|5487 Pine St, Springfield|CL
9605|Patricia Garcia|555-584-3037|9634 Maple St, Springfield|MX
9606|Michael Miller|555-542-9876|4070 Lakeview Dr, Springfield|CO
9607|Robert Brown|555-491-9196|968 Cedar Rd, Madison|PE
9608|Mary Jones|555-235-3920|3753 Cedar Rd, Riverside|CL
9609|John Garcia|555-213-8671|2444 Pine St, Bristol|MX
9610|Robert Brown|555-714-2375|6542 Maple St, Riverside|CO
9611|Linda Jones|555-543-6050|7624 Lakeview Dr, Bristol|PE
9612|Michael Jones|555-427-6866|500 Maple St, Bristol|CL
9613|Patricia Davis|555-465-9365|4995 Cedar Rd, Springfield|MX
9614|James Davis|555-786-3793|2185 Maple St, Riverside|CO
9615|Linda Davis|555-823-7402|7764 Oak Ave, Franklin|PE
9616|John Brown|555-445-1857|5973 Cedar Rd, Springfield|CL
9617|Michael Davis|555-509-6415|8559 Oak Ave, Franklin|MX
9618|Patricia Miller|555-198-9386|1409 Cedar Rd, Franklin|CO
9619|James Miller|555-924-8164|4405 Oak Ave, Franklin|PE
9620|John Brown|555-117-8259|1434 Lakeview Dr, Madison|CL
9621|Patricia Johnson|555-791-8840|8908 Main St, Springfield|MX
9622|Mary Brown|555-477-4564|4179 Lakeview Dr, Riverside|CO
9623|Jennifer Smith|555-168-3084|202 Pine St, Madison|PE
9624|Patricia Smith|555-325-8002|4785 Cedar Rd, Bristol|CL
9625|John Smith|555-298-9836|8372 Oak Ave, Bristol|MX
9626|John Jones|555-488-7863|3010 Cedar Rd, Greenville|CO
9627|Jennifer Johnson|555-616-6193|3325 Oak Ave, Springfield|PE
9628|James Smith|555-747-3695|9128 Cedar Rd, Madison|CL
9629|Linda Smith|555-158-4370|7241 Main St, Riverside|MX
9630|Linda Miller|555-687-1954|6074 Oak Ave, Madison|CO
9631|Robert Brown|555-550-1542|3495 Main St, Riverside|PE
9632|James Brown|555-714-9029|9104 Oak Ave, Madison|CL
9633|John Williams|555-608-1172|1282 Oak Ave, Bristol|MX
9634|Robert Smith|555-773-3451|5490 Pine St, Madison|CO
9635|Robert Jones|555-877-2223|1091 Oak Ave, Springfield|PE
9636|Jennifer Williams|555-632-2528|4947 Maple St, Riverside|CL
9637|Michael Jones|555-517-6720|4510 Main St, Riverside|MX
9638|Mary Davis|555-342-8968|5009 Maple St, Bristol|CO
9639|Mary Jones|555-858-1276|2115 Cedar Rd, Madison|PE
9640|Mary Miller|555-289-9058|1380 Oak Ave, Riverside|CL
9641|Robert Miller|555-609-8660|9026 Main St, Greenville|MX
9642|Robert Garcia|555-138-8370|6539 Oak Ave, Springfield|CO
9643|James Williams|555-170-9953|1214 Pine St, Bristol|PE
9644|Mary Smith|555-360-2023|6692 Maple St, Riverside|CL
9645|John Johnson|555-831-5740|9037 Maple St, Springfield|MX
9646|Robert Brown|555-764-3271|7402 Main St, Springfield|CO
9647|Mary Miller|555-387-4196|5843 Oak Ave, Madison|PE
9648|John Smith|555-167-9272|4641 Main St, Springfield|CL
9649|Patricia Miller|555-879-2393|4308 Lakeview Dr, Bristol|MX
9650|James Brown|555-462-3509|8423 Oak Ave, Madison|CO
9651|Mary Smith|555-199-9458|1185 Main St, Bristol|PE
9652|Mary Davis|555-209-7642|6825 Lakeview Dr, Madison|CL
9653|Robert Brown|555-574-8050|9525 Maple St, Bristol|MX
9654|Mary Brown|555-340-1382|8171 Lakeview Dr, Riverside|CO
9655|John Williams|555-266-7086|4819 Pine St, Greenville|PE
9656|Michael Davis|555-368-6534|5655 Maple St, Madison|CL
9657|John Jones|555-407-5957|897 Maple St, Riverside|MX
9658|Robert Smith|555-730-2076|9160 Lakeview Dr, Franklin|CO
9659|Mary Garcia|555-838-7338|322 Lakeview Dr, Springfield|PE
9660|John Johnson|555-960-9280|7222 Main St, Riverside|CL
9661|Linda Jones|555-897-7577|8479 Oak Ave, Springfield|MX
9662|James Brown|555-200-1765|4741 Oak Ave, Franklin|CO
9663|Linda Davis|555-907-8261|2521 Cedar Rd, Bristol|PE
9664|Mary Davis|555-797-4420|5613 Cedar Rd, Greenville|CL
9665|Patricia Brown|555-401-6941|8653 Pine St, Madison|MX
9666|Robert Johnson|555-343-1517|6911 Maple St, Franklin|CO
9667|James Garcia|555-984-2442|2928 Maple St, Madison|PE
9668|Mary Brown|555-356-7511|3962 Maple St, Franklin|CL
9669|Mary Garcia|555-449-8165|5101 Oak Ave, Riverside|MX
9670|Linda Johnson|555-870-2985|3774 Lakeview Dr, Greenville|CO
9671|Mary Davis|555-189-9189|4838 Main St, Greenville|PE
9672|Linda Brown|555-676-3925|2266 Main St, Springfield|CL
9673|Patricia Williams|555-647-6397|9490 Oak Ave, Greenville|MX
9674|Patricia Garcia|555-822-1552|9033 Main St, Riverside|CO
9675|James Miller|555-519-5622|5816 Maple St, Riverside|PE
9676|Michael Williams|555-574-3051|5542 Maple St, Riverside|CL
9677|James Jones|555-646-2128|5322 Oak Ave, Madison|MX
9678|Patricia Jones|555-271-4508|5607 Oak Ave, Greenville|CO
9679|Robert Johnson|555-144-4939|3930 Lakeview Dr, Riverside|PE
9680|Linda Jones|555-408-4805|1498 Pine St, Franklin|CL
9681|James Smith|555-695-5518|3082 Pine St, Greenville|MX
9682|Linda Jones|555-168-5626|755 Pine St, Bristol|CO
9683|Jennifer Davis|555-505-7880|4030 Oak Ave, Madison|PE
9684|Robert Jones|555-711-9346|6140 Pine St, Bristol|CL
9685|Linda Johnson|555-149-4360|9507 Oak Ave, Greenville|MX
9686|Jennifer Johnson|555-901-3835|5657 Maple St, Riverside|CO
9687|Michael Smith|555-137-4664|4781 Cedar Rd, Franklin|PE
9688|Patricia Jones|555-921-4898|1649 Cedar Rd, Greenville|CL
9689|Jennifer Smith|555-846-4422|4675 Lakeview Dr, Greenville|MX
9690|John Williams|555-491-6257|6720 Oak Ave, Franklin|CO
9691|Robert Jones|555-429-9918|2662 Cedar Rd, Springfield|PE
9692|James Jones|555-661-6319|3357 Maple St, Springfield|CL
9693|Linda Garcia|555-754-7708|4527 Lakeview Dr, Bristol|MX
9694|Jennifer Smith|555-471-5638|491 Cedar Rd, Springfield|CO
9695|John Johnson|555-594-9342|6895 Main St, Riverside|PE
9696|Patricia Johnson|555-800-5939|3565 Lakeview Dr, Franklin|CL
9697|Robert Jones|555-439-4428|251 Pine St, Riverside|MX
9698|Michael Jones|555-959-2877|2686 Cedar Rd, Bristol|CO
9699|Mary Jones|555-519-8618|2144 Main St, Bristol|PE
9700|Patricia Smith|555-123-2475|3412 Maple St, Franklin|CL
9701|Michael Brown|555-667-7939|3408 Maple St, Greenville|MX
9702|James Brown|555-513-5844|4640 Pine St, Madison|CO
9703|Jennifer Davis|555-229-3126|6524 Oak Ave, Greenville|PE
9704|Patricia Smith|555-684-3078|1686 Lakeview Dr, Greenville|CL
9705|Jennifer Brown|555-506-7581|5139 Lakeview Dr, Bristol|MX
9706|James Williams|555-214-1033|4073 Maple St, Greenville|CO
9707|Jennifer Smith|555-509-6590|3402 Cedar Rd, Greenville|PE
9708|John Smith|555-480-5760|2674 Main St, Madison|CL
9709|Mary Garcia|555-622-1981|4272 Oak Ave, Greenville|MX
9710|Mary Garcia|555-535-8921|8223 Cedar Rd, Franklin|CO
9711|Mary Davis|555-596-9514|6101 Lakeview Dr, Springfield|PE
9712|Robert Williams|555-405-3504|7742 Maple St, Bristol|CL
9713|Patricia Johnson|555-291-1162|7703 Cedar Rd, Madison|MX
9714|Jennifer Williams|555-613-8121|1752 Main St, Riverside|CO
9715|Robert Jones|555-999-8163|2808 Lakeview Dr, Riverside|PE
9716|Patricia Johnson|555-799-9171|8400 Pine St, Greenville|CL
9717|Mary Smith|555-341-5007|6641 Pine St, Bristol|MX
9718|James Smith|555-615-8761|6401 Lakeview Dr, Greenville|CO
9719|Linda Garcia|555-251-5495|754 Lakeview Dr, Greenville|PE
9720|Mary Williams|555-186-1836|7906 Lakeview Dr, Riverside|CL
9721|Mary Smith|555-491-7168|1322 Lakeview Dr, Franklin|MX
9722|Patricia Jones|555-335-5877|2314 Oak Ave, Bristol|CO
9723|James Garcia|555-759-3648|8063 Lakeview Dr, Bristol|PE
9724|Michael Johnson|555-632-9578|3353 Oak Ave, Franklin|CL
9725|Patricia Davis|555-101-8906|8483 Main St, Franklin|MX
9726|Robert Smith|555-929-6933|378 Cedar Rd, Riverside|CO
9727|Jennifer Davis|555-162-5157|7817 Maple St, Springfield|PE
9728|Robert Jones|555-779-2937|226 Main St, Greenville|CL
9729|Linda Davis|555-638-8794|7911 Main St, Bristol|MX
9730|Michael Smith|555-354-4112|7337 Oak Ave, Madison|CO
9731|Mary Garcia|555-383-8475|5564 Lakeview Dr, Greenville|PE
9732|James Johnson|555-734-5288|7288 Cedar Rd, Madison|CL
9733|James Jones|555-563-7449|5364 Pine St, Madison|MX
9734|John Johnson|555-649-5421|4695 Pine St, Springfield|CO
9735|Michael Williams|555-774-2463|9443 Lakeview Dr, Springfield|PE
9736|Linda Brown|555-521-8419|8272 Pine St, Franklin|CL
9737|Patricia Miller|555-734-3373|498 Cedar Rd, Riverside|MX
9738|Patricia Davis|555-862-1815|7184 Lakeview Dr, Madison|CO
9739|Mary Garcia|555-323-8852|2079 Lakeview Dr, Springfield|PE
9740|Mary Johnson|555-250-2545|5451 Lakeview Dr, Riverside|CL
9741|Michael Brown|555-348-9584|2146 Lakeview Dr, Greenville|MX
9742|John Jones|555-880-9648|4375 Lakeview Dr, Greenville|CO
9743|Robert Johnson|555-491-1392|4818 Lakeview Dr, Springfield|PE
9744|Robert Miller|555-983-1208|6339 Oak Ave, Greenville|CL
9745|Michael Williams|555-722-9902|9560 Lakeview Dr, Riverside|MX
9746|John Smith|555-451-4074|8962 Cedar Rd, Greenville|CO
9747|Linda Garcia|555-410-4595|4781 Lakeview Dr, Bristol|PE
9748|Michael Davis|555-264-2500|2987 Oak Ave, Riverside|CL
9749|Linda Williams|555-487-8589|5412 Oak Ave, Bristol|MX
9750|Michael Miller|555-824-9614|3771 Main St, Bristol|CO
9751|Michael Garcia|555-705-4356|5900 Pine St, Greenville|PE
9752|Michael Brown|555-537-5166|2953 Cedar Rd, Greenville|CL
9753|Michael Williams|555-238-5605|1236 Cedar Rd, Riverside|MX
9754|Jennifer Davis|555-884-7242|9973 Lakeview Dr, Springfield|CO
9755|John Smith|555-458-9707|518 Maple St, Franklin|PE
9756|James Johnson|555-809-3675|6121 Oak Ave, Bristol|CL
9757|John Davis|555-772-7757|1451 Pine St, Madison|MX
9758|Mary Garcia|555-918-9431|7171 Pine St, Franklin|CO
9759|Michael Brown|555-595-1312|9591 Lakeview Dr, Franklin|PE
9760|James Davis|555-277-3746|4780 Maple St, Franklin|CL
9761|Mary Brown|555-257-7307|2393 Maple St, Franklin|MX
9762|John Garcia|555-954-8502|8989 Oak Ave, Riverside|CO
9763|Mary Johnson|555-655-8650|8486 Lakeview Dr, Riverside|PE
9764|Jennifer Williams|555-747-7767|6159 Main St, Greenville|CL
9765|John Williams|555-884-9269|2203 Oak Ave, Riverside|MX
9766|John Davis|555-828-1567|9338 Oak Ave, Madison|CO
9767|Linda Garcia|555-412-7610|3908 Lakeview Dr, Franklin|PE
9768|Linda Smith|555-912-7540|2751 Pine St, Bristol|CL
9769|Jennifer Jones|555-173-9956|3019 Maple St, Riverside|MX
9770|James Brown|555-412-3068|7002 Pine St, Bristol|CO
9771|John Miller|555-696-8890|5923 Maple St, Bristol|PE
9772|Linda Garcia|555-993-9270|4450 Pine St, Greenville|CL
9773|James Garcia|555-548-2045|3194 Pine St, Riverside|MX
9774|Mary Smith|555-840-8738|4808 Cedar Rd, Bristol|CO
9775|Jennifer Johnson|555-918-7382|2304 Oak Ave, Riverside|PE
9776|Robert Johnson|555-498-5109|3270 Maple St, Franklin|CL
9777|Patricia Brown|555-642-9585|3493 Maple St, Greenville|MX
9778|Jennifer Williams|555-902-2692|996 Main St, Madison|CO
9779|John Garcia|555-153-8322|8396 Maple St, Greenville|PE
9780|Michael Garcia|555-133-9497|7331 Maple St, Franklin|CL
9781|Michael Davis|555-380-8807|9025 Lakeview Dr, Bristol|MX
9782|Michael Davis|555-722-1680|7825 Oak Ave, Riverside|CO
9783|Mary Miller|555-617-4703|9068 Main St, Greenville|PE
9784|Mary Johnson|555-522-4370|8428 Lakeview Dr, Bristol|CL
9785|Linda Brown|555-600-7020|7471 Maple St, Springfield|MX
9786|James Williams|555-115-4561|7842 Cedar Rd, Franklin|CO
9787|Mary Johnson|555-834-2287|7897 Maple St, Bristol|PE
9788|John Brown|555-293-3355|2317 Maple St, Riverside|CL
9789|Patricia Brown|555-830-2302|695 Lakeview Dr, Greenville|MX
9790|Patricia Jones|555-133-8132|4587 Oak Ave, Madison|CO
9791|Robert Williams|555-364-7581|8344 Lakeview Dr, Springfield|PE
9792|Michael Johnson|555-718-7042|5997 Pine St, Riverside|CL
9793|John Davis|555-376-4331|5759 Maple St, Springfield|MX
9794|James Williams|555-547-8199|3632 Lakeview Dr, Franklin|CO
9795|Linda Williams|555-181-2219|4943 Maple St, Riverside|PE
9796|John Garcia|555-167-3321|8517 Oak Ave, Greenville|CL
9797|Robert Garcia|555-723-4423|3895 Oak Ave, Franklin|MX
9798|Jennifer Miller|555-854-1194|3388 Pine St, Springfield|CO
9799|Mary Miller|555-257-9360|7388 Maple St, Madison|PE
9800|James Jones|555-653-7362|4706 Main St, Riverside|CL
9801|James Miller|555-447-3995|6638 Lakeview Dr, Riverside|MX
9802|James Williams|555-506-5781|327 Pine St, Riverside|CO
9803|Robert Miller|555-817-1818|7895 Pine St, Madison|PE
9804|Patricia Smith|555-168-6309|3290 Maple St, Bristol|CL
9805|Mary Davis|555-220-5585|7525 Main St, Franklin|MX
9806|Mary Brown|555-876-7516|1875 Oak Ave, Bristol|CO
9807|James Smith|555-802-3800|3996 Pine St, Bristol|PE
9808|Jennifer Smith|555-773-8894|8759 Lakeview Dr, Madison|CL
9809|Robert Garcia|555-405-6540|3835 Maple St, Riverside|MX
9810|Michael Garcia|555-673-7757|8415 Oak Ave, Riverside|CO
9811|Michael Jones|555-185-6523|3235 Oak Ave, Franklin|PE
9812|Mary Williams|555-528-4825|5518 Main St, Madison|CL
9813|Jennifer Johnson|555-683-4013|2479 Main St, Franklin|MX
9814|Michael Smith|555-486-4821|5467 Oak Ave, Bristol|CO
9815|Linda Garcia|555-875-4230|602 Lakeview Dr, Bristol|PE
9816|John Davis|555-928-6978|7000 Maple St, Greenville|CL
9817|Michael Miller|555-484-4419|9113 Main St, Bristol|MX
9818|Michael Brown|555-566-4254|4104 Main St, Springfield|CO
9819|James Miller|555-311-1135|8654 Cedar Rd, Springfield|PE
9820|Michael Garcia|555-379-2651|2269 Cedar Rd, Bristol|CL
9821|Linda Davis|555-411-6752|6158 Cedar Rd, Greenville|MX
9822|Patricia Williams|555-124-3426|8504 Oak Ave, Franklin|CO
9823|Linda Brown|555-799-3174|7827 Pine St, Riverside|PE
9824|John Williams|555-866-2396|7268 Maple St, Greenville|CL
9825|Patricia Jones|555-901-1937|3006 Oak Ave, Springfield|MX
9826|Jennifer Smith|555-673-4714|7736 Lakeview Dr, Bristol|CO
9827|Michael Williams|555-686-4997|6142 Main St, Springfield|PE
9828|Linda Johnson|555-899-4943|6929 Lakeview Dr, Madison|CL
9829|James Williams|555-570-9975|9827 Maple St, Greenville|MX
9830|Linda Miller|555-228-8870|4363 Lakeview Dr, Bristol|CO
9831|Linda Garcia|555-554-6987|7984 Lakeview Dr, Riverside|PE
9832|James Brown|555-301-2695|404 Main St, Springfield|CL
9833|Patricia Jones|555-532-8535|1615 Main St, Springfield|MX
9834|Michael Johnson|555-790-6023|660 Cedar Rd, Franklin|CO
9835|Michael Williams|555-782-1365|9646 Lakeview Dr, Bristol|PE
9836|Patricia Miller|555-571-6721|6512 Lakeview Dr, Springfield|CL
9837|Patricia Smith|555-574-7304|8520 Maple St, Springfield|MX
9838|Jennifer Davis|555-579-8170|2381 Maple St, Greenville|CO
9839|Mary Garcia|555-119-8991|2846 Main St, Springfield|PE
9840|Jennifer Jones|555-798-7072|4416 Main St, Franklin|CL
9841|James Garcia|555-703-8816|8367 Maple St, Madison|MX
9842|Linda Johnson|555-938-4354|4931 Main St, Bristol|CO
9843|Michael Johnson|555-180-4965|5393 Maple St, Madison|PE
9844|Linda Williams|555-936-2567|4529 Pine St, Madison|CL
9845|Patricia Johnson|555-761-4162|5444 Lakeview Dr, Madison|MX
9846|Robert Williams|555-557-6079|512 Maple St, Madison|CO
9847|James Garcia|555-392-1575|3989 Cedar Rd, Springfield|PE
9848|Patricia Brown|555-174-8588|5387 Maple St, Riverside|CL
9849|Linda Williams|555-729-9230|9961 Cedar Rd, Riverside|MX
9850|Michael Davis|555-426-2330|3333 Maple St, Franklin|CO
9851|James Jones|555-682-3830|4620 Pine St, Madison|PE
9852|John Davis|555-530-3516|6539 Maple St, Franklin|CL
9853|Jennifer Williams|555-656-4424|899 Lakeview Dr, Bristol|MX
9854|Mary Garcia|555-784-2755|2242 Oak Ave, Riverside|CO
9855|Patricia Brown|555-646-5550|3417 Cedar Rd, Greenville|PE
9856|Jennifer Davis|555-804-5153|3889 Oak Ave, Springfield|CL
9857|Jennifer Jones|555-404-3760|3236 Lakeview Dr, Springfield|MX
9858|Patricia Johnson|555-595-1844|1686 Maple St, Greenville|CO
9859|Mary Davis|555-463-9118|459 Maple St, Madison|PE
9860|John Williams|555-994-5963|7126 Cedar Rd, Madison|CL
9861|Robert Garcia|555-629-4705|6533 Oak Ave, Madison|MX
9862|James Garcia|555-769-8167|9032 Main St, Greenville|CO
9863|Michael Davis|555-922-9404|3620 Pine St, Madison|PE
9864|John Garcia|555-992-4262|9598 Pine St, Greenville|CL
9865|Mary Garcia|555-120-6856|4993 Lakeview Dr, Madison|MX
9866|Mary Johnson|555-310-8473|9596 Oak Ave, Madison|CO
9867|Michael Brown|555-263-9794|8938 Maple St, Springfield|PE
9868|Patricia Williams|555-141-5189|5362 Cedar Rd, Springfield|CL
9869|Jennifer Jones|555-281-7518|5184 Maple St, Riverside|MX
9870|Mary Garcia|555-568-3256|4568 Oak Ave, Franklin|CO
9871|Patricia Brown|555-758-8214|2522 Oak Ave, Bristol|PE
9872|Robert Garcia|555-582-6568|2822 Maple St, Madison|CL
9873|Patricia Williams|555-106-9376|1967 Cedar Rd, Springfield|MX
9874|Michael Brown|555-711-2381|283 Lakeview Dr, Bristol|CO
9875|Linda Williams|555-414-7707|6594 Lakeview Dr, Riverside|PE
9876|John Jones|555-857-1213|6212 Pine St, Madison|CL
9877|James Garcia|555-804-9135|8622 Pine St, Madison|MX
9878|Jennifer Smith|555-356-8268|7957 Cedar Rd, Franklin|CO
9879|Patricia Jones|555-681-9690|500 Cedar Rd, Madison|PE
9880|Linda Jones|555-553-4936|3642 Pine St, Bristol|CL
9881|Linda Jones|555-785-7653|3605 Cedar Rd, Madison|MX
9882|Mary Jones|555-388-2436|236 Cedar Rd, Greenville|CO
9883|Patricia Davis|555-287-7489|9357 Lakeview Dr, Springfield|PE
9884|James Johnson|555-486-4634|8660 Cedar Rd, Madison|CL
9885|James Garcia|555-654-9164|5338 Maple St, Springfield|MX
9886|Robert Smith|555-158-1795|3572 Cedar Rd, Riverside|CO
9887|Patricia Williams|555-520-4644|2780 Oak Ave, Franklin|PE
9888|Mary Johnson|555-799-2938|4343 Main St, Madison|CL
9889|Mary Jones|555-333-7527|6197 Maple St, Bristol|MX
9890|Robert Johnson|555-423-9551|3640 Maple St, Springfield|CO
9891|John Williams|555-624-1668|6300 Maple St, Springfield|PE
9892|John Garcia|555-714-3959|7943 Lakeview Dr, Franklin|CL
9893|Michael Jones|555-688-5531|6309 Oak Ave, Riverside|MX
9894|Linda Garcia|555-884-6905|3808 Pine St, Riverside|CO
9895|James Miller|555-582-4100|2010 Main St, Greenville|PE
9896|John Johnson|555-813-8121|6864 Pine St, Greenville|CL
9897|Jennifer Johnson|555-481-5405|7176 Maple St, Springfield|MX
9898|Patricia Johnson|555-442-4681|7002 Maple St, Riverside|CO
9899|John Jones|555-593-1567|1810 Pine St, Springfield|PE
9900|Michael Garcia|555-315-1371|5051 Cedar Rd, Riverside|CL
9901|Robert Johnson|555-278-1534|3425 Cedar Rd, Riverside|MX
9902|John Garcia|555-814-5600|9600 Main St, Madison|CO
9903|John Brown|555-564-3746|1935 Cedar Rd, Bristol|PE
9904|James Brown|555-581-4972|9938 Main St, Franklin|CL
9905|Mary Johnson|555-909-2115|4580 Pine St, Springfield|MX
9906|Jennifer Davis|555-215-1423|1543 Cedar Rd, Greenville|CO
9907|John Garcia|555-694-9974|4363 Cedar Rd, Franklin|PE
9908|Patricia Jones|555-441-1305|2760 Main St, Greenville|CL
9909|Linda Brown|555-828-9025|5138 Cedar Rd, Riverside|MX
9910|Mary Jones|555-809-5904|913 Cedar Rd, Franklin|CO
9911|Michael Davis|555-387-7322|8528 Cedar Rd, Madison|PE
9912|Robert Williams|555-741-2858|7576 Pine St, Greenville|CL
9913|Robert Garcia|555-244-3846|6635 Cedar Rd, Madison|MX
9914|Patricia Brown|555-681-4185|1105 Maple St, Riverside|CO
9915|Mary Garcia|555-899-7747|9345 Oak Ave, Riverside|PE
9916|James Johnson|555-179-9469|1582 Maple St, Riverside|CL
9917|James Miller|555-906-1887|5758 Oak Ave, Greenville|MX
9918|Mary Johnson|555-237-8856|9759 Cedar Rd, Riverside|CO
9919|Michael Davis|555-327-1824|7868 Cedar Rd, Madison|PE
9920|John Johnson|555-382-5883|8698 Maple St, Riverside|CL
9921|John Miller|555-144-3329|6613 Lakeview Dr, Springfield|MX
9922|Patricia Johnson|555-237-4410|3580 Oak Ave, Riverside|CO
9923|Robert Johnson|555-955-8865|3681 Pine St, Springfield|PE
9924|James Jones|555-936-4005|473 Maple St, Madison|CL
9925|Mary Garcia|555-671-9967|6006 Cedar Rd, Riverside|MX
9926|Jennifer Johnson|555-410-2621|7526 Main St, Franklin|CO
9927|James Smith|555-497-2592|9003 Maple St, Greenville|PE
9928|Michael Jones|555-745-3060|4835 Oak Ave, Franklin|CL
9929|Patricia Brown|555-302-6333|7326 Cedar Rd, Greenville|MX
9930|James Smith|555-766-8573|4953 Oak Ave, Madison|CO
9931|John Johnson|555-499-8695|9046 Pine St, Greenville|PE
9932|Robert Williams|555-151-7553|8929 Cedar Rd, Franklin|CL
9933|James Miller|555-345-1079|1226 Maple St, Greenville|MX
9934|John Davis|555-876-8438|6583 Maple St, Springfield|CO
9935|James Smith|555-631-5229|1471 Maple St, Springfield|PE
9936|Linda Jones|555-382-4046|6728 Maple St, Franklin|CL
9937|Mary Brown|555-650-9989|1501 Main St, Greenville|MX
9938|Jennifer Miller|555-115-1617|6456 Pine St, Madison|CO
9939|Michael Williams|555-739-8520|7531 Pine St, Bristol|PE
9940|Michael Smith|555-925-6567|3975 Oak Ave, Greenville|CL
9941|Michael Jones|555-964-5127|6784 Lakeview Dr, Springfield|MX
9942|Patricia Smith|555-187-1952|1382 Oak Ave, Riverside|CO
9943|John Williams|555-961-1273|8421 Pine St, Bristol|PE
9944|Mary Williams|555-998-1048|1729 Maple St, Bristol|CL
9945|Linda Brown|555-504-8419|6840 Main St, Springfield|MX
9946|Mary Miller|555-395-8670|3486 Cedar Rd, Springfield|CO
9947|Mary Johnson|555-883-9216|8936 Pine St, Madison|PE
9948|James Brown|555-207-1519|3113 Oak Ave, Riverside|CL
9949|Patricia Brown|555-487-2558|6903 Maple St, Springfield|MX
9950|Linda Williams|555-563-3671|6189 Maple St, Greenville|CO
9951|Robert Williams|555-166-8907|7466 Cedar Rd, Madison|PE
9952|John Miller|555-767-2360|9114 Cedar Rd, Springfield|CL
9953|Michael Brown|555-288-6834|8638 Oak Ave, Madison|MX
9954|Mary Williams|555-540-5352|3654 Cedar Rd, Greenville|CO
9955|Mary Davis|555-516-3590|5523 Cedar Rd, Franklin|PE
9956|Jennifer Williams|555-737-6515|618 Oak Ave, Riverside|CL
9957|Linda Brown|555-524-2487|2659 Pine St, Greenville|MX
9958|Mary Williams|555-710-9332|2197 Lakeview Dr, Greenville|CO
9959|Michael Jones|555-618-7979|7988 Maple St, Franklin|PE
9960|Jennifer Miller|555-413-2375|2016 Main St, Bristol|CL
9961|Patricia Johnson|555-338-2664|2490 Oak Ave, Springfield|MX
9962|James Williams|555-832-9842|7935 Cedar Rd, Springfield|CO
9963|Mary Davis|555-694-2378|6874 Oak Ave, Greenville|PE
9964|Linda Garcia|555-256-3179|6249 Maple St, Bristol|CL
9965|Patricia Davis|555-743-3175|2438 Pine St, Greenville|MX
9966|James Miller|555-437-8303|8061 Lakeview Dr, Franklin|CO
9967|Mary Garcia|555-515-3477|104 Main St, Riverside|PE
9968|John Williams|555-202-1754|3702 Cedar Rd, Greenville|CL
9969|Robert Brown|555-592-4947|658 Maple St, Franklin|MX
9970|Jennifer Jones|555-701-6896|5420 Pine St, Franklin|CO
9971|James Williams|555-524-6072|4626 Pine St, Springfield|PE
9972|Mary Jones|555-514-6429|2133 Maple St, Franklin|CL
9973|John Williams|555-438-7963|6155 Lakeview Dr, Greenville|MX
9974|Robert Garcia|555-402-2650|8450 Main St, Springfield|CO
9975|John Miller|555-744-6269|7844 Oak Ave, Greenville|PE
9976|Jennifer Smith|555-605-3480|5210 Maple St, Franklin|CL
9977|Mary Johnson|555-119-7952|6681 Oak Ave, Bristol|MX
9978|John Johnson|555-773-9633|469 Pine St, Greenville|CO
9979|Michael Williams|555-433-6209|5199 Lakeview Dr, Bristol|PE
9980|John Williams|555-907-1191|7646 Maple St, Madison|CL
9981|Jennifer Davis|555-699-5908|1186 Main St, Greenville|MX
9982|James Williams|555-793-6930|1980 Pine St, Springfield|CO
9983|James Williams|555-833-8977|2842 Cedar Rd, Madison|PE
9984|Michael Garcia|555-881-9113|4844 Main St, Riverside|CL
9985|Robert Garcia|555-997-5426|929 Cedar Rd, Franklin|MX
9986|James Williams|555-377-1413|1779 Lakeview Dr, Bristol|CO
9987|John Johnson|555-393-9886|6566 Oak Ave, Franklin|PE
9988|Mary Davis|555-862-9022|8485 Pine St, Springfield|CL
9989|Robert Jones|555-115-9285|7598 Oak Ave, Springfield|MX
9990|Jennifer Jones|555-422-5411|6272 Pine St, Bristol|CO
9991|Robert Garcia|555-170-4614|3940 Cedar Rd, Greenville|PE
9992|James Garcia|555-295-1846|7696 Oak Ave, Riverside|CL
9993|Linda Williams|555-624-1222|6693 Lakeview Dr, Madison|MX
9994|James Miller|555-489-1918|851 Cedar Rd, Riverside|CO
9995|John Garcia|555-199-3642|3785 Lakeview Dr, Springfield|PE
9996|Jennifer Davis|555-230-1353|260 Pine St, Riverside|CL
9997|James Williams|555-525-4316|2631 Oak Ave, Bristol|MX
9998|Patricia Davis|555-738-9137|6431 Oak Ave, Greenville|CO
9999|John Brown|555-670-6618|4801 Maple St, Madison|PE
10000|James Davis|555-696-1596|2558 Lakeview Dr, Springfield|CL
10001|James Jones|555-560-5052|2970 Maple St, Bristol|MX
10002|Michael Miller|555-395-3497|1556 Pine St, Greenville|CO
10003|John Garcia|555-705-8411|5277 Pine St, Bristol|PE
10004|Linda Garcia|555-445-7253|6506 Cedar Rd, Springfield|CL
10005|Michael Jones|555-426-6572|8612 Pine St, Franklin|MX
10006|James Garcia|555-870-1624|9507 Lakeview Dr, Franklin|CO
10007|Linda Garcia|555-475-3213|5606 Cedar Rd, Bristol|PE
10008|Patricia Miller|555-147-4085|7941 Cedar Rd, Greenville|CL
10009|James Williams|555-589-7580|1835 Cedar Rd, Riverside|MX
10010|Linda Smith|555-625-7588|1174 Maple St, Riverside|CO
10011|John Brown|555-860-2761|1252 Oak Ave, Bristol|PE
10012|Linda Miller|555-461-5275|382 Pine St, Bristol|CL
10013|John Johnson|555-269-9244|7961 Cedar Rd, Springfield|MX
10014|Michael Johnson|555-180-2277|4804 Oak Ave, Franklin|CO
10015|Jennifer Williams|555-997-7633|5089 Pine St, Madison|PE
10016|Robert Davis|555-397-1033|3611 Lakeview Dr, Greenville|CL
10017|Robert Brown|555-806-7571|9406 Lakeview Dr, Franklin|MX
10018|John Jones|555-535-2583|8577 Pine St, Franklin|CO
10019|Mary Jones|555-244-4491|3560 Maple St, Greenville|PE
10020|Patricia Garcia|555-266-9125|280 Pine St, Bristol|CL
10021|John Davis|555-205-1053|1834 Maple St, Riverside|MX
10022|James Davis|555-925-2222|7124 Cedar Rd, Riverside|CO
10023|John Brown|555-902-1154|9988 Oak Ave, Greenville|PE
10024|Michael Garcia|555-930-8477|5514 Cedar Rd, Greenville|CL
10025|Jennifer Jones|555-374-2451|6533 Cedar Rd, Riverside|MX
10026|Jennifer Williams|555-511-6903|5247 Maple St, Greenville|CO
10027|Robert Johnson|555-884-6020|7651 Cedar Rd, Madison|PE
10028|Jennifer Brown|555-508-8492|1962 Maple St, Springfield|CL
10029|James Miller|555-306-1567|887 Pine St, Bristol|MX
10030|Robert Jones|555-862-1379|1859 Main St, Riverside|CO
10031|Linda Garcia|555-524-4223|4682 Pine St, Madison|PE
10032|Robert Johnson|555-777-4598|9222 Oak Ave, Bristol|CL
10033|Michael Miller|555-923-4954|4369 Cedar Rd, Greenville|MX
10034|James Jones|555-597-1839|8834 Main St, Bristol|CO
10035|Michael Smith|555-561-9685|4758 Maple St, Springfield|PE
10036|Mary Brown|555-899-7107|3320 Maple St, Greenville|CL
10037|Jennifer Johnson|555-798-7575|1845 Oak Ave, Madison|MX
10038|Patricia Davis|555-509-7162|5776 Cedar Rd, Springfield|CO
10039|James Williams|555-496-5793|3415 Cedar Rd, Greenville|PE
10040|Robert Garcia|555-816-6338|8746 Lakeview Dr, Bristol|CL
10041|Mary Jones|555-861-5194|6357 Oak Ave, Madison|MX
10042|James Williams|555-139-5307|3935 Maple St, Springfield|CO
10043|Jennifer Johnson|555-697-5776|1487 Oak Ave, Franklin|PE
10044|James Brown|555-439-4877|450 Pine St, Bristol|CL
10045|John Johnson|555-290-2502|121 Maple St, Madison|MX
10046|Patricia Davis|555-483-8162|914 Maple St, Bristol|CO
10047|Linda Jones|555-241-1695|3185 Cedar Rd, Madison|PE
10048|Patricia Jones|555-916-6150|4291 Maple St, Madison|CL
10049|Michael Jones|555-157-4037|1101 Main St, Madison|MX
10050|John Miller|555-528-6853|2916 Cedar Rd, Riverside|CO
10051|James Williams|555-650-9386|8070 Oak Ave, Riverside|PE
10052|Jennifer Williams|555-653-7121|4370 Lakeview Dr, Franklin|CL
10053|Mary Miller|555-556-9478|5715 Oak Ave, Riverside|MX
10054|John Brown|555-744-3203|9443 Lakeview Dr, Greenville|CO
10055|Jennifer Brown|555-908-1510|5489 Main St, Bristol|PE
10056|James Davis|555-102-5798|7250 Main St, Bristol|CL
10057|Jennifer Williams|555-103-2461|2149 Lakeview Dr, Bristol|MX
10058|Jennifer Miller|555-785-7656|3253 Maple St, Bristol|CO
10059|Michael Williams|555-523-5692|166 Main St, Franklin|PE
10060|Michael Johnson|555-505-5778|8577 Pine St, Madison|CL
10061|Mary Smith|555-628-6930|3030 Pine St, Springfield|MX
10062|Mary Jones|555-360-4270|3501 Pine St, Bristol|CO
10063|Linda Williams|555-374-6548|5026 Pine St, Madison|PE
10064|James Johnson|555-250-8322|830 Pine St, Franklin|CL
10065|Patricia Brown|555-737-7474|9892 Pine St, Franklin|MX
10066|Patricia Davis|555-309-6019|8268 Cedar Rd, Springfield|CO
10067|Linda Johnson|555-361-9523|7057 Maple St, Greenville|PE
10068|Linda Garcia|555-792-8846|906 Maple St, Springfield|CL
10069|Michael Garcia|555-162-6100|1828 Pine St, Greenville|MX
10070|Mary Brown|555-800-5383|7237 Cedar Rd, Franklin|CO
10071|Mary Williams|555-784-2226|6289 Maple St, Greenville|PE
10072|Mary Jones|555-664-6672|1933 Cedar Rd, Franklin|CL
10073|Michael Miller|555-527-2965|6188 Lakeview Dr, Bristol|MX
10074|Michael Brown|555-445-9895|8270 Main St, Bristol|CO
10075|Jennifer Smith|555-560-8166|5292 Lakeview Dr, Greenville|PE
10076|John Jones|555-556-7889|2145 Pine St, Riverside|CL
10077|Patricia Garcia|555-692-1109|7963 Maple St, Springfield|MX
10078|Jennifer Williams|555-674-1061|441 Maple St, Riverside|CO
10079|Patricia Brown|555-163-8050|1634 Lakeview Dr, Franklin|PE
10080|Patricia Miller|555-248-4918|7052 Lakeview Dr, Riverside|CL
10081|Jennifer Johnson|555-752-3051|9579 Oak Ave, Riverside|MX
10082|John Jones|555-180-9553|8296 Main St, Franklin|CO
10083|Linda Williams|555-658-2718|5245 Maple St, Bristol|PE
10084|Robert Jones|555-686-5559|4398 Maple St, Springfield|CL
10085|John Davis|555-611-4133|1772 Pine St, Franklin|MX
10086|James Miller|555-111-1477|1379 Pine St, Riverside|CO
10087|James Williams|555-879-7413|5483 Oak Ave, Greenville|PE
10088|Robert Jones|555-829-4512|2134 Lakeview Dr, Franklin|CL
10089|Robert Davis|555-974-8913|4903 Oak Ave, Madison|MX
10090|John Williams|555-354-7710|5255 Lakeview Dr, Madison|CO
10091|Patricia Miller|555-416-8861|1732 Maple St, Greenville|PE
10092|Linda Williams|555-839-2526|4875 Pine St, Franklin|CL
10093|James Johnson|555-445-8226|9512 Main St, Greenville|MX
10094|Michael Davis|555-265-6643|1543 Maple St, Franklin|CO
10095|Robert Miller|555-910-2558|6135 Oak Ave, Bristol|PE
10096|John Davis|555-892-8566|7950 Pine St, Bristol|CL
10097|James Johnson|555-405-5994|694 Main St, Bristol|MX
10098|John Johnson|555-118-7912|8225 Cedar Rd, Riverside|CO
10099|Mary Johnson|555-782-9317|5871 Cedar Rd, Riverside|PE
10100|Patricia Davis|555-652-5373|8127 Maple St, Springfield|CL
10101|Robert Davis|555-952-6301|7511 Cedar Rd, Bristol|MX
10102|Jennifer Jones|555-116-9778|4711 Lakeview Dr, Madison|CO
10103|Robert Miller|555-608-5013|1079 Oak Ave, Springfield|PE
10104|James Brown|555-832-6627|873 Cedar Rd, Bristol|CL
10105|James Davis|555-194-7374|2936 Pine St, Franklin|MX
10106|Jennifer Williams|555-546-7685|6833 Lakeview Dr, Springfield|CO
10107|Robert Brown|555-678-8269|1599 Pine St, Franklin|PE
10108|Robert Garcia|555-168-9612|9736 Oak Ave, Bristol|CL
10109|Linda Williams|555-301-9842|656 Main St, Madison|MX
10110|Patricia Smith|555-955-3630|1164 Maple St, Madison|CO
10111|James Miller|555-245-6026|6688 Maple St, Franklin|PE
10112|Mary Miller|555-918-5476|9273 Pine St, Bristol|CL
10113|Jennifer Johnson|555-353-1373|7688 Oak Ave, Springfield|MX
10114|Mary Williams|555-877-3263|2585 Cedar Rd, Greenville|CO
10115|Michael Williams|555-790-9481|8960 Lakeview Dr, Franklin|PE
10116|James Brown|555-709-5570|9413 Oak Ave, Riverside|CL
10117|John Williams|555-862-6121|9483 Oak Ave, Bristol|MX
10118|Robert Miller|555-576-8244|8605 Cedar Rd, Madison|CO
10119|Robert Brown|555-212-2174|4694 Oak Ave, Springfield|PE
10120|Robert Smith|555-995-9354|947 Oak Ave, Bristol|CL
10121|Jennifer Smith|555-444-1491|5497 Maple St, Springfield|MX
10122|Linda Williams|555-898-2675|3606 Lakeview Dr, Riverside|CO
10123|John Garcia|555-493-6794|3513 Pine St, Madison|PE
10124|Mary Smith|555-374-2614|6949 Cedar Rd, Franklin|CL
10125|James Williams|555-992-5644|4315 Pine St, Greenville|MX
10126|Jennifer Garcia|555-130-1874|761 Oak Ave, Springfield|CO
10127|Jennifer Garcia|555-766-5961|8778 Maple St, Franklin|PE
10128|John Davis|555-292-8394|9874 Pine St, Riverside|CL
10129|Patricia Williams|555-681-9003|745 Lakeview Dr, Madison|MX
10130|Michael Brown|555-719-2504|6438 Oak Ave, Bristol|CO
10131|James Garcia|555-780-7698|921 Maple St, Bristol|PE
10132|John Brown|555-910-4931|7096 Main St, Madison|CL
10133|John Smith|555-505-1626|8451 Main St, Franklin|MX
10134|John Johnson|555-316-1712|2291 Main St, Madison|CO
10135|Linda Jones|555-655-7198|2316 Cedar Rd, Greenville|PE
10136|James Johnson|555-706-8263|7277 Pine St, Greenville|CL
10137|Linda Garcia|555-512-6264|8517 Main St, Riverside|MX
10138|Mary Williams|555-269-5919|1311 Maple St, Riverside|CO
10139|John Davis|555-675-4796|5345 Maple St, Madison|PE
10140|Linda Williams|555-556-1890|1626 Lakeview Dr, Bristol|CL
10141|Michael Miller|555-330-7309|7719 Oak Ave, Madison|MX
10142|Linda Jones|555-683-5143|1471 Oak Ave, Franklin|CO
10143|Robert Jones|555-622-4810|4099 Cedar Rd, Bristol|PE
10144|Robert Johnson|555-967-7504|3014 Cedar Rd, Madison|CL
10145|Mary Williams|555-993-7519|893 Oak Ave, Greenville|MX
10146|Patricia Miller|555-654-7613|8780 Lakeview Dr, Madison|CO
10147|Patricia Garcia|555-746-2727|7177 Cedar Rd, Bristol|PE
10148|James Smith|555-785-9516|3802 Maple St, Franklin|CL
10149|Michael Garcia|555-915-5983|8118 Maple St, Madison|MX
10150|Robert Davis|555-468-3589|7305 Maple St, Springfield|CO
10151|Robert Davis|555-467-9904|3976 Pine St, Franklin|PE
10152|Robert Smith|555-842-3020|6504 Lakeview Dr, Riverside|CL
10153|John Jones|555-523-2120|8481 Lakeview Dr, Riverside|MX
10154|Patricia Smith|555-640-2951|2570 Cedar Rd, Franklin|CO
10155|John Johnson|555-348-3421|6067 Main St, Bristol|PE
10156|Patricia Williams|555-420-5505|7905 Cedar Rd, Riverside|CL
10157|James Jones|555-495-2060|8580 Pine St, Madison|MX
10158|Patricia Williams|555-496-9988|4193 Cedar Rd, Riverside|CO
10159|John Smith|555-648-5221|3247 Lakeview Dr, Franklin|PE
10160|Robert Garcia|555-389-1007|2968 Oak Ave, Greenville|CL
10161|Michael Johnson|555-550-5649|570 Pine St, Springfield|MX
10162|John Garcia|555-512-5557|8078 Oak Ave, Springfield|CO
10163|Robert Jones|555-883-4076|4464 Lakeview Dr, Madison|PE
10164|Linda Miller|555-630-2139|4617 Main St, Springfield|CL
10165|Patricia Williams|555-154-9041|4745 Lakeview Dr, Riverside|MX
10166|Michael Smith|555-595-6267|6914 Cedar Rd, Franklin|CO
10167|Jennifer Garcia|555-592-7049|321 Maple St, Springfield|PE
10168|John Brown|555-242-7483|7904 Lakeview Dr, Riverside|CL
10169|Robert Johnson|555-738-2584|7529 Oak Ave, Riverside|MX
10170|Robert Smith|555-478-9730|5321 Maple St, Bristol|CO
10171|Linda Miller|555-541-3282|2177 Oak Ave, Springfield|PE
10172|Patricia Williams|555-312-7656|560 Oak Ave, Springfield|CL
10173|Michael Brown|555-365-2677|3416 Cedar Rd, Greenville|MX
10174|Robert Garcia|555-403-6286|3355 Pine St, Bristol|CO
10175|Linda Brown|555-279-7142|393 Cedar Rd, Riverside|PE
10176|Jennifer Davis|555-876-2766|4928 Pine St, Bristol|CL
10177|Mary Williams|555-162-6779|2549 Cedar Rd, Springfield|MX
10178|Jennifer Johnson|555-545-5590|4986 Lakeview Dr, Bristol|CO
10179|James Williams|555-593-9607|4266 Main St, Bristol|PE
10180|Patricia Johnson|555-848-2021|4206 Maple St, Franklin|CL
10181|James Brown|555-723-2934|5054 Main St, Riverside|MX
10182|Robert Johnson|555-221-4480|2421 Oak Ave, Bristol|CO
10183|Patricia Garcia|555-627-2797|1802 Maple St, Springfield|PE
10184|James Garcia|555-791-6112|3753 Oak Ave, Springfield|CL
10185|John Miller|555-977-7048|3544 Main St, Greenville|MX
10186|Robert Williams|555-519-1981|4549 Main St, Springfield|CO
10187|Linda Williams|555-580-7348|7259 Main St, Greenville|PE
10188|Jennifer Jones|555-382-1139|583 Lakeview Dr, Greenville|CL
10189|Michael Brown|555-815-3624|4079 Pine St, Bristol|MX
10190|Mary Smith|555-637-1326|5426 Cedar Rd, Riverside|CO
10191|James Davis|555-846-8642|6013 Main St, Franklin|PE
10192|Patricia Garcia|555-732-5384|9793 Pine St, Bristol|CL
10193|Jennifer Williams|555-156-1393|5704 Main St, Greenville|MX
10194|Michael Miller|555-561-7878|4846 Main St, Madison|CO
10195|Michael Miller|555-808-1240|8700 Maple St, Bristol|PE
10196|Patricia Brown|555-901-6613|8019 Lakeview Dr, Riverside|CL
10197|Mary Williams|555-420-6689|704 Main St, Springfield|MX
10198|Linda Johnson|555-600-5682|3239 Main St, Riverside|CO
10199|James Garcia|555-103-6686|9650 Main St, Bristol|PE
10200|John Brown|555-393-3990|6259 Lakeview Dr, Greenville|CL
10201|Linda Smith|555-705-6159|1519 Main St, Springfield|MX
10202|Patricia Garcia|555-784-4523|6241 Maple St, Riverside|CO
10203|Robert Johnson|555-219-2719|8172 Cedar Rd, Greenville|PE
10204|Mary Williams|555-693-9456|516 Maple St, Franklin|CL
10205|John Johnson|555-442-6511|6031 Main St, Greenville|MX
10206|James Miller|555-933-8555|8366 Main St, Riverside|CO
10207|Linda Davis|555-983-6863|2662 Cedar Rd, Greenville|PE
10208|Robert Smith|555-738-2580|2985 Lakeview Dr, Riverside|CL
10209|John Davis|555-579-7717|3731 Main St, Madison|MX
10210|Linda Smith|555-625-1757|3100 Oak Ave, Franklin|CO
10211|Jennifer Johnson|555-483-2933|3161 Oak Ave, Riverside|PE
10212|John Smith|555-514-7497|8224 Lakeview Dr, Springfield|CL
10213|James Miller|555-498-4522|6639 Pine St, Bristol|MX
10214|Mary Brown|555-352-1557|3038 Maple St, Riverside|CO
10215|Jennifer Jones|555-559-8040|744 Oak Ave, Franklin|PE
10216|Patricia Garcia|555-670-4777|2479 Main St, Madison|CL
10217|James Jones|555-505-9405|6334 Oak Ave, Bristol|MX
10218|Linda Davis|555-543-6153|2944 Oak Ave, Franklin|CO
10219|Mary Jones|555-499-1586|5947 Maple St, Madison|PE
10220|John Jones|555-528-9305|7384 Oak Ave, Greenville|CL
10221|Linda Smith|555-604-2650|9033 Lakeview Dr, Springfield|MX
10222|Patricia Brown|555-344-6726|4210 Pine St, Madison|CO
10223|Jennifer Smith|555-918-8158|2424 Oak Ave, Springfield|PE
10224|Linda Miller|555-467-8896|4653 Main St, Greenville|CL
10225|Robert Williams|555-799-6523|9612 Main St, Franklin|MX
10226|Linda Williams|555-237-2202|3353 Oak Ave, Riverside|CO
10227|Mary Brown|555-403-1169|5069 Main St, Franklin|PE
10228|Robert Johnson|555-410-9668|2250 Lakeview Dr, Riverside|CL
10229|Patricia Smith|555-891-8355|9341 Main St, Madison|MX
10230|Robert Johnson|555-958-3084|7556 Cedar Rd, Springfield|CO
10231|Michael Davis|555-242-8793|825 Pine St, Greenville|PE
10232|James Williams|555-161-9792|1714 Maple St, Springfield|CL
10233|Linda Smith|555-302-9388|9845 Cedar Rd, Madison|MX
10234|Patricia Miller|555-710-2797|4742 Oak Ave, Riverside|CO
10235|Linda Miller|555-136-5451|8377 Main St, Riverside|PE
10236|James Miller|555-374-8010|3538 Pine St, Greenville|CL
10237|Mary Jones|555-476-8299|6629 Maple St, Riverside|MX
10238|Michael Smith|555-998-6901|7728 Oak Ave, Franklin|CO
10239|Patricia Williams|555-481-3206|2277 Main St, Franklin|PE
10240|Robert Smith|555-300-4904|1350 Lakeview Dr, Bristol|CL
10241|Robert Brown|555-365-7582|4578 Lakeview Dr, Bristol|MX
10242|Mary Smith|555-571-9661|9371 Cedar Rd, Madison|CO
10243|Mary Jones|555-819-2413|8176 Maple St, Springfield|PE
10244|Patricia Davis|555-506-1710|9282 Maple St, Springfield|CL
10245|Jennifer Johnson|555-144-6504|6710 Lakeview Dr, Franklin|MX
10246|Patricia Williams|555-104-3236|8365 Lakeview Dr, Franklin|CO
10247|Robert Miller|555-236-7495|3411 Cedar Rd, Franklin|PE
10248|Michael Smith|555-411-5902|791 Lakeview Dr, Franklin|CL
10249|John Davis|555-865-1058|5472 Main St, Madison|MX
10250|Michael Miller|555-383-7170|8066 Pine St, Greenville|CO
10251|John Jones|555-215-5800|8634 Pine St, Greenville|PE
10252|Michael Miller|555-202-6101|9457 Lakeview Dr, Riverside|CL
10253|Robert Garcia|555-252-4995|3041 Lakeview Dr, Madison|MX
10254|Michael Williams|555-972-3723|3384 Cedar Rd, Greenville|CO
10255|John Davis|555-690-5519|5425 Main St, Bristol|PE
10256|Patricia Garcia|555-293-8375|631 Maple St, Franklin|CL
10257|John Johnson|555-701-6271|4010 Oak Ave, Bristol|MX
10258|Linda Smith|555-336-5662|4643 Pine St, Bristol|CO
10259|Jennifer Smith|555-326-7813|5112 Oak Ave, Bristol|PE
10260|Patricia Williams|555-784-8639|9515 Lakeview Dr, Bristol|CL
10261|Jennifer Garcia|555-163-9703|4837 Main St, Franklin|MX
10262|Robert Garcia|555-874-7745|7100 Lakeview Dr, Riverside|CO
10263|Robert Davis|555-914-4987|1033 Cedar Rd, Madison|PE
10264|John Jones|555-103-2136|1619 Lakeview Dr, Riverside|CL
10265|Jennifer Williams|555-205-4014|4957 Lakeview Dr, Riverside|MX
10266|Michael Garcia|555-506-1928|7270 Oak Ave, Bristol|CO
10267|Mary Miller|555-804-3209|1570 Maple St, Springfield|PE
10268|Patricia Miller|555-179-5941|7005 Oak Ave, Springfield|CL
10269|Jennifer Smith|555-654-5868|8212 Maple St, Bristol|MX
10270|Jennifer Garcia|555-795-6360|9826 Cedar Rd, Bristol|CO
10271|Patricia Miller|555-697-8604|6134 Oak Ave, Riverside|PE
10272|John Garcia|555-311-3588|5027 Oak Ave, Franklin|CL
10273|Linda Garcia|555-533-1157|3626 Main St, Bristol|MX
10274|James Smith|555-404-4683|7367 Cedar Rd, Franklin|CO
10275|Linda Brown|555-431-3172|855 Cedar Rd, Madison|PE
10276|Linda Williams|555-724-4653|4981 Maple St, Riverside|CL
10277|Patricia Johnson|555-594-1083|672 Oak Ave, Greenville|MX
10278|John Smith|555-495-8890|2929 Maple St, Greenville|CO
10279|Michael Miller|555-981-6023|5442 Pine St, Greenville|PE
10280|James Smith|555-184-3750|1070 Maple St, Madison|CL
10281|Mary Garcia|555-889-5222|4882 Maple St, Springfield|MX
10282|Robert Smith|555-454-4641|7455 Maple St, Riverside|CO
10283|James Jones|555-122-1299|7105 Maple St, Greenville|PE
10284|James Brown|555-519-5279|6014 Cedar Rd, Franklin|CL
10285|John Johnson|555-466-8330|5531 Main St, Bristol|MX
10286|Linda Williams|555-459-8241|8017 Main St, Madison|CO
10287|Linda Miller|555-137-3616|4204 Oak Ave, Franklin|PE
10288|Patricia Brown|555-299-6401|394 Maple St, Springfield|CL
10289|Linda Johnson|555-564-2728|8999 Maple St, Riverside|MX
10290|Linda Davis|555-560-9939|7652 Oak Ave, Greenville|CO
10291|Robert Williams|555-311-3128|3581 Pine St, Madison|PE
10292|Jennifer Smith|555-939-8559|8123 Lakeview Dr, Springfield|CL
10293|Jennifer Davis|555-904-9398|4467 Lakeview Dr, Greenville|MX
10294|John Jones|555-121-8548|5403 Cedar Rd, Springfield|CO
10295|Michael Davis|555-265-8042|7254 Oak Ave, Greenville|PE
10296|John Brown|555-357-9267|2166 Maple St, Franklin|CL
10297|Mary Smith|555-868-9318|7759 Cedar Rd, Bristol|MX
10298|John Smith|555-170-9344|6126 Oak Ave, Bristol|CO
10299|John Davis|555-234-3552|2899 Main St, Riverside|PE
10300|Linda Garcia|555-812-7027|8704 Pine St, Bristol|CL
10301|Mary Jones|555-343-7024|619 Cedar Rd, Franklin|MX
10302|James Miller|555-214-5314|3673 Maple St, Bristol|CO
10303|James Miller|555-775-8256|6877 Main St, Springfield|PE
10304|Michael Johnson|555-670-6142|7217 Main St, Madison|CL
10305|James Johnson|555-817-1674|8186 Lakeview Dr, Greenville|MX
10306|Robert Miller|555-750-4739|6035 Cedar Rd, Madison|CO
10307|Mary Jones|555-755-5444|8596 Pine St, Bristol|PE
10308|Mary Smith|555-586-4448|4827 Lakeview Dr, Riverside|CL
10309|Mary Johnson|555-244-5517|9568 Cedar Rd, Springfield|MX
10310|Jennifer Garcia|555-488-7029|7762 Maple St, Franklin|CO
10311|Jennifer Johnson|555-267-5782|5819 Lakeview Dr, Bristol|PE
10312|John Miller|555-357-1944|8947 Oak Ave, Franklin|CL
10313|John Williams|555-185-5404|116 Lakeview Dr, Greenville|MX
10314|John Johnson|555-694-8328|9786 Oak Ave, Franklin|CO
10315|Robert Garcia|555-651-9863|4484 Oak Ave, Madison|PE
10316|Robert Davis|555-681-1162|5958 Cedar Rd, Greenville|CL
10317|Jennifer Johnson|555-626-5541|1887 Oak Ave, Bristol|MX
10318|Mary Miller|555-648-9777|4460 Lakeview Dr, Greenville|CO
10319|Michael Davis|555-223-8016|9097 Maple St, Riverside|PE
10320|Mary Garcia|555-778-2529|7370 Lakeview Dr, Greenville|CL
10321|John Brown|555-280-3833|9719 Oak Ave, Bristol|MX
10322|Michael Williams|555-398-6986|8981 Cedar Rd, Franklin|CO
10323|John Miller|555-738-7401|3414 Oak Ave, Franklin|PE
10324|Robert Johnson|555-709-6204|3265 Maple St, Greenville|CL
10325|Mary Davis|555-493-4745|954 Main St, Madison|MX
10326|Patricia Miller|555-344-2216|7413 Pine St, Riverside|CO
10327|Linda Miller|555-392-2928|4575 Pine St, Riverside|PE
10328|Robert Williams|555-642-5614|3403 Lakeview Dr, Riverside|CL
10329|John Brown|555-139-9433|4783 Cedar Rd, Riverside|MX
10330|James Smith|555-165-8499|1723 Maple St, Riverside|CO
10331|Jennifer Miller|555-280-8255|9332 Maple St, Springfield|PE
10332|Michael Smith|555-588-2070|4028 Main St, Springfield|CL
10333|James Garcia|555-602-8163|9778 Cedar Rd, Madison|MX
10334|James Williams|555-242-6318|6195 Main St, Franklin|CO
10335|Patricia Jones|555-204-9456|9150 Maple St, Greenville|PE
10336|Jennifer Smith|555-510-9556|9206 Cedar Rd, Bristol|CL
10337|James Garcia|555-366-3946|7603 Cedar Rd, Madison|MX
10338|John Jones|555-883-8463|8175 Lakeview Dr, Springfield|CO
10339|Mary Smith|555-190-1845|9861 Main St, Greenville|PE
10340|Patricia Garcia|555-314-9458|805 Oak Ave, Greenville|CL
10341|Michael Jones|555-626-9719|1159 Lakeview Dr, Franklin|MX
10342|Linda Williams|555-899-7263|5061 Cedar Rd, Bristol|CO
10343|Robert Johnson|555-884-4200|216 Oak Ave, Bristol|PE
10344|Jennifer Jones|555-726-7108|2905 Maple St, Bristol|CL
10345|Robert Jones|555-463-2882|6773 Maple St, Springfield|MX
10346|James Davis|555-394-8688|7010 Oak Ave, Madison|CO
10347|Mary Jones|555-391-7095|933 Maple St, Bristol|PE
10348|Mary Williams|555-658-5659|8896 Lakeview Dr, Madison|CL
10349|Michael Jones|555-790-3383|4982 Main St, Franklin|MX
10350|Jennifer Garcia|555-291-5747|2107 Pine St, Franklin|CO
10351|John Smith|555-817-9424|1868 Main St, Greenville|PE
10352|Michael Smith|555-265-9913|7721 Pine St, Franklin|CL
10353|Linda Smith|555-356-7699|6855 Pine St, Greenville|MX
10354|Mary Johnson|555-176-1869|4455 Main St, Bristol|CO
10355|Mary Brown|555-180-9349|2533 Maple St, Riverside|PE
10356|Michael Williams|555-560-3682|168 Main St, Madison|CL
10357|Robert Johnson|555-332-2499|6043 Maple St, Madison|MX
10358|Mary Smith|555-157-7191|1894 Maple St, Greenville|CO
10359|John Johnson|555-806-2677|4130 Cedar Rd, Madison|PE
10360|Jennifer Johnson|555-220-8205|1410 Oak Ave, Riverside|CL
10361|Michael Miller|555-265-7346|7018 Maple St, Franklin|MX
10362|Michael Smith|555-838-7129|9381 Maple St, Greenville|CO
10363|Robert Davis|555-991-3707|6513 Cedar Rd, Madison|PE
10364|Mary Garcia|555-458-9537|3959 Maple St, Springfield|CL
10365|Mary Davis|555-310-8209|4558 Maple St, Springfield|MX
10366|Linda Garcia|555-408-3762|5991 Lakeview Dr, Madison|CO
10367|John Miller|555-906-7144|1118 Main St, Springfield|PE
10368|Robert Jones|555-833-7416|9795 Lakeview Dr, Riverside|CL
10369|Michael Williams|555-948-6657|5184 Oak Ave, Franklin|MX
10370|Robert Brown|555-900-8465|2603 Cedar Rd, Riverside|CO
10371|Patricia Johnson|555-258-2761|4619 Maple St, Springfield|PE
10372|Jennifer Brown|555-516-7555|4605 Main St, Madison|CL
10373|Mary Miller|555-108-3056|6957 Lakeview Dr, Madison|MX
10374|John Miller|555-234-3844|1335 Cedar Rd, Franklin|CO
10375|Patricia Garcia|555-235-8626|8171 Lakeview Dr, Bristol|PE
10376|Patricia Johnson|555-844-5516|4793 Maple St, Riverside|CL
10377|Robert Williams|555-824-3905|883 Lakeview Dr, Riverside|MX
10378|Mary Miller|555-606-3113|4712 Lakeview Dr, Madison|CO
10379|Linda Jones|555-139-1170|1384 Cedar Rd, Franklin|PE
10380|Michael Davis|555-832-5373|4107 Cedar Rd, Madison|CL
10381|Patricia Brown|555-472-4143|6905 Maple St, Bristol|MX
10382|Jennifer Miller|555-923-8616|838 Maple St, Greenville|CO
10383|Jennifer Brown|555-118-4097|3087 Main St, Franklin|PE
10384|Linda Garcia|555-419-8128|6259 Cedar Rd, Madison|CL
10385|Patricia Smith|555-414-5109|8195 Maple St, Franklin|MX
10386|Linda Johnson|555-928-3771|9547 Main St, Madison|CO
10387|James Smith|555-983-1909|3840 Main St, Franklin|PE
10388|Robert Jones|555-809-6027|6054 Oak Ave, Madison|CL
10389|John Davis|555-926-1895|383 Cedar Rd, Riverside|MX
10390|Linda Jones|555-778-2548|8881 Pine St, Riverside|CO
10391|John Smith|555-468-2666|3378 Main St, Springfield|PE
10392|John Williams|555-799-2091|4100 Cedar Rd, Greenville|CL
10393|Patricia Williams|555-521-1645|1739 Cedar Rd, Riverside|MX
10394|Linda Davis|555-616-3183|780 Main St, Springfield|CO
10395|Patricia Miller|555-530-9392|940 Maple St, Bristol|PE
10396|Linda Brown|555-147-9485|6437 Oak Ave, Greenville|CL
10397|Robert Smith|555-908-8829|277 Cedar Rd, Greenville|MX
10398|Robert Garcia|555-777-1642|9899 Oak Ave, Madison|CO
10399|James Miller|555-383-2258|4038 Maple St, Springfield|PE
10400|Linda Brown|555-388-7313|4705 Oak Ave, Bristol|CL
10401|Robert Smith|555-650-3051|6540 Main St, Greenville|MX
10402|Mary Davis|555-129-3806|7341 Lakeview Dr, Bristol|CO
10403|Robert Jones|555-257-9899|7197 Oak Ave, Bristol|PE
10404|Michael Davis|555-128-6075|4873 Lakeview Dr, Bristol|CL
10405|Robert Smith|555-738-9012|2146 Oak Ave, Greenville|MX
10406|Linda Johnson|555-765-3714|9086 Main St, Franklin|CO
10407|Robert Johnson|555-457-2658|8313 Pine St, Greenville|PE
10408|Mary Williams|555-668-6156|776 Pine St, Springfield|CL
10409|Patricia Williams|555-469-2377|8369 Oak Ave, Franklin|MX
10410|John Williams|555-905-5139|9626 Pine St, Greenville|CO
10411|Patricia Brown|555-230-7293|8933 Pine St, Franklin|PE
10412|Robert Davis|555-994-6557|735 Oak Ave, Bristol|CL
10413|Linda Johnson|555-435-9379|4033 Main St, Bristol|MX
10414|Jennifer Williams|555-204-8228|6051 Maple St, Springfield|CO
10415|Linda Jones|555-955-1282|5945 Cedar Rd, Greenville|PE
10416|Mary Garcia|555-418-2589|8504 Oak Ave, Riverside|CL
10417|Mary Williams|555-420-3008|3171 Main St, Madison|MX
10418|Patricia Davis|555-301-7126|2474 Main St, Riverside|CO
10419|Jennifer Garcia|555-245-5826|2989 Cedar Rd, Riverside|PE
10420|James Garcia|555-368-1850|6973 Main St, Springfield|CL
10421|Michael Jones|555-688-8989|9153 Oak Ave, Bristol|MX
10422|John Johnson|555-184-9635|8387 Cedar Rd, Greenville|CO
10423|Robert Jones|555-307-6101|8160 Maple St, Bristol|PE
10424|Linda Johnson|555-817-5184|3853 Lakeview Dr, Springfield|CL
10425|John Smith|555-524-1373|4174 Pine St, Madison|MX
10426|Michael Jones|555-392-9907|5888 Oak Ave, Franklin|CO
10427|John Williams|555-210-2813|8796 Cedar Rd, Riverside|PE
10428|Michael Smith|555-730-6001|3370 Lakeview Dr, Bristol|CL
10429|Mary Garcia|555-989-9720|7482 Oak Ave, Madison|MX
10430|Patricia Miller|555-443-6665|462 Lakeview Dr, Franklin|CO
10431|Mary Williams|555-583-5261|5958 Maple St, Greenville|PE
10432|James Brown|555-933-9624|9307 Main St, Greenville|CL
10433|John Miller|555-229-5746|7750 Cedar Rd, Riverside|MX
10434|Mary Garcia|555-687-4809|5268 Cedar Rd, Riverside|CO
10435|Michael Miller|555-135-3931|3564 Lakeview Dr, Madison|PE
10436|James Garcia|555-869-1282|4127 Oak Ave, Bristol|CL
10437|Mary Jones|555-986-2252|4654 Pine St, Bristol|MX
10438|Linda Brown|555-244-7987|557 Maple St, Bristol|CO
10439|Mary Johnson|555-168-7469|4839 Main St, Bristol|PE
10440|Jennifer Miller|555-240-1073|9074 Pine St, Riverside|CL
10441|Jennifer Brown|555-360-5864|7888 Oak Ave, Greenville|MX
10442|Linda Miller|555-150-4062|3738 Lakeview Dr, Springfield|CO
10443|Robert Smith|555-241-4067|4314 Pine St, Riverside|PE
10444|Jennifer Garcia|555-991-9410|2290 Cedar Rd, Springfield|CL
10445|John Johnson|555-555-1129|5774 Pine St, Franklin|MX
10446|Mary Davis|555-428-1910|2092 Pine St, Bristol|CO
10447|Mary Jones|555-143-4236|6290 Cedar Rd, Riverside|PE
10448|Jennifer Davis|555-834-6488|6303 Cedar Rd, Madison|CL
10449|Linda Williams|555-365-2624|8847 Lakeview Dr, Greenville|MX
10450|John Brown|555-575-3247|1596 Main St, Greenville|CO
10451|Michael Johnson|555-297-9685|6790 Cedar Rd, Madison|PE
10452|Mary Jones|555-872-3764|2182 Pine St, Springfield|CL
10453|Robert Miller|555-386-3861|7605 Maple St, Greenville|MX
10454|Linda Garcia|555-552-4762|7549 Pine St, Riverside|CO
10455|Patricia Johnson|555-712-7247|6990 Cedar Rd, Greenville|PE
10456|Robert Smith|555-641-5756|7680 Main St, Bristol|CL
10457|John Miller|555-646-6387|9854 Oak Ave, Bristol|MX
10458|Michael Johnson|555-480-3964|3042 Main St, Bristol|CO
10459|Linda Smith|555-801-2839|9090 Main St, Greenville|PE
10460|John Garcia|555-959-2763|2190 Cedar Rd, Franklin|CL
10461|James Smith|555-659-1368|6214 Lakeview Dr, Riverside|MX
10462|Linda Garcia|555-534-1688|9585 Lakeview Dr, Riverside|CO
10463|Robert Jones|555-353-4721|2915 Main St, Franklin|PE
10464|John Jones|555-779-5990|5306 Oak Ave, Bristol|CL
10465|Linda Davis|555-641-3526|9143 Lakeview Dr, Greenville|MX
10466|Robert Miller|555-854-1686|5262 Main St, Bristol|CO
10467|Robert Jones|555-196-8781|651 Oak Ave, Riverside|PE
10468|Jennifer Jones|555-671-1529|2923 Cedar Rd, Bristol|CL
10469|Michael Miller|555-220-4606|5001 Lakeview Dr, Bristol|MX
10470|Jennifer Brown|555-417-1552|540 Cedar Rd, Madison|CO
10471|John Miller|555-994-2249|5048 Main St, Madison|PE
10472|James Johnson|555-462-8246|8024 Lakeview Dr, Springfield|CL
10473|Linda Miller|555-737-4366|9319 Oak Ave, Bristol|MX
10474|James Jones|555-765-7432|8842 Lakeview Dr, Franklin|CO
10475|Linda Jones|555-437-3923|5457 Pine St, Greenville|PE
10476|Mary Brown|555-280-5717|2908 Lakeview Dr, Bristol|CL
10477|Patricia Johnson|555-578-8595|9727 Oak Ave, Greenville|MX
10478|Robert Garcia|555-939-3359|4878 Pine St, Franklin|CO
10479|John Smith|555-516-3471|1907 Main St, Franklin|PE
10480|Michael Smith|555-914-8961|3677 Oak Ave, Riverside|CL
10481|Robert Jones|555-339-5091|2494 Maple St, Madison|MX
10482|Jennifer Johnson|555-999-7091|5940 Lakeview Dr, Franklin|CO
10483|Jennifer Garcia|555-234-3742|598 Maple St, Madison|PE
10484|Linda Davis|555-903-7373|6410 Cedar Rd, Greenville|CL
10485|Michael Garcia|555-603-6330|1716 Oak Ave, Greenville|MX
10486|James Jones|555-397-8624|8139 Lakeview Dr, Riverside|CO
10487|Linda Davis|555-523-7699|2699 Main St, Greenville|PE
10488|Robert Johnson|555-488-2664|3801 Cedar Rd, Springfield|CL
10489|Jennifer Jones|555-820-2860|8850 Oak Ave, Riverside|MX
10490|Mary Brown|555-426-1022|932 Lakeview Dr, Franklin|CO
10491|James Davis|555-717-4177|7722 Oak Ave, Franklin|PE
10492|Linda Johnson|555-476-2037|8819 Cedar Rd, Springfield|CL
10493|James Williams|555-649-7715|2805 Maple St, Bristol|MX
10494|Robert Jones|555-138-1750|3296 Maple St, Madison|CO
10495|James Smith|555-106-5815|2493 Oak Ave, Springfield|PE
10496|John Jones|555-902-2697|8187 Pine St, Riverside|CL
10497|Jennifer Jones|555-387-2266|3354 Main St, Franklin|MX
10498|Jennifer Smith|555-433-5035|8311 Main St, Franklin|CO
10499|Jennifer Brown|555-864-8575|8097 Pine St, Franklin|PE
10500|Patricia Garcia|555-483-2816|8215 Maple St, Madison|CL
10501|James Garcia|555-415-7397|6103 Main St, Springfield|MX
10502|Michael Brown|555-519-9259|4584 Oak Ave, Springfield|CO
10503|Jennifer Garcia|555-526-8986|1148 Maple St, Madison|PE
10504|Michael Miller|555-707-9922|8842 Lakeview Dr, Franklin|CL
10505|John Smith|555-930-6380|7652 Oak Ave, Springfield|MX
10506|James Miller|555-123-2255|6457 Cedar Rd, Riverside|CO
10507|Linda Jones|555-777-2892|2301 Maple St, Bristol|PE
10508|Mary Davis|555-222-2322|8209 Maple St, Bristol|CL
10509|John Brown|555-235-7283|1843 Maple St, Bristol|MX
10510|Michael Garcia|555-371-3302|2092 Maple St, Franklin|CO
10511|Michael Garcia|555-584-2954|2501 Lakeview Dr, Riverside|PE
10512|John Miller|555-882-3195|8207 Pine St, Madison|CL
10513|James Brown|555-874-6076|8705 Pine St, Riverside|MX
10514|Michael Davis|555-699-2869|2281 Cedar Rd, Bristol|CO
10515|Jennifer Brown|555-277-7017|6820 Oak Ave, Franklin|PE
10516|John Davis|555-657-3690|7735 Main St, Bristol|CL
10517|Patricia Brown|555-383-5393|9571 Cedar Rd, Madison|MX
10518|Patricia Smith|555-765-4397|900 Oak Ave, Riverside|CO
10519|John Johnson|555-299-9724|354 Cedar Rd, Springfield|PE
10520|James Jones|555-429-1344|1707 Cedar Rd, Greenville|CL
10521|John Jones|555-250-3351|5822 Maple St, Greenville|MX
10522|Jennifer Garcia|555-546-6265|1068 Oak Ave, Bristol|CO
10523|Michael Garcia|555-711-1736|4226 Lakeview Dr, Madison|PE
10524|Robert Williams|555-473-9454|7767 Lakeview Dr, Bristol|CL
10525|James Smith|555-546-4466|9002 Lakeview Dr, Franklin|MX
10526|Patricia Garcia|555-498-2552|7944 Oak Ave, Springfield|CO
10527|Patricia Williams|555-857-9969|2897 Oak Ave, Springfield|PE
10528|James Garcia|555-872-2750|6077 Main St, Franklin|CL
10529|Mary Johnson|555-510-8535|7065 Oak Ave, Franklin|MX
10530|Jennifer Brown|555-493-7052|4399 Pine St, Bristol|CO
10531|John Miller|555-942-8918|7669 Main St, Franklin|PE
10532|Michael Garcia|555-665-9172|2749 Oak Ave, Greenville|CL
10533|John Jones|555-916-2619|149 Main St, Franklin|MX
10534|Patricia Smith|555-190-5213|4814 Maple St, Greenville|CO
10535|Mary Smith|555-530-5631|4437 Oak Ave, Springfield|PE
10536|Linda Smith|555-351-5042|1257 Oak Ave, Riverside|CL
10537|James Jones|555-242-6892|917 Cedar Rd, Springfield|MX
10538|Michael Garcia|555-123-4360|7167 Oak Ave, Madison|CO
10539|Linda Brown|555-379-1448|4205 Oak Ave, Greenville|PE
10540|James Williams|555-857-3330|7163 Oak Ave, Greenville|CL
10541|Robert Jones|555-589-3194|6012 Pine St, Bristol|MX
10542|Michael Garcia|555-118-7838|8906 Maple St, Madison|CO
10543|James Garcia|555-664-3795|5814 Maple St, Greenville|PE
10544|Mary Johnson|555-439-9672|557 Maple St, Bristol|CL
10545|Linda Williams|555-646-8006|2097 Oak Ave, Bristol|MX
10546|Patricia Davis|555-141-6619|9090 Maple St, Riverside|CO
10547|John Garcia|555-929-8196|5847 Pine St, Franklin|PE
10548|Mary Garcia|555-902-3148|490 Maple St, Franklin|CL
10549|Robert Davis|555-686-1356|5833 Lakeview Dr, Franklin|MX
10550|Linda Jones|555-597-9279|3037 Main St, Springfield|CO
10551|Patricia Garcia|555-337-6317|3912 Pine St, Greenville|PE
10552|James Johnson|555-742-3409|9263 Oak Ave, Greenville|CL
10553|James Johnson|555-660-4622|5151 Oak Ave, Greenville|MX
10554|James Williams|555-463-5614|9682 Maple St, Springfield|CO
10555|James Garcia|555-763-2446|8951 Maple St, Greenville|PE
10556|Michael Jones|555-466-5579|7849 Oak Ave, Madison|CL
10557|Linda Jones|555-300-4653|6976 Main St, Madison|MX
10558|Jennifer Smith|555-456-2026|9684 Oak Ave, Riverside|CO
10559|John Miller|555-363-2362|6524 Oak Ave, Madison|PE
10560|Patricia Johnson|555-538-1535|9154 Oak Ave, Greenville|CL
10561|Michael Miller|555-580-4026|4955 Oak Ave, Greenville|MX
10562|Robert Johnson|555-854-3673|1043 Maple St, Madison|CO
10563|Michael Davis|555-171-3069|8175 Lakeview Dr, Greenville|PE
10564|Mary Miller|555-415-1723|4308 Oak Ave, Madison|CL
10565|Linda Miller|555-422-7705|3974 Main St, Madison|MX
10566|Mary Garcia|555-753-2158|8582 Main St, Franklin|CO
10567|John Davis|555-237-3378|2901 Oak Ave, Bristol|PE
10568|James Garcia|555-158-1569|9873 Maple St, Greenville|CL
10569|Michael Garcia|555-962-1239|129 Pine St, Madison|MX
10570|James Smith|555-992-5230|4702 Oak Ave, Bristol|CO
10571|Patricia Davis|555-773-8782|8163 Cedar Rd, Greenville|PE
10572|Linda Miller|555-212-7204|1893 Pine St, Greenville|CL
10573|Robert Brown|555-487-2241|1579 Maple St, Greenville|MX
10574|Mary Williams|555-299-1217|4829 Maple St, Franklin|CO
10575|Linda Williams|555-242-7293|5783 Cedar Rd, Riverside|PE
10576|Mary Miller|555-241-3441|2892 Cedar Rd, Bristol|CL
10577|Jennifer Garcia|555-965-2818|5079 Maple St, Riverside|MX
10578|James Smith|555-721-8950|8389 Cedar Rd, Bristol|CO
10579|James Johnson|555-337-2311|338 Main St, Bristol|PE
10580|James Williams|555-699-8175|6965 Main St, Riverside|CL
10581|Robert Williams|555-481-4895|113 Pine St, Bristol|MX
10582|Michael Miller|555-648-7023|5217 Cedar Rd, Springfield|CO
10583|James Johnson|555-478-1958|911 Cedar Rd, Bristol|PE
10584|Jennifer Smith|555-360-5184|6195 Cedar Rd, Madison|CL
10585|John Miller|555-864-4342|4785 Maple St, Riverside|MX
10586|Linda Garcia|555-713-6303|9462 Oak Ave, Bristol|CO
10587|Michael Johnson|555-628-8579|690 Oak Ave, Riverside|PE
10588|Mary Johnson|555-350-2627|3005 Cedar Rd, Bristol|CL
10589|Patricia Williams|555-212-5484|8849 Lakeview Dr, Springfield|MX
10590|James Smith|555-166-7886|4291 Cedar Rd, Bristol|CO
10591|John Davis|555-185-5494|9291 Oak Ave, Greenville|PE
10592|Linda Miller|555-980-2063|5391 Main St, Greenville|CL
10593|Linda Williams|555-911-4208|6019 Main St, Riverside|MX
10594|Mary Jones|555-602-1461|9072 Oak Ave, Greenville|CO
10595|Mary Davis|555-776-8892|6243 Main St, Bristol|PE
10596|Patricia Garcia|555-271-2797|7318 Cedar Rd, Franklin|CL
10597|Patricia Brown|555-240-9232|924 Cedar Rd, Greenville|MX
10598|Patricia Williams|555-787-4792|6738 Pine St, Madison|CO
10599|Robert Davis|555-903-5991|6639 Maple St, Riverside|PE
10600|Jennifer Jones|555-478-4889|9247 Lakeview Dr, Madison|CL
10601|John Garcia|555-671-6345|2526 Cedar Rd, Riverside|MX
10602|Michael Jones|555-695-7580|2957 Main St, Riverside|CO
10603|James Jones|555-195-5013|8605 Main St, Riverside|PE
10604|Patricia Garcia|555-661-3163|1054 Main St, Franklin|CL
10605|Linda Johnson|555-626-9023|2477 Oak Ave, Franklin|MX
10606|Jennifer Brown|555-934-5497|1362 Cedar Rd, Madison|CO
10607|John Garcia|555-281-2738|5532 Cedar Rd, Riverside|PE
10608|Patricia Smith|555-157-2146|8192 Main St, Springfield|CL
10609|Mary Williams|555-747-4654|9261 Lakeview Dr, Bristol|MX
10610|Mary Johnson|555-275-7264|5697 Pine St, Riverside|CO
10611|Robert Miller|555-794-6766|6572 Cedar Rd, Madison|PE
10612|Jennifer Brown|555-122-7886|2060 Lakeview Dr, Riverside|CL
10613|Robert Garcia|555-379-9378|5461 Maple St, Bristol|MX
10614|James Smith|555-369-3804|4943 Maple St, Bristol|CO
10615|John Miller|555-848-9406|4008 Cedar Rd, Bristol|PE
10616|James Jones|555-964-7480|583 Main St, Bristol|CL
10617|John Garcia|555-806-6435|3410 Main St, Franklin|MX
10618|Linda Miller|555-159-2290|1126 Pine St, Riverside|CO
10619|Patricia Garcia|555-186-9099|4063 Main St, Madison|PE
10620|Jennifer Miller|555-677-4729|7779 Lakeview Dr, Riverside|CL
10621|Michael Brown|555-368-7935|7019 Oak Ave, Bristol|MX
10622|Jennifer Garcia|555-154-1082|7528 Lakeview Dr, Bristol|CO
10623|Robert Johnson|555-414-8060|4909 Oak Ave, Madison|PE
10624|Mary Johnson|555-774-1526|7844 Maple St, Riverside|CL
10625|Jennifer Jones|555-723-5618|3716 Pine St, Greenville|MX
10626|Mary Johnson|555-580-1601|9159 Pine St, Greenville|CO
10627|Patricia Williams|555-164-9825|561 Maple St, Franklin|PE
10628|Mary Williams|555-876-8561|2913 Oak Ave, Springfield|CL
10629|Jennifer Garcia|555-393-9335|9654 Oak Ave, Greenville|MX
10630|Jennifer Williams|555-451-9015|4185 Pine St, Riverside|CO
10631|Patricia Johnson|555-809-8427|6992 Maple St, Greenville|PE
10632|Michael Smith|555-521-8202|7879 Lakeview Dr, Franklin|CL
10633|Robert Miller|555-855-2100|1819 Cedar Rd, Riverside|MX
10634|Linda Brown|555-251-9487|4779 Cedar Rd, Madison|CO
10635|Patricia Davis|555-592-1514|2817 Oak Ave, Riverside|PE
10636|Patricia Miller|555-320-6491|7935 Oak Ave, Greenville|CL
10637|Patricia Smith|555-284-5216|6897 Maple St, Franklin|MX
10638|Robert Johnson|555-214-6339|2424 Main St, Springfield|CO
10639|Robert Brown|555-531-8326|9384 Cedar Rd, Riverside|PE
10640|Jennifer Johnson|555-510-2389|8245 Maple St, Greenville|CL
10641|James Jones|555-604-1066|130 Maple St, Riverside|MX
10642|James Jones|555-157-4053|1742 Oak Ave, Greenville|CO
10643|John Garcia|555-904-3138|4742 Pine St, Springfield|PE
10644|Robert Jones|555-571-2145|5170 Main St, Bristol|CL
10645|Mary Williams|555-601-5292|2591 Main St, Riverside|MX
10646|Mary Brown|555-798-9021|6750 Oak Ave, Franklin|CO
10647|John Miller|555-602-6258|9547 Oak Ave, Riverside|PE
10648|Michael Jones|555-647-1909|9136 Main St, Riverside|CL
10649|Robert Garcia|555-583-2083|4320 Maple St, Springfield|MX
10650|Patricia Jones|555-559-4556|866 Lakeview Dr, Riverside|CO
10651|Patricia Miller|555-881-1490|4099 Maple St, Greenville|PE
10652|Patricia Davis|555-879-1521|4970 Pine St, Franklin|CL
10653|Michael Smith|555-778-6896|1966 Cedar Rd, Franklin|MX
10654|Robert Smith|555-952-1045|5523 Pine St, Riverside|CO
10655|Linda Williams|555-814-7989|4453 Maple St, Franklin|PE
10656|Mary Smith|555-143-5054|2935 Oak Ave, Riverside|CL
10657|Linda Smith|555-802-1753|3423 Cedar Rd, Madison|MX
10658|John Davis|555-545-6662|6868 Pine St, Madison|CO
10659|John Miller|555-987-2551|4356 Pine St, Franklin|PE
10660|John Brown|555-343-4964|993 Pine St, Madison|CL
10661|Robert Davis|555-692-1864|8848 Pine St, Madison|MX
10662|Linda Johnson|555-929-1955|7533 Oak Ave, Franklin|CO
10663|Jennifer Davis|555-359-1342|9209 Main St, Madison|PE
10664|Linda Smith|555-380-6648|1112 Pine St, Franklin|CL
10665|John Smith|555-329-7903|2750 Lakeview Dr, Bristol|MX
10666|Robert Jones|555-511-7795|5257 Lakeview Dr, Springfield|CO
10667|Patricia Brown|555-896-4028|4023 Maple St, Springfield|PE
10668|Michael Johnson|555-201-5113|4808 Cedar Rd, Bristol|CL
10669|Michael Miller|555-894-4958|3043 Cedar Rd, Bristol|MX
10670|Robert Smith|555-924-5960|1979 Main St, Springfield|CO
10671|Robert Johnson|555-212-3596|8300 Main St, Bristol|PE
10672|Robert Miller|555-161-4588|2636 Maple St, Greenville|CL
10673|John Smith|555-384-4199|3566 Lakeview Dr, Madison|MX
10674|John Davis|555-646-3517|5315 Oak Ave, Springfield|CO
10675|Patricia Garcia|555-967-4038|5183 Pine St, Bristol|PE
10676|John Miller|555-480-4120|553 Oak Ave, Franklin|CL
10677|John Johnson|555-609-6998|6346 Oak Ave, Madison|MX
10678|Michael Garcia|555-548-2707|5344 Pine St, Springfield|CO
10679|John Smith|555-911-6861|2741 Lakeview Dr, Bristol|PE
10680|Linda Brown|555-753-6961|1001 Cedar Rd, Franklin|CL
10681|Patricia Johnson|555-264-1108|3393 Cedar Rd, Riverside|MX
10682|Linda Brown|555-692-3686|954 Oak Ave, Bristol|CO
10683|James Garcia|555-282-6842|2287 Pine St, Madison|PE
10684|Jennifer Smith|555-381-5515|583 Pine St, Bristol|CL
10685|James Davis|555-138-8264|4722 Lakeview Dr, Riverside|MX
10686|James Davis|555-197-4476|6481 Cedar Rd, Franklin|CO
10687|Jennifer Miller|555-801-9142|6112 Cedar Rd, Riverside|PE
10688|Patricia Miller|555-449-7311|815 Cedar Rd, Bristol|CL
10689|Robert Williams|555-975-9762|2153 Pine St, Greenville|MX
10690|John Jones|555-428-1624|5563 Lakeview Dr, Greenville|CO
10691|James Johnson|555-115-8531|6742 Oak Ave, Bristol|PE
10692|Jennifer Johnson|555-140-5587|1671 Oak Ave, Greenville|CL
10693|John Jones|555-880-1328|7172 Oak Ave, Springfield|MX
10694|Mary Jones|555-292-9460|5466 Maple St, Greenville|CO
10695|James Garcia|555-122-9049|3523 Cedar Rd, Riverside|PE
10696|Jennifer Brown|555-509-3988|6364 Cedar Rd, Springfield|CL
10697|Jennifer Smith|555-319-2132|2841 Maple St, Bristol|MX
10698|Jennifer Garcia|555-663-4073|6455 Lakeview Dr, Franklin|CO
10699|Linda Miller|555-773-6593|8022 Lakeview Dr, Franklin|PE
10700|James Jones|555-117-9239|3960 Maple St, Franklin|CL
10701|Michael Davis|555-617-2572|4460 Cedar Rd, Madison|MX
10702|Jennifer Williams|555-988-4658|337 Main St, Franklin|CO
10703|Michael Davis|555-749-9046|136 Oak Ave, Springfield|PE
10704|Jennifer Brown|555-906-7645|3351 Oak Ave, Madison|CL
10705|Linda Davis|555-999-7294|6291 Cedar Rd, Bristol|MX
10706|Michael Jones|555-168-4363|5744 Pine St, Riverside|CO
10707|John Williams|555-728-1911|2963 Cedar Rd, Madison|PE
10708|James Garcia|555-308-1084|8962 Oak Ave, Franklin|CL
10709|John Smith|555-910-4808|5383 Maple St, Bristol|MX
10710|Linda Garcia|555-711-9212|8433 Cedar Rd, Madison|CO
10711|Linda Smith|555-798-4833|2204 Pine St, Franklin|PE
10712|Patricia Jones|555-776-6169|7354 Cedar Rd, Greenville|CL
10713|John Williams|555-836-4184|6098 Cedar Rd, Bristol|MX
10714|John Johnson|555-828-2761|4848 Maple St, Springfield|CO
10715|James Smith|555-643-9495|4478 Maple St, Bristol|PE
10716|Michael Jones|555-882-3703|9323 Pine St, Greenville|CL
10717|Robert Miller|555-111-6530|1471 Main St, Bristol|MX
10718|Patricia Brown|555-379-3686|2420 Oak Ave, Madison|CO
10719|Mary Brown|555-375-8351|2473 Lakeview Dr, Bristol|PE
10720|Linda Williams|555-612-5448|4556 Cedar Rd, Madison|CL
10721|Patricia Jones|555-162-3835|4801 Oak Ave, Riverside|MX
10722|Michael Smith|555-471-9993|1642 Cedar Rd, Bristol|CO
10723|Linda Garcia|555-153-2965|9823 Oak Ave, Riverside|PE
10724|James Williams|555-184-9150|9191 Cedar Rd, Riverside|CL
10725|Mary Smith|555-616-3081|692 Pine St, Madison|MX
10726|Mary Smith|555-219-2191|4090 Pine St, Greenville|CO
10727|John Johnson|555-410-7023|4457 Pine St, Madison|PE
10728|James Jones|555-278-2065|8026 Cedar Rd, Springfield|CL
10729|James Johnson|555-695-7349|6043 Lakeview Dr, Riverside|MX
10730|James Brown|555-436-4019|217 Oak Ave, Bristol|CO
10731|Linda Davis|555-382-1222|4481 Main St, Riverside|PE
10732|Jennifer Johnson|555-341-7772|2752 Main St, Greenville|CL
10733|Linda Garcia|555-282-9611|4967 Maple St, Greenville|MX
10734|James Williams|555-880-3659|7846 Cedar Rd, Franklin|CO
10735|John Smith|555-630-7671|770 Main St, Bristol|PE
10736|Jennifer Johnson|555-753-5541|7672 Maple St, Springfield|CL
10737|Patricia Miller|555-936-3451|9961 Cedar Rd, Franklin|MX
10738|Michael Davis|555-315-9700|304 Maple St, Madison|CO
10739|Jennifer Jones|555-850-6535|2816 Oak Ave, Riverside|PE
10740|Linda Miller|555-811-9455|643 Main St, Riverside|CL
10741|Patricia Williams|555-139-5636|185 Cedar Rd, Springfield|MX
10742|Mary Miller|555-942-4111|450 Lakeview Dr, Bristol|CO
10743|James Davis|555-788-2402|2638 Cedar Rd, Franklin|PE
10744|Michael Smith|555-923-6164|1057 Pine St, Bristol|CL
10745|Michael Smith|555-503-8907|2460 Lakeview Dr, Greenville|MX
10746|Mary Smith|555-181-8452|4272 Main St, Madison|CO
10747|Mary Davis|555-339-3110|1865 Oak Ave, Franklin|PE
10748|Michael Jones|555-589-4797|8009 Main St, Springfield|CL
10749|Linda Miller|555-644-9342|1937 Cedar Rd, Springfield|MX
10750|Patricia Miller|555-164-7095|7433 Main St, Madison|CO
10751|Robert Miller|555-914-9942|7341 Lakeview Dr, Springfield|PE
10752|Patricia Brown|555-141-4056|3110 Lakeview Dr, Bristol|CL
10753|James Williams|555-384-9922|3883 Main St, Bristol|MX
10754|Jennifer Davis|555-176-2652|2979 Maple St, Bristol|CO
10755|Michael Smith|555-838-5952|4511 Maple St, Riverside|PE
10756|Robert Garcia|555-983-7995|6196 Pine St, Franklin|CL
10757|James Jones|555-712-8180|9086 Cedar Rd, Madison|MX
10758|Linda Davis|555-590-6081|1476 Maple St, Franklin|CO
10759|James Davis|555-147-8828|4114 Pine St, Springfield|PE
10760|Michael Johnson|555-597-7918|2561 Pine St, Riverside|CL
10761|Patricia Williams|555-874-4831|3231 Lakeview Dr, Madison|MX
10762|Michael Brown|555-661-6243|481 Maple St, Springfield|CO
10763|James Williams|555-571-1203|1190 Pine St, Madison|PE
10764|Jennifer Jones|555-790-3496|9520 Oak Ave, Madison|CL
10765|Jennifer Smith|555-350-2894|9423 Lakeview Dr, Franklin|MX
10766|Mary Davis|555-270-2121|8796 Oak Ave, Madison|CO
10767|John Miller|555-367-8579|4249 Oak Ave, Madison|PE
10768|James Miller|555-593-2412|5979 Maple St, Greenville|CL
10769|Mary Davis|555-854-7708|7856 Lakeview Dr, Franklin|MX
10770|Jennifer Davis|555-452-6653|8953 Maple St, Riverside|CO
10771|James Smith|555-910-4586|2163 Cedar Rd, Riverside|PE
10772|John Davis|555-329-1574|9145 Pine St, Riverside|CL
10773|Jennifer Jones|555-561-5927|5815 Lakeview Dr, Riverside|MX
10774|James Garcia|555-240-1112|7529 Maple St, Franklin|CO
10775|Robert Johnson|555-671-8181|8650 Maple St, Madison|PE
10776|Linda Johnson|555-165-7178|699 Lakeview Dr, Greenville|CL
10777|John Miller|555-160-8273|6645 Pine St, Bristol|MX
10778|Michael Brown|555-883-7731|2951 Cedar Rd, Springfield|CO
10779|John Jones|555-251-1789|3254 Cedar Rd, Madison|PE
10780|Mary Johnson|555-601-3368|1396 Main St, Greenville|CL
10781|Robert Williams|555-890-3320|2831 Pine St, Franklin|MX
10782|Jennifer Garcia|555-571-7305|8348 Maple St, Riverside|CO
10783|Mary Johnson|555-970-7938|7590 Main St, Greenville|PE
10784|Michael Johnson|555-238-8985|1256 Main St, Bristol|CL
10785|Jennifer Johnson|555-591-5328|9945 Cedar Rd, Riverside|MX
10786|James Davis|555-125-8339|4699 Lakeview Dr, Madison|CO
10787|Jennifer Johnson|555-138-7752|5984 Lakeview Dr, Franklin|PE
10788|James Williams|555-412-5707|6361 Maple St, Bristol|CL
10789|Robert Johnson|555-789-7743|1512 Oak Ave, Bristol|MX
10790|Linda Jones|555-627-8546|5089 Maple St, Springfield|CO
10791|Robert Davis|555-667-4588|9203 Main St, Bristol|PE
10792|John Williams|555-409-6021|7151 Pine St, Greenville|CL
10793|Robert Smith|555-765-1247|7428 Pine St, Bristol|MX
10794|Michael Miller|555-448-5037|4056 Lakeview Dr, Madison|CO
10795|Jennifer Johnson|555-857-4336|9221 Lakeview Dr, Madison|PE
10796|Jennifer Johnson|555-854-2391|3869 Maple St, Springfield|CL
10797|James Davis|555-451-8550|2783 Cedar Rd, Franklin|MX
10798|Linda Jones|555-334-6601|2561 Pine St, Madison|CO
10799|Patricia Williams|555-290-6342|1827 Oak Ave, Bristol|PE
10800|Patricia Brown|555-462-9190|5674 Oak Ave, Franklin|CL
10801|Patricia Miller|555-680-3218|189 Lakeview Dr, Springfield|MX
10802|Michael Miller|555-700-2043|6333 Main St, Madison|CO
10803|Linda Garcia|555-584-6678|4131 Lakeview Dr, Bristol|PE
10804|Robert Jones|555-386-8531|5386 Maple St, Springfield|CL
10805|Robert Johnson|555-267-1679|5969 Cedar Rd, Riverside|MX
10806|James Johnson|555-155-6499|4276 Oak Ave, Madison|CO
10807|John Miller|555-693-9642|8675 Oak Ave, Springfield|PE
10808|Mary Jones|555-887-1608|4505 Main St, Franklin|CL
10809|James Brown|555-456-6384|6603 Pine St, Madison|MX
10810|James Davis|555-753-6381|5968 Lakeview Dr, Franklin|CO
10811|Robert Smith|555-796-6852|5846 Oak Ave, Franklin|PE
10812|Patricia Jones|555-422-3323|8196 Cedar Rd, Bristol|CL
10813|Patricia Williams|555-710-9175|6422 Cedar Rd, Franklin|MX
10814|Mary Williams|555-324-8042|7847 Cedar Rd, Greenville|CO
10815|John Miller|555-604-8745|5493 Oak Ave, Bristol|PE
10816|Robert Jones|555-543-3477|1945 Main St, Bristol|CL
10817|Patricia Johnson|555-661-8553|5090 Cedar Rd, Greenville|MX
10818|Mary Davis|555-238-6843|2456 Cedar Rd, Greenville|CO
10819|John Jones|555-560-2728|3962 Pine St, Riverside|PE
10820|James Johnson|555-113-9738|4038 Lakeview Dr, Springfield|CL
10821|Robert Williams|555-947-6789|2518 Maple St, Springfield|MX
10822|Robert Garcia|555-107-7879|2311 Lakeview Dr, Madison|CO
10823|Patricia Brown|555-473-9980|4151 Cedar Rd, Greenville|PE
10824|Linda Smith|555-729-7802|2882 Main St, Springfield|CL
10825|Robert Smith|555-822-4519|3267 Lakeview Dr, Bristol|MX
10826|Patricia Brown|555-147-5982|9903 Oak Ave, Franklin|CO
10827|Michael Garcia|555-852-7127|8966 Maple St, Greenville|PE
10828|James Williams|555-298-9814|9555 Oak Ave, Franklin|CL
10829|Mary Smith|555-369-9182|6278 Lakeview Dr, Bristol|MX
10830|James Johnson|555-435-2722|2840 Cedar Rd, Madison|CO
10831|Mary Miller|555-670-7756|7688 Oak Ave, Bristol|PE
10832|Michael Jones|555-926-2696|3157 Cedar Rd, Riverside|CL
10833|James Brown|555-679-9040|3787 Lakeview Dr, Riverside|MX
10834|Linda Jones|555-364-7082|8783 Maple St, Bristol|CO
10835|Mary Davis|555-847-7302|516 Maple St, Franklin|PE
10836|Patricia Johnson|555-247-9717|1980 Cedar Rd, Madison|CL
10837|Robert Williams|555-696-8598|9248 Maple St, Springfield|MX
10838|John Miller|555-606-4287|6803 Maple St, Greenville|CO
10839|Robert Miller|555-734-7604|3812 Oak Ave, Bristol|PE
10840|Michael Johnson|555-135-1956|958 Oak Ave, Greenville|CL
10841|James Smith|555-639-6078|3650 Pine St, Springfield|MX
10842|Mary Davis|555-318-3572|8737 Cedar Rd, Greenville|CO
10843|Michael Brown|555-404-9998|5363 Maple St, Bristol|PE
10844|Jennifer Jones|555-571-9718|4302 Maple St, Bristol|CL
10845|Jennifer Davis|555-242-1624|6022 Maple St, Bristol|MX
10846|James Davis|555-514-7482|9004 Main St, Franklin|CO
10847|James Davis|555-563-7100|2408 Lakeview Dr, Franklin|PE
10848|John Jones|555-177-2514|9808 Lakeview Dr, Greenville|CL
10849|Patricia Williams|555-468-7526|311 Cedar Rd, Springfield|MX
10850|James Williams|555-295-1754|7433 Oak Ave, Greenville|CO
10851|Mary Johnson|555-662-2575|7125 Lakeview Dr, Bristol|PE
10852|Mary Jones|555-273-1089|2819 Lakeview Dr, Bristol|CL
10853|Linda Davis|555-778-4585|8569 Pine St, Riverside|MX
10854|Mary Johnson|555-576-3450|6187 Lakeview Dr, Franklin|CO
10855|Michael Smith|555-402-6277|7116 Pine St, Madison|PE
10856|James Smith|555-882-3621|2010 Lakeview Dr, Bristol|CL
10857|Linda Brown|555-196-1512|7975 Cedar Rd, Franklin|MX
10858|John Brown|555-179-3630|4888 Main St, Springfield|CO
10859|James Jones|555-596-7241|1083 Maple St, Franklin|PE
10860|Robert Jones|555-732-9786|2801 Pine St, Bristol|CL
10861|Patricia Brown|555-108-4196|4313 Maple St, Springfield|MX
10862|Mary Williams|555-628-8754|7092 Pine St, Riverside|CO
10863|Patricia Davis|555-768-6347|340 Pine St, Bristol|PE
10864|Patricia Williams|555-971-6213|3031 Lakeview Dr, Riverside|CL
10865|James Johnson|555-754-4062|2337 Oak Ave, Bristol|MX
10866|Mary Jones|555-210-7845|1628 Lakeview Dr, Bristol|CO
10867|Robert Smith|555-311-2834|6094 Main St, Riverside|PE
10868|James Brown|555-563-5087|8397 Main St, Bristol|CL
10869|Mary Johnson|555-923-9531|4400 Oak Ave, Springfield|MX
10870|James Brown|555-679-4412|4266 Cedar Rd, Franklin|CO
10871|Patricia Brown|555-736-1981|774 Oak Ave, Springfield|PE
10872|Michael Johnson|555-123-3411|5752 Lakeview Dr, Madison|CL
10873|James Johnson|555-613-6927|4747 Lakeview Dr, Riverside|MX
10874|Mary Davis|555-724-3271|6467 Maple St, Bristol|CO
10875|Mary Jones|555-428-9064|2899 Lakeview Dr, Madison|PE
10876|Patricia Davis|555-689-5174|2949 Maple St, Greenville|CL
10877|James Williams|555-965-9408|2291 Maple St, Springfield|MX
10878|Linda Davis|555-485-7297|2450 Oak Ave, Bristol|CO
10879|Robert Davis|555-887-1380|1968 Cedar Rd, Franklin|PE
10880|Patricia Johnson|555-696-8088|3557 Maple St, Bristol|CL
10881|Mary Williams|555-449-7743|8172 Lakeview Dr, Springfield|MX
10882|Michael Williams|555-827-4670|6474 Main St, Bristol|CO
10883|Linda Brown|555-833-3924|3791 Lakeview Dr, Bristol|PE
10884|John Miller|555-520-8286|6616 Lakeview Dr, Franklin|CL
10885|Patricia Smith|555-109-9286|6142 Oak Ave, Franklin|MX
10886|Jennifer Davis|555-458-9420|3763 Maple St, Greenville|CO
10887|Patricia Davis|555-600-9628|4974 Pine St, Springfield|PE
10888|Jennifer Brown|555-787-8686|1048 Pine St, Springfield|CL
10889|Patricia Johnson|555-103-7401|9645 Main St, Madison|MX
10890|Linda Smith|555-973-8632|5082 Oak Ave, Madison|CO
10891|Jennifer Brown|555-134-4709|3479 Cedar Rd, Greenville|PE
10892|Patricia Davis|555-296-6941|813 Oak Ave, Madison|CL
10893|Linda Miller|555-633-7428|1470 Oak Ave, Bristol|MX
10894|James Garcia|555-696-4521|5654 Maple St, Bristol|CO
10895|John Williams|555-623-6735|7053 Lakeview Dr, Springfield|PE
10896|Mary Jones|555-571-6138|3983 Oak Ave, Bristol|CL
10897|Mary Garcia|555-225-4915|4162 Oak Ave, Bristol|MX
10898|James Garcia|555-280-6946|6244 Main St, Madison|CO
10899|James Garcia|555-655-1212|851 Pine St, Greenville|PE
10900|Mary Garcia|555-551-4631|1286 Lakeview Dr, Madison|CL
10901|James Garcia|555-611-7791|3954 Main St, Franklin|MX
10902|Mary Davis|555-553-1993|2842 Oak Ave, Springfield|CO
10903|Jennifer Jones|555-248-4203|2085 Pine St, Greenville|PE
10904|James Smith|555-905-9535|3024 Main St, Bristol|CL
10905|James Garcia|555-875-3705|9071 Main St, Greenville|MX
10906|Patricia Smith|555-259-5846|2034 Main St, Bristol|CO
10907|Michael Jones|555-375-3329|8892 Oak Ave, Springfield|PE
10908|Patricia Miller|555-362-6158|9793 Cedar Rd, Franklin|CL
10909|James Brown|555-317-1026|1836 Lakeview Dr, Riverside|MX
10910|Patricia Garcia|555-435-4323|6757 Lakeview Dr, Franklin|CO
10911|Mary Garcia|555-901-3978|8129 Main St, Franklin|PE
10912|Linda Davis|555-284-9310|9356 Maple St, Springfield|CL
10913|Linda Williams|555-862-8970|9775 Lakeview Dr, Bristol|MX
10914|Jennifer Miller|555-304-2879|3680 Pine St, Madison|CO
10915|Jennifer Miller|555-488-5579|6728 Maple St, Greenville|PE
10916|Michael Davis|555-836-4398|5989 Pine St, Madison|CL
10917|Robert Williams|555-667-6712|8647 Lakeview Dr, Madison|MX
10918|James Miller|555-680-2550|856 Pine St, Springfield|CO
10919|Mary Smith|555-511-3213|9042 Main St, Riverside|PE
10920|Robert Jones|555-499-8088|8579 Oak Ave, Bristol|CL
10921|Patricia Johnson|555-386-1139|2537 Main St, Riverside|MX
10922|Robert Garcia|555-767-4918|925 Pine St, Bristol|CO
10923|James Smith|555-803-8282|5183 Maple St, Greenville|PE
10924|Mary Williams|555-430-7515|1290 Lakeview Dr, Springfield|CL
10925|Jennifer Miller|555-862-5985|1407 Oak Ave, Madison|MX
10926|Linda Williams|555-564-1322|5247 Oak Ave, Greenville|CO
10927|James Garcia|555-543-1858|950 Main St, Madison|PE
10928|James Miller|555-953-9580|4786 Oak Ave, Franklin|CL
10929|Linda Jones|555-112-8418|9160 Oak Ave, Bristol|MX
10930|Jennifer Smith|555-969-4427|6422 Pine St, Bristol|CO
10931|Jennifer Brown|555-648-9615|7663 Main St, Madison|PE
10932|James Miller|555-991-2337|1411 Cedar Rd, Franklin|CL
10933|Jennifer Garcia|555-844-4950|9332 Oak Ave, Madison|MX
10934|Patricia Miller|555-817-1094|7336 Lakeview Dr, Riverside|CO
10935|Robert Miller|555-368-5884|2050 Maple St, Madison|PE
10936|Linda Johnson|555-446-2212|7142 Oak Ave, Franklin|CL
10937|Robert Brown|555-311-8950|4027 Oak Ave, Bristol|MX
10938|Patricia Johnson|555-210-9837|2864 Cedar Rd, Bristol|CO
10939|James Williams|555-896-3982|8753 Oak Ave, Springfield|PE
10940|Patricia Garcia|555-420-7043|277 Cedar Rd, Bristol|CL
10941|Jennifer Davis|555-373-1035|387 Oak Ave, Riverside|MX
10942|Jennifer Johnson|555-726-2813|2292 Lakeview Dr, Greenville|CO
10943|Linda Miller|555-480-5918|4095 Oak Ave, Madison|PE
10944|James Smith|555-713-9911|6535 Oak Ave, Bristol|CL
10945|Jennifer Williams|555-688-3921|5478 Maple St, Franklin|MX
10946|James Brown|555-448-8015|7703 Cedar Rd, Bristol|CO
10947|Michael Williams|555-459-4620|5867 Pine St, Riverside|PE
10948|John Smith|555-345-2871|9332 Oak Ave, Springfield|CL
10949|Linda Jones|555-282-6776|7860 Cedar Rd, Riverside|MX
10950|Michael Jones|555-198-9187|6498 Maple St, Springfield|CO
10951|Patricia Brown|555-239-6775|5786 Maple St, Riverside|PE
10952|Linda Davis|555-847-4065|4270 Maple St, Bristol|CL
10953|Robert Williams|555-648-8508|4492 Pine St, Bristol|MX
10954|Mary Davis|555-325-4483|7184 Lakeview Dr, Greenville|CO
10955|Jennifer Jones|555-396-2185|9073 Lakeview Dr, Riverside|PE
10956|Robert Williams|555-466-5568|8255 Lakeview Dr, Franklin|CL
10957|James Garcia|555-258-2739|6770 Main St, Springfield|MX
10958|Michael Davis|555-744-5153|5644 Lakeview Dr, Riverside|CO
10959|Patricia Johnson|555-986-3220|7866 Cedar Rd, Bristol|PE
10960|Mary Brown|555-508-9027|7804 Oak Ave, Madison|CL
10961|Michael Davis|555-502-4089|2817 Maple St, Madison|MX
10962|John Jones|555-469-4159|9324 Lakeview Dr, Madison|CO
10963|John Brown|555-600-1833|8812 Oak Ave, Riverside|PE
10964|Michael Smith|555-914-8654|8794 Lakeview Dr, Madison|CL
10965|Mary Brown|555-173-9463|6731 Main St, Madison|MX
10966|Robert Brown|555-371-3054|5590 Cedar Rd, Springfield|CO
10967|Mary Jones|555-382-2902|6295 Pine St, Franklin|PE
10968|John Garcia|555-756-7931|3102 Cedar Rd, Springfield|CL
10969|John Jones|555-389-8474|4395 Pine St, Madison|MX
10970|Robert Jones|555-735-3158|2746 Cedar Rd, Riverside|CO
10971|Mary Jones|555-370-4747|8955 Main St, Riverside|PE
10972|Patricia Garcia|555-806-3781|693 Cedar Rd, Madison|CL
10973|Mary Garcia|555-555-4748|8725 Pine St, Greenville|MX
10974|James Miller|555-796-2622|8695 Main St, Franklin|CO
10975|Mary Jones|555-840-5962|275 Cedar Rd, Franklin|PE
10976|John Miller|555-373-2645|7190 Oak Ave, Bristol|CL
10977|Jennifer Jones|555-111-2683|4670 Oak Ave, Madison|MX
10978|John Garcia|555-120-1220|6716 Pine St, Riverside|CO
10979|Linda Brown|555-160-8606|2712 Main St, Riverside|PE
10980|Jennifer Jones|555-272-5998|8097 Lakeview Dr, Madison|CL
10981|Mary Jones|555-206-7854|9580 Maple St, Madison|MX
10982|Patricia Smith|555-771-7560|1092 Oak Ave, Riverside|CO
10983|John Williams|555-103-8491|8939 Main St, Greenville|PE
10984|Linda Jones|555-135-2667|6761 Lakeview Dr, Riverside|CL
10985|Linda Miller|555-197-4117|5987 Pine St, Franklin|MX
10986|James Jones|555-318-1898|178 Maple St, Riverside|CO
10987|Patricia Davis|555-283-2895|8612 Pine St, Springfield|PE
10988|James Miller|555-455-3988|6503 Cedar Rd, Riverside|CL
10989|John Davis|555-369-4597|5177 Main St, Springfield|MX
10990|Mary Smith|555-312-4055|4266 Oak Ave, Bristol|CO
10991|Jennifer Davis|555-329-2039|4314 Oak Ave, Franklin|PE
10992|John Davis|555-654-9574|246 Lakeview Dr, Riverside|CL
10993|John Brown|555-308-4724|8282 Lakeview Dr, Springfield|MX
10994|James Williams|555-129-6080|3129 Lakeview Dr, Bristol|CO
10995|Patricia Smith|555-896-4981|7591 Main St, Springfield|PE
10996|Mary Johnson|555-180-5324|2202 Main St, Greenville|CL
10997|John Smith|555-313-8061|235 Main St, Madison|MX
10998|Patricia Garcia|555-345-9443|3172 Maple St, Greenville|CO
10999|Robert Davis|555-331-8558|2975 Cedar Rd, Riverside|PE
11000|Michael Smith|555-270-4284|2303 Pine St, Riverside|CL
11001|Patricia Jones|555-442-7419|1981 Pine St, Franklin|MX
11002|Patricia Smith|555-199-7598|2866 Maple St, Greenville|CO
11003|John Miller|555-338-6366|6699 Oak Ave, Franklin|PE
11004|Mary Jones|555-808-3203|7992 Maple St, Bristol|CL
11005|James Johnson|555-495-3751|2434 Oak Ave, Franklin|MX
11006|Linda Jones|555-952-3237|3808 Pine St, Bristol|CO
11007|Mary Garcia|555-791-1123|7869 Maple St, Greenville|PE
11008|John Garcia|555-651-7400|3838 Cedar Rd, Franklin|CL
11009|Linda Jones|555-500-2178|6999 Cedar Rd, Riverside|MX
11010|Linda Johnson|555-268-9492|7913 Maple St, Greenville|CO
11011|Michael Garcia|555-343-3277|6606 Maple St, Franklin|PE
11012|Michael Miller|555-880-6330|4759 Pine St, Riverside|CL
11013|James Miller|555-389-8917|5104 Maple St, Madison|MX
11014|Mary Davis|555-650-6036|6319 Main St, Franklin|CO
11015|Michael Brown|555-757-2766|1364 Main St, Springfield|PE
11016|John Miller|555-853-1153|2083 Maple St, Madison|CL
11017|Jennifer Johnson|555-879-6283|3150 Pine St, Greenville|MX
11018|Jennifer Johnson|555-590-1499|7189 Lakeview Dr, Greenville|CO
11019|Jennifer Miller|555-956-5449|8142 Lakeview Dr, Bristol|PE
11020|Mary Johnson|555-298-3562|7326 Oak Ave, Riverside|CL
11021|Mary Jones|555-742-1044|1040 Cedar Rd, Franklin|MX
11022|Mary Johnson|555-955-7534|5083 Pine St, Riverside|CO
11023|Patricia Garcia|555-446-7507|1641 Cedar Rd, Springfield|PE
11024|John Garcia|555-803-7317|181 Oak Ave, Greenville|CL
11025|Linda Jones|555-351-1183|1982 Lakeview Dr, Madison|MX
11026|Jennifer Brown|555-506-2474|7621 Oak Ave, Franklin|CO
11027|Michael Williams|555-869-2773|7903 Pine St, Franklin|PE
11028|Linda Garcia|555-131-4924|2023 Cedar Rd, Riverside|CL
11029|Robert Miller|555-631-3541|2638 Cedar Rd, Bristol|MX
11030|Robert Miller|555-954-7278|7351 Oak Ave, Greenville|CO
11031|Jennifer Jones|555-763-3251|9484 Oak Ave, Springfield|PE
11032|Robert Brown|555-617-3965|5049 Cedar Rd, Riverside|CL
11033|Michael Smith|555-199-7028|4813 Lakeview Dr, Springfield|MX
11034|Mary Garcia|555-439-6039|9469 Main St, Greenville|CO
11035|Patricia Brown|555-159-4321|4412 Oak Ave, Springfield|PE
11036|Mary Brown|555-570-1584|8557 Pine St, Riverside|CL
11037|Patricia Smith|555-486-1951|8260 Lakeview Dr, Springfield|MX
11038|Patricia Davis|555-794-8313|835 Cedar Rd, Bristol|CO
11039|Linda Jones|555-777-4762|133 Main St, Riverside|PE
11040|Robert Brown|555-696-1543|9818 Pine St, Springfield|CL
11041|Robert Williams|555-239-7600|8622 Main St, Madison|MX
11042|Michael Garcia|555-720-2291|4146 Oak Ave, Greenville|CO
11043|Michael Davis|555-911-4200|9687 Cedar Rd, Riverside|PE
11044|Robert Miller|555-939-7470|279 Main St, Springfield|CL
11045|Linda Garcia|555-299-8746|9730 Cedar Rd, Greenville|MX
11046|Jennifer Johnson|555-989-1833|5326 Lakeview Dr, Greenville|CO
11047|Mary Johnson|555-250-8201|8359 Pine St, Riverside|PE
11048|Linda Davis|555-544-5342|8648 Oak Ave, Greenville|CL
11049|Mary Jones|555-503-1547|897 Main St, Madison|MX
11050|Michael Davis|555-914-9449|4241 Lakeview Dr, Riverside|CO
11051|John Garcia|555-429-3376|332 Pine St, Springfield|PE
11052|Robert Smith|555-268-7292|3157 Oak Ave, Bristol|CL
11053|James Smith|555-699-1661|8902 Maple St, Springfield|MX
11054|Robert Jones|555-640-3688|1543 Maple St, Bristol|CO
11055|John Williams|555-369-6531|6811 Maple St, Greenville|PE
11056|Linda Williams|555-750-5967|3896 Cedar Rd, Madison|CL
11057|Michael Davis|555-574-2583|7523 Main St, Madison|MX
11058|James Davis|555-547-5254|1843 Lakeview Dr, Franklin|CO
11059|James Miller|555-619-4766|4710 Lakeview Dr, Bristol|PE
11060|Patricia Johnson|555-566-1138|8330 Maple St, Riverside|CL
11061|Michael Williams|555-335-2209|5983 Pine St, Springfield|MX
11062|Michael Williams|555-285-7666|5398 Lakeview Dr, Franklin|CO
11063|Robert Garcia|555-375-6935|6589 Pine St, Riverside|PE
11064|Jennifer Williams|555-939-1580|9181 Maple St, Greenville|CL
11065|Linda Miller|555-934-5771|4161 Cedar Rd, Bristol|MX
11066|Robert Miller|555-794-4066|1392 Pine St, Franklin|CO
11067|John Davis|555-273-9653|6575 Lakeview Dr, Bristol|PE
11068|James Brown|555-906-1524|9687 Cedar Rd, Springfield|CL
11069|Mary Johnson|555-156-4697|4496 Oak Ave, Greenville|MX
11070|James Johnson|555-777-1043|2014 Main St, Franklin|CO
11071|Robert Williams|555-213-1946|1094 Maple St, Greenville|PE
11072|James Garcia|555-526-2418|8626 Cedar Rd, Riverside|CL
11073|John Miller|555-695-2391|218 Pine St, Bristol|MX
11074|Michael Miller|555-670-7106|576 Cedar Rd, Bristol|CO
11075|Patricia Davis|555-795-7453|5499 Maple St, Riverside|PE
11076|Mary Garcia|555-972-5360|8761 Oak Ave, Riverside|CL
11077|James Davis|555-720-4418|4461 Pine St, Riverside|MX
11078|Michael Williams|555-741-8867|2402 Main St, Springfield|CO
11079|James Miller|555-108-5736|3377 Cedar Rd, Riverside|PE
11080|Linda Smith|555-234-4536|6267 Main St, Riverside|CL
11081|Jennifer Smith|555-294-3347|6645 Main St, Bristol|MX
11082|Patricia Brown|555-992-5907|8206 Lakeview Dr, Madison|CO
11083|Robert Davis|555-284-4839|3906 Pine St, Madison|PE
11084|John Williams|555-120-2272|5385 Cedar Rd, Riverside|CL
11085|James Smith|555-984-6421|6930 Lakeview Dr, Greenville|MX
11086|John Smith|555-510-4360|1702 Cedar Rd, Franklin|CO
11087|John Jones|555-552-5315|1878 Maple St, Greenville|PE
11088|Jennifer Davis|555-966-7720|1740 Lakeview Dr, Greenville|CL
11089|Linda Williams|555-678-8155|7832 Lakeview Dr, Greenville|MX
11090|Mary Garcia|555-281-5373|140 Maple St, Greenville|CO
11091|Patricia Miller|555-115-7576|8311 Cedar Rd, Bristol|PE
11092|Linda Williams|555-921-1277|1730 Main St, Riverside|CL
11093|Michael Miller|555-243-8552|5634 Main St, Greenville|MX
11094|Mary Johnson|555-166-5698|7239 Maple St, Franklin|CO
11095|Mary Jones|555-966-5745|9170 Maple St, Greenville|PE
11096|Michael Brown|555-875-6609|2067 Cedar Rd, Madison|CL
11097|James Johnson|555-476-5936|8181 Pine St, Franklin|MX
11098|John Brown|555-504-7739|5964 Lakeview Dr, Bristol|CO
11099|John Garcia|555-530-1927|5652 Pine St, Riverside|PE
11100|Mary Garcia|555-586-1690|4171 Main St, Springfield|CL
11101|Linda Garcia|555-121-5622|4875 Maple St, Greenville|MX
11102|Mary Garcia|555-500-2922|6335 Lakeview Dr, Greenville|CO
11103|Jennifer Miller|555-715-5170|2107 Cedar Rd, Bristol|PE
11104|Robert Brown|555-282-1247|951 Cedar Rd, Riverside|CL
11105|James Miller|555-609-1967|387 Cedar Rd, Greenville|MX
11106|Michael Miller|555-481-6304|7653 Oak Ave, Madison|CO
11107|John Miller|555-649-7295|7621 Lakeview Dr, Greenville|PE
11108|Jennifer Smith|555-795-9347|1576 Main St, Madison|CL
11109|Michael Smith|555-507-8921|1737 Pine St, Franklin|MX
11110|Robert Brown|555-753-4467|5771 Oak Ave, Bristol|CO
11111|Jennifer Williams|555-761-9988|8019 Pine St, Springfield|PE
11112|Mary Johnson|555-285-6185|3829 Lakeview Dr, Madison|CL
11113|John Davis|555-253-1261|2376 Oak Ave, Springfield|MX
11114|Patricia Miller|555-744-1511|8180 Main St, Madison|CO
11115|John Davis|555-137-2426|661 Maple St, Springfield|PE
11116|Michael Garcia|555-665-7089|801 Lakeview Dr, Franklin|CL
11117|Patricia Jones|555-356-1962|4000 Lakeview Dr, Bristol|MX
11118|Robert Williams|555-784-1276|9440 Oak Ave, Springfield|CO
11119|Mary Jones|555-285-5716|3138 Pine St, Bristol|PE
11120|James Miller|555-763-5915|7511 Main St, Bristol|CL
11121|Jennifer Brown|555-863-4809|9672 Main St, Riverside|MX
11122|Jennifer Johnson|555-128-2167|5226 Lakeview Dr, Bristol|CO
11123|Linda Johnson|555-199-9370|3398 Lakeview Dr, Madison|PE
11124|Jennifer Miller|555-634-2582|407 Oak Ave, Franklin|CL
11125|Jennifer Davis|555-945-2801|5716 Cedar Rd, Springfield|MX
11126|Jennifer Smith|555-481-9602|2008 Cedar Rd, Bristol|CO
11127|Robert Williams|555-126-1259|3680 Lakeview Dr, Bristol|PE
11128|James Williams|555-209-5723|6716 Maple St, Greenville|CL
11129|John Miller|555-315-3762|9390 Lakeview Dr, Madison|MX
11130|John Williams|555-729-6603|2909 Cedar Rd, Franklin|CO
11131|James Smith|555-416-8579|6174 Main St, Bristol|PE
11132|John Davis|555-690-3639|7015 Lakeview Dr, Greenville|CL
11133|Robert Garcia|555-283-1085|8144 Pine St, Madison|MX
11134|John Johnson|555-645-3012|4281 Oak Ave, Franklin|CO
11135|Linda Smith|555-376-3212|5131 Lakeview Dr, Greenville|PE
11136|James Johnson|555-580-4934|9061 Oak Ave, Riverside|CL
11137|Mary Jones|555-710-7548|3583 Pine St, Madison|MX
11138|John Brown|555-709-2887|9958 Maple St, Greenville|CO
11139|James Williams|555-407-1859|545 Oak Ave, Springfield|PE
11140|James Davis|555-552-3655|9834 Cedar Rd, Greenville|CL
11141|Jennifer Jones|555-979-2566|8248 Pine St, Franklin|MX
11142|John Davis|555-529-7535|4498 Main St, Springfield|CO
11143|Linda Davis|555-725-4208|7144 Main St, Riverside|PE
11144|Robert Miller|555-429-2109|5101 Main St, Bristol|CL
11145|Patricia Jones|555-460-1733|7738 Main St, Franklin|MX
11146|James Brown|555-829-3835|4381 Lakeview Dr, Franklin|CO
11147|Patricia Smith|555-420-5939|2719 Main St, Bristol|PE
11148|James Brown|555-790-4938|4465 Oak Ave, Bristol|CL
11149|Mary Davis|555-200-9368|8778 Cedar Rd, Franklin|MX
11150|John Smith|555-887-5986|9123 Main St, Franklin|CO
11151|John Davis|555-127-6589|4017 Oak Ave, Greenville|PE
11152|John Jones|555-817-9192|9693 Cedar Rd, Franklin|CL
11153|John Davis|555-369-8326|7735 Main St, Greenville|MX
11154|Robert Davis|555-810-5939|8079 Pine St, Madison|CO
11155|John Miller|555-524-9474|4373 Main St, Bristol|PE
11156|James Smith|555-587-1230|1383 Main St, Riverside|CL
11157|John Davis|555-408-7373|5789 Maple St, Riverside|MX
11158|Mary Miller|555-115-3705|4859 Cedar Rd, Madison|CO
11159|Linda Jones|555-940-9877|4495 Cedar Rd, Bristol|PE
11160|John Davis|555-552-8702|3700 Main St, Springfield|CL
11161|Linda Johnson|555-167-2808|8607 Cedar Rd, Riverside|MX
11162|John Smith|555-558-3197|4808 Cedar Rd, Riverside|CO
11163|James Smith|555-196-8663|3117 Main St, Riverside|PE
11164|Robert Williams|555-810-1366|1146 Oak Ave, Franklin|CL
11165|James Brown|555-618-9496|4744 Oak Ave, Franklin|MX
11166|Mary Williams|555-887-5589|7626 Lakeview Dr, Madison|CO
11167|Robert Davis|555-905-5291|1476 Lakeview Dr, Springfield|PE
11168|Jennifer Smith|555-778-4411|2906 Cedar Rd, Greenville|CL
11169|James Jones|555-704-7325|7215 Cedar Rd, Riverside|MX
11170|Patricia Miller|555-157-7305|5574 Cedar Rd, Madison|CO
11171|Jennifer Brown|555-163-4153|5897 Main St, Greenville|PE
11172|Patricia Johnson|555-741-5796|6754 Main St, Madison|CL
11173|Jennifer Miller|555-939-6204|8050 Cedar Rd, Springfield|MX
11174|Jennifer Davis|555-832-1830|8948 Oak Ave, Riverside|CO
11175|John Jones|555-621-5736|5914 Oak Ave, Greenville|PE
11176|Michael Garcia|555-374-1672|9474 Cedar Rd, Madison|CL
11177|Mary Jones|555-535-4377|9498 Cedar Rd, Riverside|MX
11178|Patricia Jones|555-238-6485|9359 Cedar Rd, Springfield|CO
11179|Michael Williams|555-609-1771|2715 Lakeview Dr, Greenville|PE
11180|Patricia Johnson|555-500-3252|8560 Lakeview Dr, Franklin|CL
11181|Patricia Smith|555-692-7603|7822 Oak Ave, Franklin|MX
11182|Mary Brown|555-335-4282|5123 Pine St, Bristol|CO
11183|James Miller|555-601-3451|7891 Cedar Rd, Franklin|PE
11184|Linda Jones|555-833-2087|4920 Oak Ave, Springfield|CL
11185|Robert Brown|555-190-4133|7035 Cedar Rd, Springfield|MX
11186|Linda Miller|555-686-1038|2413 Lakeview Dr, Springfield|CO
11187|Mary Williams|555-566-7999|3870 Main St, Greenville|PE
11188|Mary Jones|555-567-7310|1273 Oak Ave, Franklin|CL
11189|James Brown|555-938-3680|3776 Main St, Springfield|MX
11190|Robert Miller|555-472-9206|9781 Lakeview Dr, Madison|CO
11191|Patricia Smith|555-226-1176|7217 Oak Ave, Greenville|PE
11192|Michael Brown|555-411-1097|6315 Oak Ave, Riverside|CL
11193|Robert Smith|555-522-4047|7755 Oak Ave, Bristol|MX
11194|Linda Garcia|555-857-9044|4949 Pine St, Springfield|CO
11195|James Johnson|555-826-8695|4053 Lakeview Dr, Bristol|PE
11196|Patricia Jones|555-889-5974|6809 Oak Ave, Greenville|CL
11197|Jennifer Garcia|555-510-3288|5348 Main St, Riverside|MX
11198|Robert Garcia|555-634-7846|8005 Oak Ave, Franklin|CO
11199|Michael Brown|555-253-1036|5980 Main St, Springfield|PE
11200|Patricia Smith|555-639-9369|3898 Maple St, Franklin|CL
11201|Patricia Davis|555-960-3128|1953 Lakeview Dr, Springfield|MX
11202|Robert Jones|555-173-4921|3293 Cedar Rd, Riverside|CO
11203|Mary Davis|555-514-4422|6773 Oak Ave, Bristol|PE
11204|James Garcia|555-907-2161|1519 Main St, Riverside|CL
11205|Robert Johnson|555-313-6974|5042 Oak Ave, Riverside|MX
11206|Michael Smith|555-653-2129|2356 Cedar Rd, Riverside|CO
11207|James Smith|555-827-5423|4779 Cedar Rd, Franklin|PE
11208|Jennifer Williams|555-837-1882|8361 Pine St, Springfield|CL
11209|John Williams|555-626-6127|9970 Main St, Riverside|MX
11210|James Jones|555-184-4611|638 Pine St, Greenville|CO
11211|Jennifer Garcia|555-750-5414|3433 Cedar Rd, Riverside|PE
11212|Linda Jones|555-291-5781|6768 Cedar Rd, Franklin|CL
11213|Jennifer Miller|555-310-3844|1846 Cedar Rd, Riverside|MX
11214|John Miller|555-748-5376|1875 Oak Ave, Greenville|CO
11215|Jennifer Brown|555-718-7074|7140 Maple St, Madison|PE
11216|Linda Miller|555-144-6831|812 Cedar Rd, Riverside|CL
11217|Jennifer Davis|555-809-2835|4210 Oak Ave, Madison|MX
11218|John Williams|555-912-1581|9698 Cedar Rd, Franklin|CO
11219|Robert Miller|555-960-1089|7378 Maple St, Springfield|PE
11220|Jennifer Brown|555-351-6356|7910 Main St, Madison|CL
11221|Jennifer Johnson|555-300-1123|2636 Pine St, Riverside|MX
11222|Mary Garcia|555-596-8522|3633 Oak Ave, Riverside|CO
11223|John Williams|555-549-9362|6097 Oak Ave, Franklin|PE
11224|Michael Davis|555-927-1628|7923 Main St, Greenville|CL
11225|Patricia Jones|555-787-4975|1286 Maple St, Madison|MX
11226|Robert Miller|555-233-4017|1964 Main St, Franklin|CO
11227|Linda Davis|555-320-4387|6819 Oak Ave, Bristol|PE
11228|Mary Johnson|555-910-1235|7368 Cedar Rd, Bristol|CL
11229|Michael Smith|555-901-3836|3665 Maple St, Bristol|MX
11230|John Miller|555-795-4558|8802 Lakeview Dr, Riverside|CO
11231|Linda Brown|555-238-9265|8098 Main St, Bristol|PE
11232|Mary Williams|555-971-6362|6273 Cedar Rd, Bristol|CL
11233|Linda Jones|555-739-8358|8082 Maple St, Bristol|MX
11234|John Johnson|555-265-6158|6066 Cedar Rd, Madison|CO
11235|Robert Smith|555-302-5866|9980 Maple St, Greenville|PE
11236|Jennifer Garcia|555-458-1658|687 Pine St, Greenville|CL
11237|Mary Johnson|555-826-7680|9377 Main St, Franklin|MX
11238|Robert Johnson|555-237-5074|4123 Maple St, Madison|CO
11239|Robert Miller|555-840-9370|9593 Main St, Greenville|PE
11240|Jennifer Davis|555-679-5601|5175 Lakeview Dr, Springfield|CL
11241|James Johnson|555-386-7168|2769 Cedar Rd, Riverside|MX
11242|John Miller|555-542-3728|2499 Oak Ave, Bristol|CO
11243|Michael Davis|555-261-7275|4494 Lakeview Dr, Springfield|PE
11244|Robert Miller|555-955-8217|1117 Maple St, Bristol|CL
11245|Patricia Jones|555-716-7260|6671 Pine St, Franklin|MX
11246|Jennifer Smith|555-117-5014|1384 Main St, Franklin|CO
11247|James Williams|555-696-3396|2369 Oak Ave, Springfield|PE
11248|John Brown|555-502-5395|2600 Oak Ave, Franklin|CL
11249|Michael Williams|555-140-7206|9894 Oak Ave, Madison|MX
11250|Linda Garcia|555-862-2942|2985 Lakeview Dr, Madison|CO
11251|James Williams|555-722-3193|3008 Maple St, Springfield|PE
11252|Linda Johnson|555-730-4772|4696 Oak Ave, Springfield|CL
11253|Jennifer Johnson|555-951-1659|3266 Main St, Madison|MX
11254|James Davis|555-197-8097|8767 Lakeview Dr, Greenville|CO
11255|John Jones|555-985-8300|9902 Oak Ave, Bristol|PE
11256|Linda Smith|555-842-7006|8207 Cedar Rd, Bristol|CL
11257|Robert Brown|555-404-3405|8004 Cedar Rd, Riverside|MX
11258|Michael Garcia|555-859-6124|5398 Cedar Rd, Greenville|CO
11259|Michael Smith|555-781-9956|4957 Pine St, Madison|PE
11260|Robert Smith|555-334-8725|9277 Main St, Bristol|CL
11261|Jennifer Davis|555-541-9281|2727 Pine St, Franklin|MX
11262|Michael Johnson|555-965-8687|7442 Lakeview Dr, Springfield|CO
11263|John Miller|555-819-5359|5494 Pine St, Springfield|PE
11264|John Jones|555-838-2882|7726 Oak Ave, Franklin|CL
11265|Robert Williams|555-664-2226|1747 Main St, Riverside|MX
11266|Mary Garcia|555-655-3655|5163 Oak Ave, Franklin|CO
11267|Michael Smith|555-932-6672|2859 Oak Ave, Bristol|PE
11268|James Garcia|555-892-2882|7169 Cedar Rd, Bristol|CL
11269|Linda Brown|555-990-6784|9547 Pine St, Springfield|MX
11270|Patricia Garcia|555-271-3008|6911 Maple St, Riverside|CO
11271|Mary Davis|555-745-2160|7149 Cedar Rd, Bristol|PE
11272|Mary Miller|555-238-7388|9606 Oak Ave, Bristol|CL
11273|Michael Miller|555-526-2487|1161 Cedar Rd, Riverside|MX
11274|Mary Davis|555-900-6187|5488 Pine St, Greenville|CO
11275|Jennifer Brown|555-575-2653|3438 Main St, Bristol|PE
11276|Jennifer Brown|555-481-5318|749 Oak Ave, Greenville|CL
11277|Robert Johnson|555-527-1850|8734 Oak Ave, Madison|MX
11278|Linda Davis|555-500-2898|9489 Main St, Riverside|CO
11279|Linda Garcia|555-887-1431|6782 Lakeview Dr, Bristol|PE
11280|Jennifer Brown|555-261-9781|9640 Maple St, Greenville|CL
11281|Jennifer Johnson|555-297-9192|7352 Maple St, Bristol|MX
11282|Linda Miller|555-734-4012|476 Maple St, Greenville|CO
11283|Mary Jones|555-384-3420|4383 Cedar Rd, Greenville|PE
11284|John Miller|555-729-2719|2092 Pine St, Franklin|CL
11285|Robert Johnson|555-701-5835|9933 Main St, Springfield|MX
11286|Linda Davis|555-924-6208|1988 Lakeview Dr, Franklin|CO
11287|Jennifer Davis|555-282-2272|5651 Oak Ave, Greenville|PE
11288|Patricia Jones|555-918-2106|6279 Cedar Rd, Franklin|CL
11289|Patricia Brown|555-590-1937|3303 Maple St, Franklin|MX
11290|Patricia Johnson|555-143-6820|883 Lakeview Dr, Franklin|CO
11291|Michael Miller|555-931-9395|2905 Pine St, Madison|PE
11292|Patricia Brown|555-339-8358|9612 Oak Ave, Franklin|CL
11293|James Miller|555-730-1382|4331 Maple St, Bristol|MX
11294|James Johnson|555-970-8190|4390 Cedar Rd, Riverside|CO
11295|Mary Brown|555-110-7384|8747 Cedar Rd, Riverside|PE
11296|Jennifer Miller|555-480-2542|7727 Oak Ave, Springfield|CL
11297|James Garcia|555-119-7918|2165 Cedar Rd, Springfield|MX
11298|Jennifer Johnson|555-839-7351|9465 Lakeview Dr, Bristol|CO
11299|Jennifer Smith|555-407-4331|6822 Lakeview Dr, Riverside|PE
11300|Mary Smith|555-893-2072|8283 Pine St, Bristol|CL
11301|Robert Jones|555-775-8288|8789 Lakeview Dr, Springfield|MX
11302|Michael Miller|555-181-5757|4758 Main St, Franklin|CO
11303|James Jones|555-934-5314|8169 Lakeview Dr, Franklin|PE
11304|James Williams|555-857-2797|6355 Lakeview Dr, Greenville|CL
11305|James Williams|555-728-6241|6577 Cedar Rd, Bristol|MX
11306|John Miller|555-140-5059|6728 Lakeview Dr, Madison|CO
11307|Mary Johnson|555-211-6005|8874 Lakeview Dr, Franklin|PE
11308|Mary Jones|555-322-9885|2852 Pine St, Madison|CL
11309|Jennifer Jones|555-384-8083|3534 Cedar Rd, Riverside|MX
11310|Linda Miller|555-537-5373|9743 Pine St, Madison|CO
11311|Jennifer Jones|555-794-2476|731 Pine St, Springfield|PE
11312|Linda Garcia|555-270-6019|6321 Pine St, Riverside|CL
11313|Mary Williams|555-458-5192|2852 Maple St, Madison|MX
11314|Robert Smith|555-989-7636|1929 Main St, Greenville|CO
11315|Michael Jones|555-353-1080|8799 Oak Ave, Springfield|PE
11316|Linda Brown|555-621-1801|4210 Maple St, Bristol|CL
11317|John Jones|555-927-5215|346 Pine St, Greenville|MX
11318|Linda Garcia|555-546-6023|4836 Pine St, Franklin|CO
11319|Michael Jones|555-910-4143|3620 Maple St, Madison|PE
11320|James Smith|555-448-6567|3875 Oak Ave, Franklin|CL
11321|John Jones|555-245-5345|8070 Oak Ave, Bristol|MX
11322|Robert Jones|555-711-9574|3004 Cedar Rd, Franklin|CO
11323|John Williams|555-894-6453|1580 Oak Ave, Greenville|PE
11324|Robert Miller|555-565-7523|2098 Pine St, Springfield|CL
11325|Robert Williams|555-910-9397|6637 Maple St, Franklin|MX
11326|Linda Brown|555-243-6326|9993 Lakeview Dr, Bristol|CO
11327|James Brown|555-959-9682|3323 Maple St, Springfield|PE
11328|Robert Williams|555-958-7429|1188 Maple St, Springfield|CL
11329|Michael Johnson|555-976-3261|3386 Main St, Greenville|MX
11330|James Johnson|555-710-1865|4640 Cedar Rd, Springfield|CO
11331|Michael Jones|555-671-4808|6191 Lakeview Dr, Springfield|PE
11332|Mary Miller|555-812-1582|4654 Maple St, Springfield|CL
11333|Jennifer Johnson|555-311-5949|1295 Cedar Rd, Riverside|MX
11334|Linda Smith|555-186-7951|6659 Maple St, Madison|CO
11335|John Smith|555-225-3856|3117 Lakeview Dr, Riverside|PE
11336|John Williams|555-289-1505|6792 Oak Ave, Madison|CL
11337|Linda Williams|555-978-3570|9775 Maple St, Greenville|MX
11338|Mary Davis|555-569-9866|3238 Pine St, Madison|CO
11339|Patricia Miller|555-247-2021|1547 Pine St, Franklin|PE
11340|James Brown|555-308-8137|5677 Pine St, Riverside|CL
11341|Patricia Garcia|555-506-5931|9858 Cedar Rd, Riverside|MX
11342|Patricia Williams|555-259-9722|7605 Cedar Rd, Madison|CO
11343|Jennifer Miller|555-955-5321|6007 Cedar Rd, Riverside|PE
11344|James Smith|555-519-2418|1322 Maple St, Riverside|CL
11345|James Jones|555-248-8258|5111 Oak Ave, Madison|MX
11346|Mary Jones|555-362-1268|5610 Oak Ave, Greenville|CO
11347|Robert Brown|555-653-7700|6573 Cedar Rd, Bristol|PE
11348|Linda Garcia|555-187-3313|2741 Maple St, Franklin|CL
11349|Jennifer Williams|555-362-9328|1985 Maple St, Bristol|MX
11350|John Johnson|555-348-1846|1498 Lakeview Dr, Greenville|CO
11351|Jennifer Johnson|555-524-9928|8992 Lakeview Dr, Madison|PE
11352|Mary Jones|555-631-8682|1595 Oak Ave, Bristol|CL
11353|Patricia Smith|555-289-4601|8749 Cedar Rd, Springfield|MX
11354|John Smith|555-961-8361|8542 Cedar Rd, Greenville|CO
11355|Patricia Johnson|555-566-1692|7167 Maple St, Springfield|PE
11356|Jennifer Brown|555-507-5656|4258 Cedar Rd, Madison|CL
11357|Jennifer Miller|555-951-1621|3333 Main St, Bristol|MX
11358|Patricia Garcia|555-933-7766|316 Cedar Rd, Madison|CO
11359|John Miller|555-841-3176|5151 Oak Ave, Greenville|PE
11360|Linda Garcia|555-253-3832|3547 Maple St, Greenville|CL
11361|Robert Garcia|555-950-3820|9409 Maple St, Bristol|MX
11362|Mary Garcia|555-628-4399|4482 Oak Ave, Greenville|CO
11363|Michael Williams|555-838-6869|9224 Pine St, Greenville|PE
11364|James Jones|555-990-9901|8157 Main St, Madison|CL
11365|Linda Smith|555-671-1171|7914 Cedar Rd, Springfield|MX
11366|John Jones|555-743-6783|4247 Pine St, Madison|CO
11367|Patricia Garcia|555-261-7909|6582 Cedar Rd, Greenville|PE
11368|Linda Williams|555-736-8067|2247 Pine St, Bristol|CL
11369|Jennifer Garcia|555-876-8989|3469 Pine St, Springfield|MX
11370|Robert Williams|555-110-8837|2031 Main St, Bristol|CO
11371|Jennifer Jones|555-355-6047|2000 Maple St, Madison|PE
11372|Jennifer Smith|555-890-4979|2499 Oak Ave, Bristol|CL
11373|Mary Garcia|555-295-4488|596 Cedar Rd, Franklin|MX
11374|Jennifer Miller|555-456-6692|733 Cedar Rd, Madison|CO
11375|John Smith|555-789-6850|4669 Lakeview Dr, Madison|PE
11376|John Johnson|555-629-7360|3881 Oak Ave, Madison|CL
11377|John Davis|555-872-8763|3042 Maple St, Bristol|MX
11378|James Smith|555-371-4332|4164 Main St, Greenville|CO
11379|Robert Davis|555-850-6808|408 Maple St, Greenville|PE
11380|Linda Miller|555-989-2244|8188 Lakeview Dr, Riverside|CL
11381|Mary Williams|555-111-5894|4061 Pine St, Springfield|MX
11382|Patricia Johnson|555-640-4525|8290 Pine St, Madison|CO
11383|Mary Davis|555-141-4256|5783 Cedar Rd, Riverside|PE
11384|Michael Johnson|555-560-2365|7623 Lakeview Dr, Greenville|CL
11385|Mary Brown|555-338-2364|2157 Main St, Greenville|MX
11386|Michael Smith|555-984-6689|2658 Maple St, Madison|CO
11387|Patricia Johnson|555-459-5120|8177 Main St, Riverside|PE
11388|John Davis|555-382-7112|2939 Pine St, Bristol|CL
11389|Michael Johnson|555-152-7003|9733 Pine St, Riverside|MX
11390|Michael Brown|555-627-7872|4670 Oak Ave, Riverside|CO
11391|Mary Johnson|555-275-2218|2236 Oak Ave, Madison|PE
11392|Linda Miller|555-876-6764|3921 Maple St, Springfield|CL
11393|John Johnson|555-995-8871|1118 Oak Ave, Bristol|MX
11394|Patricia Garcia|555-775-4891|9849 Main St, Madison|CO
11395|Robert Brown|555-820-4308|5076 Maple St, Bristol|PE
11396|Jennifer Brown|555-714-2678|4655 Maple St, Springfield|CL
11397|Michael Davis|555-772-5373|6927 Maple St, Riverside|MX
11398|James Smith|555-369-9372|3954 Cedar Rd, Springfield|CO
11399|Jennifer Garcia|555-611-4293|9525 Lakeview Dr, Franklin|PE
11400|Patricia Jones|555-296-1353|6157 Maple St, Franklin|CL
11401|Michael Smith|555-442-7573|9720 Maple St, Franklin|MX
11402|Jennifer Jones|555-471-3637|2803 Cedar Rd, Madison|CO
11403|Mary Brown|555-663-7350|4711 Pine St, Springfield|PE
11404|Jennifer Miller|555-874-1436|4782 Lakeview Dr, Bristol|CL
11405|Mary Garcia|555-193-9473|6990 Oak Ave, Madison|MX
11406|Robert Johnson|555-945-8222|792 Oak Ave, Madison|CO
11407|Jennifer Williams|555-528-1744|6329 Oak Ave, Springfield|PE
11408|Linda Brown|555-840-4234|6843 Lakeview Dr, Bristol|CL
11409|Robert Garcia|555-336-7648|3480 Lakeview Dr, Franklin|MX
11410|James Johnson|555-977-9712|4925 Maple St, Madison|CO
11411|Mary Jones|555-104-6930|1019 Cedar Rd, Bristol|PE
11412|Michael Miller|555-578-3788|938 Oak Ave, Franklin|CL
11413|John Smith|555-287-2414|1642 Pine St, Springfield|MX
11414|Michael Miller|555-426-1974|4729 Main St, Madison|CO
11415|Linda Miller|555-530-2074|5697 Oak Ave, Riverside|PE
11416|John Garcia|555-170-3563|8931 Maple St, Bristol|CL
11417|Linda Jones|555-727-4100|2155 Cedar Rd, Franklin|MX
11418|Patricia Davis|555-995-3995|4855 Pine St, Riverside|CO
11419|Mary Smith|555-277-6376|338 Oak Ave, Riverside|PE
11420|Patricia Miller|555-430-7167|8509 Maple St, Riverside|CL
11421|John Brown|555-999-7236|8640 Cedar Rd, Franklin|MX
11422|James Davis|555-794-2092|5684 Pine St, Riverside|CO
11423|Mary Williams|555-410-9763|2397 Lakeview Dr, Bristol|PE
11424|Patricia Johnson|555-530-5948|8290 Cedar Rd, Riverside|CL
11425|James Smith|555-620-3308|728 Cedar Rd, Franklin|MX
11426|Linda Johnson|555-592-4521|4934 Pine St, Springfield|CO
11427|Mary Jones|555-456-5101|3839 Pine St, Bristol|PE
11428|Michael Davis|555-506-8844|6853 Oak Ave, Greenville|CL
11429|Robert Smith|555-253-8338|4309 Main St, Franklin|MX
11430|Michael Jones|555-364-2142|2850 Lakeview Dr, Madison|CO
11431|Jennifer Davis|555-126-7653|8284 Main St, Franklin|PE
11432|Robert Jones|555-150-2302|8507 Lakeview Dr, Franklin|CL
11433|Linda Miller|555-553-9778|8141 Oak Ave, Riverside|MX
11434|Patricia Davis|555-271-6903|1836 Oak Ave, Madison|CO
11435|James Johnson|555-718-1923|3086 Maple St, Bristol|PE
11436|James Jones|555-565-9482|3836 Maple St, Madison|CL
11437|Mary Johnson|555-693-3991|2172 Pine St, Springfield|MX
11438|John Garcia|555-247-6018|8809 Oak Ave, Greenville|CO
11439|Robert Johnson|555-385-5211|9884 Maple St, Riverside|PE
11440|Michael Miller|555-627-4455|7545 Lakeview Dr, Riverside|CL
11441|Michael Johnson|555-102-3722|4716 Lakeview Dr, Bristol|MX
11442|John Brown|555-131-7963|7406 Pine St, Franklin|CO
11443|Jennifer Garcia|555-451-6993|4411 Cedar Rd, Bristol|PE
11444|John Brown|555-298-4058|9197 Oak Ave, Bristol|CL
11445|Mary Williams|555-712-7277|9627 Maple St, Riverside|MX
11446|Mary Smith|555-623-1969|5895 Maple St, Riverside|CO
11447|John Davis|555-420-3315|8020 Oak Ave, Bristol|PE
11448|Patricia Williams|555-640-6986|4968 Oak Ave, Riverside|CL
11449|Patricia Davis|555-985-8646|4278 Pine St, Bristol|MX
11450|Jennifer Miller|555-685-7616|8891 Cedar Rd, Greenville|CO
11451|Patricia Davis|555-696-4521|2428 Main St, Franklin|PE
11452|Linda Smith|555-740-4159|9501 Cedar Rd, Madison|CL
11453|Michael Williams|555-412-5278|6850 Pine St, Madison|MX
11454|James Miller|555-333-3915|8288 Pine St, Bristol|CO
11455|Jennifer Jones|555-147-6833|9866 Maple St, Franklin|PE
11456|Michael Miller|555-334-6060|9475 Cedar Rd, Riverside|CL
11457|Mary Jones|555-100-3034|3646 Pine St, Springfield|MX
11458|Patricia Brown|555-736-7970|356 Main St, Springfield|CO
11459|Michael Garcia|555-860-3671|9589 Pine St, Greenville|PE
11460|Linda Smith|555-250-5518|7623 Lakeview Dr, Franklin|CL
11461|Jennifer Johnson|555-235-1887|9520 Maple St, Bristol|MX
11462|Michael Williams|555-290-2803|5687 Pine St, Madison|CO
11463|James Brown|555-459-7331|8273 Lakeview Dr, Springfield|PE
11464|Mary Miller|555-868-2191|5367 Oak Ave, Franklin|CL
11465|Patricia Jones|555-174-6930|9238 Cedar Rd, Greenville|MX
11466|Patricia Smith|555-546-1295|9467 Pine St, Bristol|CO
11467|Robert Williams|555-389-8274|681 Lakeview Dr, Riverside|PE
11468|Patricia Davis|555-596-6793|572 Pine St, Springfield|CL
11469|John Johnson|555-454-7653|5141 Maple St, Riverside|MX
11470|Mary Smith|555-496-7020|1428 Oak Ave, Springfield|CO
11471|Mary Garcia|555-451-7007|9087 Main St, Franklin|PE
11472|Mary Garcia|555-543-7392|1136 Oak Ave, Franklin|CL
11473|Jennifer Johnson|555-567-9613|815 Cedar Rd, Springfield|MX
11474|Mary Williams|555-913-5433|3349 Main St, Madison|CO
11475|Linda Johnson|555-755-6577|2380 Oak Ave, Madison|PE
11476|Patricia Brown|555-904-6356|8296 Main St, Bristol|CL
11477|Michael Jones|555-105-3941|3463 Maple St, Madison|MX
11478|Robert Davis|555-353-6553|3207 Maple St, Riverside|CO
11479|Robert Smith|555-706-3608|3859 Pine St, Riverside|PE
11480|Linda Davis|555-682-7864|8403 Maple St, Greenville|CL
11481|John Williams|555-113-6709|8626 Pine St, Riverside|MX
11482|Robert Garcia|555-389-8825|7769 Pine St, Greenville|CO
11483|James Garcia|555-343-8659|4921 Maple St, Madison|PE
11484|James Johnson|555-466-9731|638 Cedar Rd, Springfield|CL
11485|Robert Williams|555-404-8148|7990 Maple St, Springfield|MX
11486|John Miller|555-388-6819|3973 Oak Ave, Riverside|CO
11487|John Garcia|555-343-4091|487 Oak Ave, Madison|PE
11488|Linda Garcia|555-155-6348|6315 Lakeview Dr, Springfield|CL
11489|John Miller|555-702-1658|2775 Oak Ave, Springfield|MX
11490|Robert Johnson|555-546-1782|2830 Maple St, Riverside|CO
11491|Mary Smith|555-689-6668|7082 Oak Ave, Bristol|PE
11492|Linda Garcia|555-795-6225|8058 Main St, Bristol|CL
11493|James Davis|555-946-1918|9035 Lakeview Dr, Madison|MX
11494|Mary Miller|555-938-4352|3137 Lakeview Dr, Springfield|CO
11495|John Smith|555-672-7916|7018 Main St, Springfield|PE
11496|Michael Brown|555-332-5254|7562 Cedar Rd, Greenville|CL
11497|Michael Johnson|555-272-6031|4919 Pine St, Greenville|MX
11498|Robert Garcia|555-140-4946|8839 Lakeview Dr, Madison|CO
11499|Michael Johnson|555-510-8703|9813 Cedar Rd, Riverside|PE
11500|John Williams|555-485-3964|3994 Lakeview Dr, Franklin|CL
11501|Robert Brown|555-178-4849|1028 Pine St, Bristol|MX
11502|Robert Garcia|555-585-3004|8345 Lakeview Dr, Bristol|CO
11503|John Brown|555-293-3210|1409 Cedar Rd, Springfield|PE
11504|Patricia Smith|555-844-7781|4728 Lakeview Dr, Bristol|CL
11505|Jennifer Brown|555-482-4968|8368 Lakeview Dr, Springfield|MX
11506|Michael Garcia|555-830-4848|7589 Pine St, Franklin|CO
11507|Patricia Brown|555-114-2697|8007 Lakeview Dr, Madison|PE
11508|John Johnson|555-994-6886|8924 Pine St, Bristol|CL
11509|Mary Jones|555-409-7341|6781 Lakeview Dr, Madison|MX
11510|John Brown|555-691-6912|2954 Main St, Greenville|CO
11511|John Garcia|555-677-8666|6044 Maple St, Bristol|PE
11512|Mary Brown|555-532-4365|8884 Pine St, Madison|CL
11513|Linda Johnson|555-925-6963|9017 Pine St, Greenville|MX
11514|Mary Davis|555-656-4404|3579 Cedar Rd, Greenville|CO
11515|Michael Smith|555-459-7736|4180 Maple St, Bristol|PE
11516|Mary Johnson|555-549-1761|2520 Pine St, Riverside|CL
11517|Linda Smith|555-208-1106|9183 Maple St, Riverside|MX
11518|Mary Davis|555-917-5906|1144 Lakeview Dr, Franklin|CO
11519|Michael Jones|555-853-3707|4549 Pine St, Franklin|PE
11520|John Johnson|555-251-9473|3346 Pine St, Springfield|CL
11521|Patricia Brown|555-974-3852|8966 Cedar Rd, Franklin|MX
11522|Robert Jones|555-922-2254|7656 Pine St, Springfield|CO
11523|Michael Johnson|555-567-9220|1135 Cedar Rd, Riverside|PE
11524|James Miller|555-490-8865|8066 Lakeview Dr, Bristol|CL
11525|Patricia Miller|555-168-6319|6507 Pine St, Bristol|MX
11526|James Johnson|555-145-9509|8463 Oak Ave, Bristol|CO
11527|John Jones|555-202-2406|3977 Oak Ave, Madison|PE
11528|John Brown|555-758-9881|3857 Cedar Rd, Franklin|CL
11529|Mary Garcia|555-440-4886|4685 Lakeview Dr, Riverside|MX
11530|Robert Johnson|555-565-3260|5973 Oak Ave, Madison|CO
11531|Patricia Brown|555-285-8568|7596 Oak Ave, Bristol|PE
11532|Linda Jones|555-515-8217|202 Oak Ave, Springfield|CL
11533|Robert Williams|555-370-6017|1350 Cedar Rd, Greenville|MX
11534|Linda Brown|555-801-1579|9443 Cedar Rd, Riverside|CO
11535|Michael Jones|555-835-1918|3730 Oak Ave, Greenville|PE
11536|Michael Williams|555-773-1048|4012 Oak Ave, Springfield|CL
11537|Jennifer Brown|555-692-1987|9844 Cedar Rd, Springfield|MX
11538|Robert Johnson|555-575-3351|3502 Pine St, Riverside|CO
11539|John Jones|555-979-3022|3472 Main St, Greenville|PE
11540|Linda Johnson|555-665-5437|1474 Main St, Bristol|CL
11541|Linda Brown|555-920-9820|1591 Cedar Rd, Madison|MX
11542|Patricia Brown|555-810-2147|4661 Pine St, Greenville|CO
11543|John Johnson|555-411-7884|2582 Maple St, Bristol|PE
11544|Michael Williams|555-399-1014|4688 Pine St, Bristol|CL
11545|John Brown|555-903-4300|1839 Main St, Greenville|MX
11546|Robert Davis|555-487-4460|5966 Pine St, Greenville|CO
11547|Linda Johnson|555-872-1908|5090 Maple St, Springfield|PE
11548|Jennifer Brown|555-115-7224|2646 Pine St, Greenville|CL
11549|John Brown|555-451-1328|7797 Oak Ave, Springfield|MX
11550|Mary Jones|555-486-9643|1846 Pine St, Springfield|CO
11551|Patricia Davis|555-480-8992|9502 Pine St, Franklin|PE
11552|Michael Johnson|555-625-5652|2589 Pine St, Riverside|CL
11553|Linda Miller|555-256-1781|2917 Oak Ave, Madison|MX
11554|Michael Miller|555-267-5664|7833 Oak Ave, Franklin|CO
11555|Robert Williams|555-892-3512|9222 Cedar Rd, Madison|PE
11556|Linda Davis|555-844-5002|9472 Cedar Rd, Riverside|CL
11557|Patricia Johnson|555-890-7962|4948 Pine St, Riverside|MX
11558|John Brown|555-594-2374|5203 Main St, Riverside|CO
11559|John Williams|555-965-2565|9682 Cedar Rd, Greenville|PE
11560|Patricia Jones|555-645-6728|9855 Cedar Rd, Springfield|CL
11561|James Jones|555-156-6412|8100 Pine St, Springfield|MX
11562|Mary Brown|555-120-1137|6186 Maple St, Bristol|CO
11563|Jennifer Jones|555-293-9347|9374 Lakeview Dr, Bristol|PE
11564|Patricia Brown|555-794-5761|7491 Pine St, Madison|CL
11565|Jennifer Garcia|555-309-1208|5990 Cedar Rd, Riverside|MX
11566|Mary Smith|555-558-2479|6636 Lakeview Dr, Springfield|CO
11567|Jennifer Williams|555-954-6344|3381 Lakeview Dr, Riverside|PE
11568|Robert Brown|555-227-1016|6741 Pine St, Franklin|CL
11569|James Smith|555-106-8186|5717 Oak Ave, Franklin|MX
11570|James Brown|555-783-1351|6497 Maple St, Franklin|CO
11571|Linda Johnson|555-417-8055|8282 Oak Ave, Madison|PE
11572|Linda Davis|555-197-2457|4182 Cedar Rd, Madison|CL
11573|Jennifer Brown|555-707-8550|7968 Pine St, Greenville|MX
11574|John Davis|555-847-7108|8954 Lakeview Dr, Madison|CO
11575|James Garcia|555-820-6718|5779 Maple St, Greenville|PE
11576|Robert Williams|555-571-8651|9001 Maple St, Franklin|CL
11577|Robert Davis|555-798-2818|7254 Pine St, Bristol|MX
11578|James Garcia|555-588-2364|9541 Pine St, Madison|CO
11579|John Brown|555-293-7151|5243 Lakeview Dr, Springfield|PE
11580|Michael Brown|555-980-3621|5462 Oak Ave, Riverside|CL
11581|Jennifer Brown|555-445-9134|9159 Main St, Franklin|MX
11582|Mary Garcia|555-780-4458|9602 Cedar Rd, Springfield|CO
11583|Mary Garcia|555-708-6993|2925 Cedar Rd, Riverside|PE
11584|James Garcia|555-724-6452|9834 Cedar Rd, Bristol|CL
11585|James Williams|555-998-7441|8417 Lakeview Dr, Greenville|MX
11586|Robert Brown|555-948-5577|5052 Cedar Rd, Madison|CO
11587|Mary Williams|555-665-3070|2816 Cedar Rd, Riverside|PE
11588|Mary Williams|555-605-8961|3255 Pine St, Greenville|CL
11589|Robert Brown|555-351-8154|4586 Pine St, Springfield|MX
11590|Patricia Davis|555-679-9172|9495 Lakeview Dr, Bristol|CO
11591|Linda Garcia|555-694-3407|1987 Lakeview Dr, Madison|PE
11592|John Williams|555-975-4750|8068 Pine St, Springfield|CL
11593|Mary Johnson|555-934-4175|1231 Lakeview Dr, Riverside|MX
11594|Linda Garcia|555-610-2788|197 Pine St, Madison|CO
11595|James Brown|555-396-1787|9330 Pine St, Madison|PE
11596|Linda Brown|555-597-4691|6125 Oak Ave, Madison|CL
11597|Mary Garcia|555-562-5256|3802 Oak Ave, Springfield|MX
11598|Linda Miller|555-152-8890|8457 Cedar Rd, Bristol|CO
11599|Patricia Miller|555-892-6343|9485 Main St, Greenville|PE
11600|Patricia Garcia|555-320-8407|9322 Lakeview Dr, Franklin|CL
11601|Patricia Miller|555-153-5191|7443 Pine St, Franklin|MX
11602|Jennifer Miller|555-636-6693|2687 Oak Ave, Greenville|CO
11603|Linda Jones|555-845-9106|9479 Oak Ave, Springfield|PE
11604|John Davis|555-591-3570|4136 Pine St, Bristol|CL
11605|Michael Williams|555-223-2386|9342 Lakeview Dr, Bristol|MX
11606|Linda Smith|555-808-6375|1176 Main St, Riverside|CO
11607|John Miller|555-402-1577|5858 Main St, Riverside|PE
11608|Jennifer Brown|555-141-7506|3468 Maple St, Franklin|CL
11609|Robert Smith|555-134-8943|3899 Oak Ave, Bristol|MX
11610|Robert Williams|555-954-9649|8871 Main St, Greenville|CO
11611|Jennifer Jones|555-312-3576|5250 Maple St, Madison|PE
11612|Jennifer Johnson|555-845-9720|6049 Maple St, Springfield|CL
11613|Patricia Miller|555-300-1047|3425 Oak Ave, Bristol|MX
11614|John Williams|555-648-1205|9565 Pine St, Riverside|CO
11615|James Miller|555-436-3146|9697 Pine St, Greenville|PE
11616|Robert Smith|555-166-3665|2029 Pine St, Bristol|CL
11617|Patricia Brown|555-688-5985|6308 Maple St, Riverside|MX
11618|Patricia Jones|555-777-4268|4486 Pine St, Riverside|CO
11619|Mary Johnson|555-969-1302|9192 Pine St, Madison|PE
11620|John Johnson|555-134-6462|1131 Main St, Bristol|CL
11621|Patricia Smith|555-648-7422|7871 Main St, Madison|MX
11622|James Brown|555-443-8364|3714 Pine St, Franklin|CO
11623|Linda Johnson|555-470-1726|7353 Maple St, Springfield|PE
11624|Patricia Davis|555-159-7880|5019 Main St, Riverside|CL
11625|James Smith|555-273-4677|3560 Lakeview Dr, Madison|MX
11626|Jennifer Jones|555-129-6835|5425 Main St, Riverside|CO
11627|Michael Garcia|555-515-1447|5180 Pine St, Greenville|PE
11628|Michael Brown|555-389-8146|1471 Cedar Rd, Franklin|CL
11629|Michael Jones|555-751-2085|2221 Main St, Franklin|MX
11630|Linda Williams|555-780-8022|6225 Cedar Rd, Riverside|CO
11631|Michael Jones|555-503-1780|3522 Main St, Bristol|PE
11632|John Williams|555-191-9101|1004 Oak Ave, Greenville|CL
11633|James Johnson|555-647-6389|4267 Pine St, Bristol|MX
11634|Jennifer Smith|555-502-3289|2070 Maple St, Madison|CO
11635|Linda Smith|555-621-2739|7658 Oak Ave, Bristol|PE
11636|John Williams|555-753-2985|1743 Cedar Rd, Riverside|CL
11637|James Davis|555-681-5676|655 Oak Ave, Springfield|MX
11638|Michael Miller|555-522-2710|9786 Main St, Franklin|CO
11639|John Garcia|555-672-2474|6949 Maple St, Greenville|PE
11640|Linda Brown|555-362-6755|9551 Pine St, Bristol|CL
11641|Michael Brown|555-141-6423|3968 Main St, Greenville|MX
11642|Patricia Brown|555-644-5440|9485 Lakeview Dr, Madison|CO
11643|Mary Brown|555-428-3453|2570 Oak Ave, Madison|PE
11644|Mary Miller|555-693-7572|3324 Main St, Franklin|CL
11645|Linda Garcia|555-960-8784|585 Pine St, Springfield|MX
11646|Robert Williams|555-776-4002|2989 Pine St, Riverside|CO
11647|Robert Johnson|555-248-9338|5707 Lakeview Dr, Bristol|PE
11648|John Garcia|555-793-7430|8029 Maple St, Franklin|CL
11649|Jennifer Brown|555-225-8983|6598 Oak Ave, Springfield|MX
11650|John Brown|555-750-9543|8771 Lakeview Dr, Bristol|CO
11651|Robert Miller|555-520-1950|657 Pine St, Greenville|PE
11652|Robert Miller|555-420-7728|6154 Cedar Rd, Madison|CL
11653|John Johnson|555-668-7841|2753 Maple St, Riverside|MX
11654|Linda Williams|555-434-8438|3302 Maple St, Greenville|CO
11655|John Garcia|555-671-1179|2153 Oak Ave, Riverside|PE
11656|Patricia Johnson|555-193-8928|4623 Main St, Franklin|CL
11657|John Brown|555-988-5079|4652 Lakeview Dr, Springfield|MX
11658|Patricia Garcia|555-225-3563|6640 Lakeview Dr, Madison|CO
11659|Jennifer Davis|555-495-7990|4511 Maple St, Franklin|PE
11660|Patricia Brown|555-695-1342|6634 Maple St, Bristol|CL
11661|Linda Davis|555-353-4355|9883 Maple St, Bristol|MX
11662|Robert Jones|555-621-2637|4781 Pine St, Greenville|CO
11663|Mary Garcia|555-404-7332|8155 Lakeview Dr, Bristol|PE
11664|Michael Miller|555-231-4996|5429 Lakeview Dr, Bristol|CL
11665|Mary Brown|555-592-2272|3529 Maple St, Springfield|MX
11666|Jennifer Brown|555-760-1727|9061 Main St, Greenville|CO
11667|Linda Johnson|555-210-9609|6939 Cedar Rd, Springfield|PE
11668|Jennifer Jones|555-417-1230|6500 Cedar Rd, Greenville|CL
11669|John Miller|555-495-8155|2975 Oak Ave, Franklin|MX
11670|Linda Johnson|555-441-3796|3294 Cedar Rd, Madison|CO
11671|Robert Smith|555-289-8274|836 Cedar Rd, Riverside|PE
11672|Mary Williams|555-127-3180|2938 Main St, Springfield|CL
11673|Mary Garcia|555-595-9758|1016 Pine St, Springfield|MX
11674|Linda Williams|555-307-7929|7831 Cedar Rd, Springfield|CO
11675|Patricia Garcia|555-430-7743|2193 Oak Ave, Greenville|PE
11676|Robert Garcia|555-906-6170|2044 Maple St, Bristol|CL
11677|Mary Brown|555-827-7163|2500 Pine St, Franklin|MX
11678|Linda Smith|555-949-2310|4826 Lakeview Dr, Franklin|CO
11679|James Smith|555-166-8427|529 Main St, Springfield|PE
11680|Patricia Brown|555-558-4252|461 Oak Ave, Franklin|CL
11681|John Jones|555-620-9197|9288 Maple St, Springfield|MX
11682|Michael Miller|555-144-1867|4254 Main St, Greenville|CO
11683|Robert Miller|555-137-6838|1898 Cedar Rd, Madison|PE
11684|Linda Garcia|555-479-3596|3776 Oak Ave, Springfield|CL
11685|John Williams|555-335-6111|292 Lakeview Dr, Madison|MX
11686|Robert Brown|555-187-3459|8967 Main St, Franklin|CO
11687|Michael Brown|555-268-4790|7516 Oak Ave, Greenville|PE
11688|Patricia Williams|555-745-1746|5694 Cedar Rd, Springfield|CL
11689|Michael Williams|555-267-3447|8264 Main St, Greenville|MX
11690|Linda Davis|555-346-7043|6710 Lakeview Dr, Greenville|CO
11691|Jennifer Brown|555-548-5643|1866 Maple St, Riverside|PE
11692|John Johnson|555-541-1585|4623 Pine St, Riverside|CL
11693|Mary Davis|555-574-9258|2082 Oak Ave, Riverside|MX
11694|Linda Miller|555-387-8487|3788 Pine St, Riverside|CO
11695|Mary Smith|555-319-6940|1692 Cedar Rd, Greenville|PE
11696|Robert Miller|555-433-5905|5223 Main St, Riverside|CL
11697|Linda Garcia|555-562-6106|8389 Cedar Rd, Springfield|MX
11698|Patricia Garcia|555-860-2174|5546 Main St, Springfield|CO
11699|Jennifer Garcia|555-905-5190|1219 Cedar Rd, Bristol|PE
11700|Patricia Johnson|555-685-5009|9457 Maple St, Madison|CL
11701|Mary Miller|555-455-2837|4528 Oak Ave, Greenville|MX
11702|Michael Smith|555-203-4981|1443 Main St, Bristol|CO
11703|Michael Smith|555-385-4209|3145 Main St, Madison|PE
11704|Robert Jones|555-100-4714|8068 Maple St, Greenville|CL
11705|James Smith|555-994-5085|5150 Cedar Rd, Franklin|MX
11706|Michael Garcia|555-793-9681|6810 Main St, Riverside|CO
11707|John Garcia|555-592-3156|106 Pine St, Franklin|PE
11708|Linda Miller|555-313-2208|1021 Pine St, Greenville|CL
11709|Jennifer Johnson|555-346-1794|4969 Pine St, Franklin|MX
11710|Patricia Johnson|555-327-6278|3115 Oak Ave, Franklin|CO
11711|Michael Jones|555-971-1600|4688 Lakeview Dr, Bristol|PE
11712|Patricia Miller|555-263-6595|6340 Maple St, Greenville|CL
11713|Jennifer Williams|555-888-1750|5003 Lakeview Dr, Springfield|MX
11714|James Johnson|555-228-2474|6098 Oak Ave, Springfield|CO
11715|Robert Johnson|555-312-8290|4750 Pine St, Springfield|PE
11716|Jennifer Johnson|555-217-4575|6220 Pine St, Greenville|CL
11717|Robert Williams|555-882-6650|7689 Cedar Rd, Bristol|MX
11718|Patricia Smith|555-907-7790|8043 Cedar Rd, Bristol|CO
11719|Jennifer Johnson|555-264-2019|1649 Oak Ave, Franklin|PE
11720|Michael Miller|555-369-6726|5807 Maple St, Bristol|CL
11721|Mary Brown|555-711-4413|3390 Main St, Franklin|MX
11722|Michael Smith|555-624-2816|2125 Pine St, Madison|CO
11723|Mary Garcia|555-435-4777|1733 Oak Ave, Riverside|PE
11724|Mary Smith|555-893-7759|5604 Main St, Greenville|CL
11725|Linda Miller|555-155-9823|1792 Lakeview Dr, Springfield|MX
11726|Patricia Garcia|555-616-4488|3463 Cedar Rd, Franklin|CO
11727|Robert Williams|555-499-4494|1829 Oak Ave, Springfield|PE
11728|Michael Johnson|555-894-3511|9386 Pine St, Madison|CL
11729|John Miller|555-199-3039|9160 Lakeview Dr, Bristol|MX
11730|Michael Jones|555-307-8349|9106 Lakeview Dr, Riverside|CO
11731|Patricia Brown|555-190-2252|3652 Cedar Rd, Madison|PE
11732|Jennifer Garcia|555-622-5878|9910 Lakeview Dr, Bristol|CL
11733|Michael Smith|555-298-9482|3343 Main St, Bristol|MX
11734|Robert Johnson|555-426-4000|6098 Oak Ave, Franklin|CO
11735|Linda Jones|555-425-8888|6218 Lakeview Dr, Springfield|PE
11736|James Miller|555-882-7033|7833 Lakeview Dr, Springfield|CL
11737|John Johnson|555-335-5338|7010 Oak Ave, Franklin|MX
11738|James Williams|555-976-5183|5534 Oak Ave, Franklin|CO
11739|John Smith|555-759-5322|7421 Maple St, Springfield|PE
11740|John Brown|555-610-9020|841 Lakeview Dr, Riverside|CL
11741|Linda Jones|555-608-3786|8651 Lakeview Dr, Bristol|MX
11742|Robert Jones|555-750-1709|338 Pine St, Greenville|CO
11743|John Miller|555-417-8940|6869 Main St, Madison|PE
11744|Robert Williams|555-469-5439|2522 Cedar Rd, Springfield|CL
11745|Michael Smith|555-315-3240|5494 Lakeview Dr, Franklin|MX
11746|Robert Garcia|555-273-8437|3316 Maple St, Madison|CO
11747|Linda Miller|555-104-6010|5971 Maple St, Riverside|PE
11748|John Williams|555-642-4483|7908 Oak Ave, Bristol|CL
11749|Linda Miller|555-958-1123|2911 Maple St, Madison|MX
11750|Michael Miller|555-935-3383|3902 Pine St, Greenville|CO
11751|James Jones|555-208-9133|5539 Pine St, Bristol|PE
11752|Patricia Jones|555-823-4502|6714 Pine St, Riverside|CL
11753|Patricia Smith|555-795-5455|3436 Pine St, Springfield|MX
11754|Patricia Garcia|555-517-3827|490 Pine St, Riverside|CO
11755|James Johnson|555-553-8443|3846 Cedar Rd, Bristol|PE
11756|Jennifer Davis|555-626-8465|3601 Main St, Franklin|CL
11757|Robert Jones|555-325-8988|7405 Lakeview Dr, Franklin|MX
11758|Michael Miller|555-340-4330|7695 Oak Ave, Riverside|CO
11759|Linda Miller|555-960-9005|4914 Lakeview Dr, Madison|PE
11760|Michael Miller|555-136-3522|2896 Oak Ave, Springfield|CL
11761|Robert Johnson|555-296-4479|925 Oak Ave, Greenville|MX
11762|Linda Johnson|555-272-3917|2511 Cedar Rd, Franklin|CO
11763|Robert Miller|555-134-4085|7095 Maple St, Riverside|PE
11764|Patricia Johnson|555-872-1203|6447 Maple St, Greenville|CL
11765|John Brown|555-202-6836|9544 Main St, Riverside|MX
11766|Robert Smith|555-797-9034|390 Main St, Franklin|CO
11767|Mary Miller|555-364-2659|8958 Oak Ave, Bristol|PE
11768|Robert Johnson|555-943-9168|1233 Oak Ave, Franklin|CL
11769|Mary Jones|555-935-1753|4035 Cedar Rd, Madison|MX
11770|James Brown|555-389-7928|5661 Main St, Bristol|CO
11771|Mary Garcia|555-725-3586|5680 Main St, Springfield|PE
11772|Mary Johnson|555-425-8410|1309 Cedar Rd, Madison|CL
11773|John Miller|555-715-6333|3934 Pine St, Franklin|MX
11774|Linda Miller|555-157-5976|2518 Lakeview Dr, Bristol|CO
11775|Linda Jones|555-721-3108|7329 Maple St, Riverside|PE
11776|James Smith|555-907-5377|1378 Main St, Bristol|CL
11777|Patricia Davis|555-575-6755|3242 Main St, Riverside|MX
11778|Jennifer Johnson|555-504-2587|9295 Pine St, Riverside|CO
11779|Mary Garcia|555-367-5677|5114 Lakeview Dr, Springfield|PE
11780|Linda Jones|555-203-1988|679 Pine St, Greenville|CL
11781|Michael Garcia|555-560-3227|4416 Maple St, Franklin|MX
11782|Mary Brown|555-939-2087|5653 Pine St, Riverside|CO
11783|Robert Garcia|555-308-6577|674 Pine St, Greenville|PE
11784|Michael Smith|555-697-8827|9927 Main St, Springfield|CL
11785|Mary Davis|555-860-7773|8963 Oak Ave, Greenville|MX
11786|Mary Jones|555-976-2289|6568 Main St, Greenville|CO
11787|Jennifer Davis|555-805-6125|2547 Lakeview Dr, Riverside|PE
11788|Michael Johnson|555-829-7950|9283 Cedar Rd, Riverside|CL
11789|Jennifer Johnson|555-284-5878|1094 Lakeview Dr, Franklin|MX
11790|John Brown|555-451-1210|6947 Main St, Madison|CO
11791|Linda Miller|555-585-2021|5753 Pine St, Greenville|PE
11792|Linda Miller|555-946-5855|1184 Main St, Springfield|CL
11793|James Williams|555-806-3696|9821 Main St, Bristol|MX
11794|Patricia Brown|555-317-2342|7178 Pine St, Franklin|CO
11795|Jennifer Jones|555-324-4859|3747 Main St, Greenville|PE
11796|Mary Brown|555-118-3482|8573 Oak Ave, Madison|CL
11797|James Davis|555-889-9011|4354 Lakeview Dr, Madison|MX
11798|Mary Miller|555-865-1310|556 Pine St, Bristol|CO
11799|John Miller|555-701-1672|9357 Oak Ave, Riverside|PE
11800|Patricia Smith|555-168-1061|1869 Main St, Madison|CL
11801|Mary Smith|555-211-6630|2603 Cedar Rd, Greenville|MX
11802|James Brown|555-723-3980|2642 Pine St, Franklin|CO
11803|Linda Smith|555-573-5748|7223 Oak Ave, Springfield|PE
11804|James Smith|555-131-8262|2171 Oak Ave, Greenville|CL
11805|Michael Williams|555-366-9304|1214 Pine St, Springfield|MX
11806|James Jones|555-340-2116|6923 Maple St, Bristol|CO
11807|James Smith|555-409-3101|2076 Lakeview Dr, Franklin|PE
11808|John Davis|555-220-8949|8151 Pine St, Madison|CL
11809|James Miller|555-868-4416|1167 Lakeview Dr, Franklin|MX
11810|Robert Johnson|555-769-3530|1062 Cedar Rd, Madison|CO
11811|James Smith|555-793-5872|4303 Maple St, Riverside|PE
11812|Jennifer Johnson|555-818-4866|5844 Lakeview Dr, Greenville|CL
11813|Robert Brown|555-136-7798|8401 Pine St, Springfield|MX
11814|Linda Garcia|555-582-4675|2425 Maple St, Riverside|CO
11815|Mary Davis|555-536-4842|1998 Main St, Bristol|PE
11816|Jennifer Davis|555-476-7847|1776 Main St, Bristol|CL
11817|Michael Davis|555-999-6732|6719 Lakeview Dr, Bristol|MX
11818|James Jones|555-668-5375|8878 Oak Ave, Greenville|CO
11819|John Smith|555-109-1447|4890 Oak Ave, Springfield|PE
11820|James Jones|555-904-2271|8372 Oak Ave, Greenville|CL
11821|Linda Johnson|555-383-1677|7503 Lakeview Dr, Bristol|MX
11822|Mary Miller|555-197-6299|3006 Cedar Rd, Bristol|CO
11823|John Miller|555-285-4153|9878 Cedar Rd, Franklin|PE
11824|Linda Smith|555-923-3318|7839 Lakeview Dr, Greenville|CL
11825|John Brown|555-893-1003|6235 Oak Ave, Madison|MX
11826|James Williams|555-761-1441|5844 Maple St, Madison|CO
11827|Jennifer Miller|555-373-3834|2400 Oak Ave, Riverside|PE
11828|James Williams|555-255-4820|4262 Cedar Rd, Springfield|CL
11829|Mary Williams|555-703-3692|1240 Maple St, Madison|MX
11830|Michael Jones|555-820-5941|6454 Pine St, Greenville|CO
11831|John Johnson|555-801-4060|4826 Lakeview Dr, Franklin|PE
11832|Jennifer Garcia|555-156-3110|1779 Lakeview Dr, Riverside|CL
11833|John Smith|555-420-7424|7384 Pine St, Springfield|MX
11834|John Miller|555-414-9499|3375 Lakeview Dr, Madison|CO
11835|John Williams|555-920-9475|7480 Pine St, Greenville|PE
11836|Patricia Jones|555-984-5718|5381 Maple St, Madison|CL
11837|James Williams|555-654-6800|8249 Oak Ave, Riverside|MX
11838|Linda Johnson|555-365-9172|5466 Oak Ave, Franklin|CO
11839|James Davis|555-578-7044|7277 Cedar Rd, Springfield|PE
11840|James Williams|555-516-4997|9078 Lakeview Dr, Madison|CL
11841|Patricia Garcia|555-517-6579|8136 Maple St, Greenville|MX
11842|James Smith|555-532-8861|6375 Maple St, Greenville|CO
11843|Robert Davis|555-862-6626|4970 Lakeview Dr, Franklin|PE
11844|James Brown|555-684-5172|1058 Lakeview Dr, Madison|CL
11845|Patricia Williams|555-785-6121|1001 Oak Ave, Franklin|MX
11846|Michael Smith|555-928-3899|8366 Lakeview Dr, Bristol|CO
11847|James Williams|555-789-3998|3265 Pine St, Franklin|PE
11848|James Miller|555-535-5507|584 Cedar Rd, Madison|CL
11849|Jennifer Williams|555-364-8534|8513 Cedar Rd, Riverside|MX
11850|John Davis|555-552-3738|2040 Lakeview Dr, Springfield|CO
11851|Linda Brown|555-101-3717|1606 Main St, Greenville|PE
11852|Mary Williams|555-981-5903|6241 Cedar Rd, Franklin|CL
11853|John Miller|555-121-4266|8843 Maple St, Springfield|MX
11854|Jennifer Johnson|555-792-3802|4449 Main St, Franklin|CO
11855|James Johnson|555-130-4661|5326 Main St, Greenville|PE
11856|Linda Johnson|555-487-2606|5310 Pine St, Riverside|CL
11857|Mary Johnson|555-580-9931|1846 Lakeview Dr, Springfield|MX
11858|Patricia Jones|555-247-8051|7243 Cedar Rd, Madison|CO
11859|Michael Davis|555-206-3240|1831 Main St, Franklin|PE
11860|Jennifer Garcia|555-492-3631|4537 Main St, Riverside|CL
11861|Mary Brown|555-791-1264|1437 Lakeview Dr, Riverside|MX
11862|Jennifer Jones|555-327-5568|7941 Oak Ave, Bristol|CO
11863|Jennifer Garcia|555-837-4144|3221 Lakeview Dr, Riverside|PE
11864|Jennifer Brown|555-615-4593|514 Pine St, Bristol|CL
11865|Robert Brown|555-658-1313|4200 Pine St, Franklin|MX
11866|Mary Johnson|555-732-9540|8644 Maple St, Riverside|CO
11867|Patricia Johnson|555-465-9024|4208 Maple St, Bristol|PE
11868|Patricia Jones|555-377-3990|9604 Lakeview Dr, Riverside|CL
11869|Michael Miller|555-515-3040|2511 Pine St, Madison|MX
11870|Jennifer Brown|555-239-3535|1495 Lakeview Dr, Greenville|CO
11871|Patricia Miller|555-308-1531|2931 Oak Ave, Riverside|PE
11872|Robert Miller|555-130-8728|6427 Cedar Rd, Madison|CL
11873|Mary Garcia|555-520-7430|6003 Main St, Greenville|MX
11874|Jennifer Davis|555-982-3618|5743 Oak Ave, Greenville|CO
11875|Jennifer Johnson|555-579-3512|7232 Oak Ave, Greenville|PE
11876|Linda Garcia|555-136-6009|4950 Lakeview Dr, Franklin|CL
11877|James Smith|555-767-5140|7193 Cedar Rd, Greenville|MX
11878|John Johnson|555-533-3462|7532 Maple St, Riverside|CO
11879|Michael Johnson|555-107-1648|5028 Cedar Rd, Franklin|PE
11880|Michael Smith|555-867-1469|9901 Oak Ave, Bristol|CL
11881|Patricia Davis|555-312-2692|6444 Maple St, Madison|MX
11882|John Jones|555-982-7568|1894 Cedar Rd, Madison|CO
11883|Robert Brown|555-405-9972|4434 Cedar Rd, Springfield|PE
11884|Michael Smith|555-195-9371|5918 Pine St, Greenville|CL
11885|Mary Miller|555-732-9391|3737 Main St, Madison|MX
11886|Patricia Miller|555-539-6999|3970 Main St, Springfield|CO
11887|John Miller|555-681-7915|789 Maple St, Riverside|PE
11888|Linda Davis|555-292-9163|8142 Lakeview Dr, Greenville|CL
11889|Robert Johnson|555-137-8481|9436 Lakeview Dr, Bristol|MX
11890|John Garcia|555-746-6707|6673 Oak Ave, Springfield|CO
11891|Mary Jones|555-135-1917|3603 Oak Ave, Greenville|PE
11892|Linda Brown|555-417-4787|9255 Main St, Madison|CL
11893|Patricia Smith|555-290-7226|1266 Oak Ave, Madison|MX
11894|Mary Miller|555-350-9267|2638 Maple St, Madison|CO
11895|John Jones|555-592-8563|7196 Oak Ave, Springfield|PE
11896|Jennifer Davis|555-580-1118|9472 Oak Ave, Bristol|CL
11897|Michael Williams|555-942-6490|2117 Main St, Springfield|MX
11898|Mary Garcia|555-573-6092|8000 Cedar Rd, Greenville|CO
11899|James Smith|555-106-1365|705 Pine St, Madison|PE
11900|James Johnson|555-618-8764|2083 Oak Ave, Bristol|CL
11901|Jennifer Smith|555-912-3712|1852 Pine St, Franklin|MX
11902|Mary Brown|555-487-6881|550 Lakeview Dr, Bristol|CO
11903|Patricia Johnson|555-897-9519|2532 Cedar Rd, Bristol|PE
11904|Patricia Johnson|555-231-1706|9846 Main St, Greenville|CL
11905|Patricia Johnson|555-812-4477|301 Oak Ave, Madison|MX
11906|Robert Garcia|555-816-2981|470 Lakeview Dr, Franklin|CO
11907|Robert Jones|555-802-6017|9441 Pine St, Madison|PE
11908|Linda Brown|555-665-4275|3059 Lakeview Dr, Madison|CL
11909|Jennifer Johnson|555-434-8015|221 Lakeview Dr, Bristol|MX
11910|Robert Smith|555-399-8304|8870 Oak Ave, Madison|CO
11911|Michael Davis|555-392-9185|2865 Lakeview Dr, Springfield|PE
11912|James Miller|555-283-4113|7917 Cedar Rd, Bristol|CL
11913|Jennifer Williams|555-794-3452|8394 Main St, Franklin|MX
11914|Linda Williams|555-725-1110|387 Main St, Madison|CO
11915|John Jones|555-887-5103|7486 Lakeview Dr, Madison|PE
11916|Robert Jones|555-468-2879|732 Oak Ave, Bristol|CL
11917|John Smith|555-317-1197|9920 Main St, Greenville|MX
11918|Patricia Williams|555-102-1767|1685 Oak Ave, Greenville|CO
11919|James Brown|555-873-2178|8787 Lakeview Dr, Franklin|PE
11920|James Jones|555-262-4574|2525 Lakeview Dr, Franklin|CL
11921|John Miller|555-756-9399|1333 Maple St, Franklin|MX
11922|Michael Brown|555-670-2965|1902 Main St, Springfield|CO
11923|Mary Johnson|555-483-8152|7944 Pine St, Riverside|PE
11924|Robert Davis|555-422-4177|4009 Pine St, Springfield|CL
11925|Robert Brown|555-133-6683|8835 Oak Ave, Madison|MX
11926|Mary Garcia|555-820-8617|7058 Pine St, Springfield|CO
11927|John Jones|555-918-7072|9080 Cedar Rd, Bristol|PE
11928|Linda Davis|555-648-8732|7537 Oak Ave, Madison|CL
11929|Michael Garcia|555-929-9059|4481 Main St, Bristol|MX
11930|Robert Williams|555-966-1968|4819 Cedar Rd, Franklin|CO
11931|Robert Brown|555-111-8174|3675 Pine St, Madison|PE
11932|Robert Williams|555-703-6607|6840 Maple St, Greenville|CL
11933|Robert Williams|555-182-7298|5490 Cedar Rd, Riverside|MX
11934|Linda Brown|555-641-4670|7502 Oak Ave, Riverside|CO
11935|James Johnson|555-863-8685|9173 Oak Ave, Greenville|PE
11936|James Brown|555-900-4362|6612 Lakeview Dr, Bristol|CL
11937|Robert Williams|555-711-3975|5977 Oak Ave, Bristol|MX
11938|Michael Smith|555-680-3822|7725 Pine St, Springfield|CO
11939|Robert Garcia|555-544-3076|6323 Pine St, Bristol|PE
11940|Robert Smith|555-762-3558|5207 Maple St, Madison|CL
11941|Jennifer Jones|555-709-9919|8678 Pine St, Bristol|MX
11942|Patricia Williams|555-243-5744|5495 Maple St, Madison|CO
11943|Michael Brown|555-907-4758|3987 Oak Ave, Franklin|PE
11944|John Garcia|555-818-6899|9871 Oak Ave, Springfield|CL
11945|James Brown|555-763-2699|107 Lakeview Dr, Springfield|MX
11946|John Miller|555-802-7681|5400 Cedar Rd, Bristol|CO
11947|James Miller|555-981-9014|3500 Cedar Rd, Franklin|PE
11948|Jennifer Smith|555-812-5652|3365 Oak Ave, Madison|CL
11949|John Garcia|555-655-5658|6677 Oak Ave, Franklin|MX
11950|Linda Brown|555-751-7161|9795 Lakeview Dr, Madison|CO
11951|Patricia Smith|555-674-8084|6658 Lakeview Dr, Riverside|PE
11952|Michael Davis|555-654-7524|3530 Maple St, Springfield|CL
11953|Robert Garcia|555-500-3039|5083 Main St, Bristol|MX
11954|James Garcia|555-640-9865|7964 Main St, Bristol|CO
11955|James Johnson|555-483-1247|8723 Main St, Franklin|PE
11956|Patricia Miller|555-542-6880|3509 Lakeview Dr, Franklin|CL
11957|Patricia Brown|555-196-9698|4395 Oak Ave, Madison|MX
11958|Jennifer Smith|555-751-4918|3810 Oak Ave, Greenville|CO
11959|John Smith|555-161-5623|9676 Oak Ave, Springfield|PE
11960|Patricia Jones|555-687-8173|3967 Lakeview Dr, Greenville|CL
11961|Mary Davis|555-814-2518|7912 Pine St, Springfield|MX
11962|John Williams|555-515-3587|4136 Lakeview Dr, Franklin|CO
11963|John Smith|555-764-1393|5897 Lakeview Dr, Greenville|PE
11964|John Smith|555-713-5111|5258 Cedar Rd, Bristol|CL
11965|Mary Garcia|555-279-7026|9361 Lakeview Dr, Bristol|MX
11966|Robert Johnson|555-879-2292|3561 Main St, Madison|CO
11967|John Williams|555-710-3615|4030 Maple St, Greenville|PE
11968|James Jones|555-700-5019|3754 Cedar Rd, Riverside|CL
11969|Linda Brown|555-837-1125|2897 Main St, Franklin|MX
11970|John Smith|555-725-2507|7513 Oak Ave, Greenville|CO
11971|Linda Smith|555-473-9390|2259 Pine St, Springfield|PE
11972|Robert Williams|555-327-6836|5356 Cedar Rd, Greenville|CL
11973|James Williams|555-653-5838|3737 Maple St, Springfield|MX
11974|Jennifer Brown|555-100-6578|8596 Oak Ave, Madison|CO
11975|Patricia Brown|555-485-6896|8273 Cedar Rd, Franklin|PE
11976|James Jones|555-348-5797|9932 Pine St, Franklin|CL
11977|Michael Johnson|555-100-7351|3630 Lakeview Dr, Springfield|MX
11978|John Williams|555-247-9730|9914 Lakeview Dr, Greenville|CO
11979|John Jones|555-179-8507|6924 Main St, Riverside|PE
11980|Patricia Garcia|555-215-6779|178 Main St, Franklin|CL
11981|Michael Brown|555-820-5303|9081 Main St, Bristol|MX
11982|Patricia Miller|555-257-2010|5919 Cedar Rd, Riverside|CO
11983|Robert Williams|555-393-8921|6629 Main St, Springfield|PE
11984|Mary Jones|555-946-7067|3347 Cedar Rd, Madison|CL
11985|John Brown|555-869-6120|7270 Lakeview Dr, Springfield|MX
11986|John Williams|555-817-5975|9859 Pine St, Springfield|CO
11987|Mary Brown|555-138-9719|4534 Oak Ave, Franklin|PE
11988|James Williams|555-301-3003|1618 Oak Ave, Bristol|CL
11989|Mary Smith|555-936-2231|9308 Cedar Rd, Bristol|MX
11990|Mary Smith|555-875-8809|8854 Main St, Bristol|CO
11991|Linda Garcia|555-580-5561|7003 Pine St, Madison|PE
11992|Patricia Williams|555-921-4356|1321 Pine St, Greenville|CL
11993|Robert Brown|555-554-2854|5605 Lakeview Dr, Franklin|MX
11994|Mary Miller|555-449-5871|1575 Main St, Madison|CO
11995|Michael Miller|555-882-4445|7359 Maple St, Bristol|PE
11996|Michael Johnson|555-430-8268|2135 Oak Ave, Madison|CL
11997|Jennifer Jones|555-271-2711|211 Pine St, Madison|MX
11998|Linda Miller|555-865-1609|3340 Lakeview Dr, Franklin|CO
11999|Jennifer Williams|555-180-7767|5331 Cedar Rd, Bristol|PE
12000|Robert Smith|555-920-2118|4204 Pine St, Bristol|CL
12001|Robert Jones|555-389-8686|1494 Maple St, Riverside|MX
12002|Patricia Brown|555-518-9981|8244 Cedar Rd, Bristol|CO
12003|James Garcia|555-905-6147|4771 Cedar Rd, Greenville|PE
12004|Robert Brown|555-519-9890|2351 Maple St, Springfield|CL
12005|Robert Davis|555-325-8185|4431 Cedar Rd, Springfield|MX
12006|Jennifer Davis|555-597-3107|8294 Pine St, Riverside|CO
12007|Jennifer Miller|555-508-9156|8415 Maple St, Greenville|PE
12008|Patricia Davis|555-637-5115|6260 Lakeview Dr, Franklin|CL
12009|James Davis|555-962-2578|1870 Maple St, Franklin|MX
12010|Linda Brown|555-410-7057|8770 Lakeview Dr, Bristol|CO
12011|Patricia Davis|555-112-9545|5512 Maple St, Greenville|PE
12012|Jennifer Garcia|555-877-2487|9069 Maple St, Madison|CL
12013|Patricia Williams|555-512-3194|4726 Maple St, Springfield|MX
12014|Michael Davis|555-571-8599|2996 Oak Ave, Riverside|CO
12015|Jennifer Miller|555-227-9148|4159 Pine St, Riverside|PE
12016|Mary Smith|555-671-2615|2084 Lakeview Dr, Madison|CL
12017|Jennifer Smith|555-209-6940|7375 Cedar Rd, Madison|MX
12018|John Jones|555-995-1723|1092 Main St, Franklin|CO
12019|John Jones|555-801-6644|5574 Maple St, Springfield|PE
12020|Robert Garcia|555-531-8477|4398 Cedar Rd, Franklin|CL
12021|Patricia Smith|555-928-6425|3833 Lakeview Dr, Franklin|MX
12022|Patricia Johnson|555-379-4998|5736 Maple St, Bristol|CO
12023|Patricia Garcia|555-660-2566|2645 Maple St, Bristol|PE
12024|John Johnson|555-235-4242|9516 Oak Ave, Franklin|CL
12025|Mary Johnson|555-444-7658|6206 Maple St, Riverside|MX
12026|John Brown|555-898-9700|1235 Pine St, Springfield|CO
12027|Robert Smith|555-649-2471|6174 Maple St, Riverside|PE
12028|Mary Garcia|555-969-4432|1911 Maple St, Springfield|CL
12029|Mary Garcia|555-276-3107|3760 Pine St, Springfield|MX
12030|Michael Jones|555-927-2170|2392 Cedar Rd, Franklin|CO
12031|John Brown|555-911-3813|8472 Maple St, Franklin|PE
12032|Mary Garcia|555-953-6318|9882 Pine St, Madison|CL
12033|Mary Smith|555-858-8888|7350 Cedar Rd, Madison|MX
12034|Robert Johnson|555-594-3580|5979 Main St, Riverside|CO
12035|Michael Jones|555-852-7683|6926 Lakeview Dr, Bristol|PE
12036|James Brown|555-149-5586|2988 Maple St, Greenville|CL
12037|Michael Miller|555-336-1309|7917 Cedar Rd, Franklin|MX
12038|Patricia Williams|555-446-5849|7444 Main St, Springfield|CO
12039|Michael Smith|555-651-2524|4184 Maple St, Springfield|PE
12040|James Miller|555-394-4721|4294 Cedar Rd, Bristol|CL
12041|Mary Smith|555-687-1660|9121 Pine St, Springfield|MX
12042|Michael Jones|555-625-1232|1528 Main St, Greenville|CO
12043|Michael Johnson|555-775-6299|4133 Oak Ave, Riverside|PE
12044|Michael Jones|555-502-2125|9627 Main St, Springfield|CL
12045|John Garcia|555-217-3817|6639 Maple St, Greenville|MX
12046|Linda Smith|555-835-8724|6032 Oak Ave, Riverside|CO
12047|Linda Johnson|555-211-7860|1928 Cedar Rd, Riverside|PE
12048|Robert Brown|555-428-8010|409 Pine St, Bristol|CL
12049|Michael Williams|555-935-7919|6079 Pine St, Greenville|MX
12050|Patricia Brown|555-322-1185|9304 Main St, Madison|CO
12051|Robert Smith|555-343-8461|8415 Lakeview Dr, Riverside|PE
12052|Michael Davis|555-692-5355|4913 Oak Ave, Greenville|CL
12053|Jennifer Davis|555-935-5488|2286 Pine St, Franklin|MX
12054|Jennifer Miller|555-291-5211|3282 Oak Ave, Franklin|CO
12055|Linda Davis|555-166-9874|7837 Lakeview Dr, Riverside|PE
12056|John Brown|555-435-1209|7277 Maple St, Madison|CL
12057|Patricia Johnson|555-298-6068|3627 Oak Ave, Riverside|MX
12058|Linda Brown|555-329-9008|1963 Main St, Springfield|CO
12059|Linda Smith|555-524-1521|6438 Maple St, Greenville|PE
12060|Linda Jones|555-877-3438|6448 Oak Ave, Franklin|CL
12061|Michael Williams|555-525-7698|5721 Pine St, Greenville|MX
12062|Linda Davis|555-327-7269|7352 Cedar Rd, Greenville|CO
12063|James Miller|555-678-4218|2979 Oak Ave, Franklin|PE
12064|Robert Johnson|555-481-9076|6298 Lakeview Dr, Madison|CL
12065|Robert Brown|555-616-3647|6671 Lakeview Dr, Franklin|MX
12066|Mary Davis|555-143-6801|4454 Oak Ave, Riverside|CO
12067|John Jones|555-880-8430|309 Maple St, Riverside|PE
12068|Patricia Williams|555-121-5277|6159 Maple St, Greenville|CL
12069|Mary Johnson|555-888-6320|1915 Oak Ave, Franklin|MX
12070|Patricia Johnson|555-912-1832|7342 Maple St, Bristol|CO
12071|Robert Johnson|555-635-8660|7953 Cedar Rd, Franklin|PE
12072|Jennifer Johnson|555-159-6429|9390 Lakeview Dr, Springfield|CL
12073|Linda Williams|555-463-6628|5327 Oak Ave, Springfield|MX
12074|Michael Garcia|555-279-9842|798 Lakeview Dr, Riverside|CO
12075|Linda Jones|555-464-7034|1402 Cedar Rd, Bristol|PE
12076|Mary Miller|555-839-6918|4270 Cedar Rd, Greenville|CL
12077|James Garcia|555-804-6242|6597 Lakeview Dr, Bristol|MX
12078|Robert Brown|555-177-7229|9514 Pine St, Springfield|CO
12079|Patricia Williams|555-272-8586|6979 Oak Ave, Springfield|PE
12080|Mary Johnson|555-697-1882|7829 Maple St, Madison|CL
12081|Patricia Williams|555-209-8232|5033 Pine St, Madison|MX
12082|Patricia Miller|555-104-9181|2566 Pine St, Madison|CO
12083|Robert Davis|555-459-6273|3829 Cedar Rd, Madison|PE
12084|Patricia Brown|555-404-9674|6646 Oak Ave, Riverside|CL
12085|Patricia Garcia|555-493-1318|6590 Maple St, Bristol|MX
12086|Mary Garcia|555-996-7692|8731 Pine St, Franklin|CO
12087|John Jones|555-696-8318|3209 Oak Ave, Greenville|PE
12088|James Davis|555-723-8161|9853 Cedar Rd, Greenville|CL
12089|Michael Johnson|555-150-4375|3482 Oak Ave, Greenville|MX
12090|Mary Brown|555-502-3230|8443 Pine St, Madison|CO
12091|John Jones|555-904-5602|7681 Cedar Rd, Riverside|PE
12092|Linda Williams|555-621-7784|1997 Oak Ave, Springfield|CL
12093|Michael Davis|555-236-7104|9531 Lakeview Dr, Springfield|MX
12094|Robert Miller|555-591-9689|3615 Cedar Rd, Springfield|CO
12095|Robert Williams|555-329-8443|3805 Pine St, Franklin|PE
12096|Patricia Brown|555-334-5602|3242 Cedar Rd, Bristol|CL
12097|Robert Miller|555-640-3607|183 Pine St, Riverside|MX
12098|Mary Davis|555-165-2512|6080 Main St, Madison|CO
12099|Mary Johnson|555-865-7954|3709 Maple St, Madison|PE
12100|Michael Williams|555-516-6632|3298 Main St, Greenville|CL
12101|Patricia Smith|555-289-3647|1379 Pine St, Greenville|MX
12102|Jennifer Brown|555-708-1753|8653 Maple St, Springfield|CO
12103|James Garcia|555-454-4131|3164 Maple St, Madison|PE
12104|Robert Jones|555-980-6630|2246 Maple St, Springfield|CL
12105|James Smith|555-346-9846|4977 Cedar Rd, Bristol|MX
12106|Linda Davis|555-990-4293|6550 Main St, Franklin|CO
12107|James Johnson|555-301-5928|4428 Maple St, Riverside|PE
12108|Robert Johnson|555-461-1032|4796 Maple St, Springfield|CL
12109|Jennifer Brown|555-582-9322|5475 Maple St, Madison|MX
12110|John Davis|555-675-2482|9825 Oak Ave, Franklin|CO
12111|Mary Jones|555-662-9623|9313 Main St, Bristol|PE
12112|James Davis|555-972-7986|7158 Lakeview Dr, Madison|CL
12113|Michael Jones|555-651-8097|9751 Cedar Rd, Bristol|MX
12114|Mary Garcia|555-627-3443|7093 Main St, Greenville|CO
12115|Linda Smith|555-236-9652|591 Cedar Rd, Springfield|PE
12116|John Johnson|555-484-4993|2312 Maple St, Bristol|CL
12117|Michael Johnson|555-868-7290|9354 Main St, Greenville|MX
12118|Jennifer Smith|555-205-1184|5612 Pine St, Riverside|CO
12119|Jennifer Smith|555-708-8652|3072 Maple St, Greenville|PE
12120|Robert Smith|555-460-5239|7671 Pine St, Bristol|CL
12121|Patricia Williams|555-146-6074|8496 Oak Ave, Riverside|MX
12122|Jennifer Miller|555-485-9217|1354 Maple St, Bristol|CO
12123|Robert Williams|555-776-8891|8487 Maple St, Greenville|PE
12124|Robert Williams|555-215-7896|385 Maple St, Greenville|CL
12125|Jennifer Davis|555-134-6279|9411 Oak Ave, Springfield|MX
12126|Mary Smith|555-134-5097|4021 Oak Ave, Springfield|CO
12127|Robert Garcia|555-737-2989|5200 Cedar Rd, Greenville|PE
12128|Mary Jones|555-954-3433|4412 Oak Ave, Madison|CL
12129|Michael Miller|555-951-1918|5423 Oak Ave, Greenville|MX
12130|Mary Williams|555-882-1975|5854 Cedar Rd, Franklin|CO
12131|Mary Williams|555-892-6747|5196 Pine St, Riverside|PE
12132|John Miller|555-340-9499|1723 Oak Ave, Greenville|CL
12133|Jennifer Williams|555-534-3341|2148 Main St, Springfield|MX
12134|Jennifer Jones|555-555-8225|7408 Oak Ave, Springfield|CO
12135|Jennifer Brown|555-547-4258|2066 Cedar Rd, Bristol|PE
12136|John Williams|555-550-4366|6379 Pine St, Madison|CL
12137|Patricia Davis|555-826-1344|6651 Pine St, Riverside|MX
12138|John Jones|555-976-8775|899 Lakeview Dr, Riverside|CO
12139|John Williams|555-955-9666|2177 Oak Ave, Riverside|PE
12140|Jennifer Jones|555-760-5695|5818 Cedar Rd, Bristol|CL
12141|Mary Brown|555-381-3266|3950 Pine St, Greenville|MX
12142|Jennifer Davis|555-297-1125|3378 Lakeview Dr, Franklin|CO
12143|Linda Smith|555-647-6198|4624 Lakeview Dr, Bristol|PE
12144|Michael Davis|555-135-4809|4084 Maple St, Bristol|CL
12145|Robert Miller|555-301-1627|8449 Lakeview Dr, Springfield|MX
12146|Mary Johnson|555-181-1393|9370 Main St, Riverside|CO
12147|Jennifer Williams|555-788-9492|8465 Main St, Bristol|PE
12148|James Garcia|555-716-7694|8392 Main St, Franklin|CL
12149|Mary Jones|555-741-9244|800 Oak Ave, Bristol|MX
12150|Patricia Davis|555-972-2507|1454 Lakeview Dr, Greenville|CO
12151|Patricia Williams|555-166-1423|9624 Maple St, Bristol|PE
12152|Robert Garcia|555-825-5650|7465 Lakeview Dr, Springfield|CL
12153|Jennifer Miller|555-318-3050|7302 Main St, Greenville|MX
12154|James Davis|555-566-4837|1661 Main St, Franklin|CO
12155|Jennifer Garcia|555-413-7714|6601 Main St, Bristol|PE
12156|Michael Johnson|555-403-8681|3457 Lakeview Dr, Franklin|CL
12157|John Smith|555-515-7956|2200 Pine St, Madison|MX
12158|John Brown|555-217-9369|4761 Lakeview Dr, Franklin|CO
12159|John Jones|555-131-3410|576 Cedar Rd, Madison|PE
12160|James Johnson|555-703-7332|7631 Lakeview Dr, Franklin|CL
12161|Patricia Garcia|555-754-1182|1247 Lakeview Dr, Greenville|MX
12162|Mary Jones|555-597-3792|2462 Maple St, Greenville|CO
12163|Michael Brown|555-463-1012|3430 Oak Ave, Springfield|PE
12164|Mary Williams|555-412-6941|1730 Pine St, Springfield|CL
12165|Mary Brown|555-123-6731|442 Oak Ave, Springfield|MX
12166|Mary Johnson|555-986-4212|9778 Maple St, Riverside|CO
12167|Patricia Johnson|555-905-3688|5139 Cedar Rd, Madison|PE
12168|John Jones|555-693-6212|4893 Oak Ave, Madison|CL
12169|Linda Williams|555-641-3971|7521 Main St, Franklin|MX
12170|Patricia Miller|555-857-5557|5443 Main St, Madison|CO
12171|Patricia Garcia|555-989-4778|4708 Main St, Greenville|PE
12172|Robert Miller|555-840-7683|5622 Pine St, Franklin|CL
12173|Michael Johnson|555-798-1601|7650 Pine St, Greenville|MX
12174|John Williams|555-117-2617|1784 Cedar Rd, Franklin|CO
12175|Jennifer Brown|555-563-4649|8084 Lakeview Dr, Springfield|PE
12176|Michael Miller|555-903-6070|6777 Oak Ave, Greenville|CL
12177|Linda Garcia|555-273-5044|5151 Cedar Rd, Springfield|MX
12178|James Jones|555-347-7233|2749 Main St, Madison|CO
12179|Linda Miller|555-259-8522|7185 Maple St, Madison|PE
12180|Michael Jones|555-817-3432|1951 Lakeview Dr, Bristol|CL
12181|James Brown|555-775-8200|4030 Lakeview Dr, Springfield|MX
12182|Michael Smith|555-359-3058|4359 Cedar Rd, Bristol|CO
12183|Patricia Miller|555-276-7778|7030 Lakeview Dr, Greenville|PE
12184|Michael Johnson|555-589-8763|6462 Oak Ave, Madison|CL
12185|Patricia Johnson|555-118-3618|335 Lakeview Dr, Bristol|MX
12186|Jennifer Johnson|555-222-8247|1133 Pine St, Springfield|CO
12187|Mary Jones|555-340-2438|4272 Oak Ave, Franklin|PE
12188|Robert Miller|555-366-9539|8319 Pine St, Franklin|CL
12189|John Johnson|555-613-4648|2549 Maple St, Madison|MX
12190|Michael Jones|555-547-7573|9540 Maple St, Springfield|CO
12191|John Garcia|555-878-2993|1542 Oak Ave, Bristol|PE
12192|Michael Smith|555-411-3113|1962 Pine St, Madison|CL
12193|Jennifer Garcia|555-938-7973|1984 Maple St, Springfield|MX
12194|Robert Garcia|555-762-6300|4953 Cedar Rd, Springfield|CO
12195|James Williams|555-283-7786|6182 Pine St, Franklin|PE
12196|Robert Smith|555-536-1011|4136 Main St, Springfield|CL
12197|Michael Smith|555-945-7632|3068 Maple St, Madison|MX
12198|Mary Brown|555-545-2619|2468 Maple St, Springfield|CO
12199|Jennifer Garcia|555-247-3405|6918 Cedar Rd, Bristol|PE
12200|Jennifer Jones|555-945-2043|9536 Main St, Riverside|CL
12201|Patricia Smith|555-532-1898|7795 Maple St, Bristol|MX
12202|Robert Brown|555-523-3120|5899 Pine St, Bristol|CO
12203|Robert Miller|555-159-4216|3368 Lakeview Dr, Franklin|PE
12204|Mary Johnson|555-452-4159|2781 Oak Ave, Greenville|CL
12205|Linda Jones|555-803-9311|2049 Maple St, Bristol|MX
12206|Jennifer Johnson|555-415-9537|3446 Oak Ave, Springfield|CO
12207|Linda Smith|555-202-2282|3888 Lakeview Dr, Madison|PE
12208|James Miller|555-140-1262|1491 Maple St, Springfield|CL
12209|Michael Smith|555-562-7761|548 Oak Ave, Greenville|MX
12210|Mary Miller|555-259-3210|6884 Main St, Riverside|CO
12211|Robert Williams|555-900-8807|8374 Oak Ave, Greenville|PE
12212|Linda Brown|555-449-1183|8373 Main St, Franklin|CL
12213|Linda Garcia|555-519-7937|3672 Cedar Rd, Riverside|MX
12214|Linda Brown|555-170-6215|3009 Lakeview Dr, Madison|CO
12215|Mary Smith|555-593-1346|8303 Pine St, Springfield|PE
12216|Robert Brown|555-432-1587|2203 Oak Ave, Franklin|CL
12217|Patricia Davis|555-930-9375|7087 Maple St, Riverside|MX
12218|James Miller|555-640-9407|944 Oak Ave, Riverside|CO
12219|James Davis|555-783-2667|9380 Oak Ave, Franklin|PE
12220|Michael Miller|555-963-8604|6138 Pine St, Greenville|CL
12221|James Miller|555-466-5463|1182 Oak Ave, Bristol|MX
12222|Linda Williams|555-381-6900|1254 Maple St, Riverside|CO
12223|James Smith|555-768-9608|1615 Cedar Rd, Springfield|PE
12224|Patricia Brown|555-532-2819|2893 Lakeview Dr, Madison|CL
12225|Patricia Johnson|555-101-9718|2023 Maple St, Greenville|MX
12226|Jennifer Jones|555-186-8246|7429 Pine St, Madison|CO
12227|Jennifer Johnson|555-517-8544|6736 Maple St, Madison|PE
12228|Michael Williams|555-602-4684|8255 Pine St, Springfield|CL
12229|Robert Jones|555-920-3745|527 Maple St, Springfield|MX
12230|Jennifer Garcia|555-672-8402|1676 Maple St, Springfield|CO
12231|Robert Jones|555-956-3050|1494 Oak Ave, Madison|PE
12232|Mary Williams|555-930-2768|1297 Maple St, Springfield|CL
12233|James Davis|555-733-4117|1776 Maple St, Madison|MX
12234|John Smith|555-128-9722|775 Lakeview Dr, Franklin|CO
12235|Jennifer Miller|555-906-6549|3696 Pine St, Franklin|PE
12236|Linda Smith|555-251-7640|8667 Pine St, Riverside|CL
12237|James Davis|555-371-2407|8671 Oak Ave, Madison|MX
12238|Patricia Davis|555-303-7015|2949 Oak Ave, Springfield|CO
12239|Mary Miller|555-277-4596|3530 Maple St, Greenville|PE
12240|Michael Garcia|555-950-8184|1364 Maple St, Springfield|CL
12241|James Johnson|555-198-3205|1350 Cedar Rd, Riverside|MX
12242|Linda Garcia|555-494-8301|8983 Cedar Rd, Franklin|CO
12243|Jennifer Davis|555-115-7991|8701 Pine St, Franklin|PE
12244|Robert Brown|555-343-8382|3237 Maple St, Franklin|CL
12245|James Johnson|555-858-9850|8844 Cedar Rd, Riverside|MX
12246|Michael Jones|555-151-7133|5930 Pine St, Riverside|CO
12247|John Miller|555-784-9504|3672 Lakeview Dr, Franklin|PE
12248|Robert Williams|555-784-9715|2678 Lakeview Dr, Bristol|CL
12249|Linda Jones|555-718-3191|4871 Main St, Greenville|MX
12250|John Davis|555-555-7475|4198 Pine St, Riverside|CO
12251|Michael Jones|555-549-3625|3228 Main St, Riverside|PE
12252|Michael Garcia|555-209-6748|9575 Lakeview Dr, Greenville|CL
12253|Michael Johnson|555-884-2948|328 Pine St, Bristol|MX
12254|Mary Miller|555-966-1956|542 Main St, Bristol|CO
12255|Michael Davis|555-845-2366|4179 Lakeview Dr, Franklin|PE
12256|Michael Smith|555-107-4673|1993 Main St, Bristol|CL
12257|James Brown|555-700-7393|5661 Pine St, Madison|MX
12258|Michael Smith|555-961-2218|8676 Maple St, Madison|CO
12259|Patricia Jones|555-920-4464|3652 Oak Ave, Bristol|PE
12260|Linda Jones|555-688-4125|7208 Pine St, Madison|CL
12261|Mary Jones|555-820-1953|2266 Cedar Rd, Franklin|MX
12262|Patricia Jones|555-894-3983|3288 Cedar Rd, Bristol|CO
12263|Linda Davis|555-507-5382|4230 Maple St, Bristol|PE
12264|Mary Jones|555-435-6171|5318 Oak Ave, Riverside|CL
12265|James Brown|555-441-7742|2863 Main St, Riverside|MX
12266|Robert Garcia|555-649-5350|9059 Pine St, Greenville|CO
12267|James Johnson|555-961-5572|5707 Pine St, Bristol|PE
12268|James Jones|555-523-9160|6753 Pine St, Franklin|CL
12269|Robert Garcia|555-831-7045|5082 Maple St, Madison|MX
12270|Robert Johnson|555-495-5529|7072 Main St, Franklin|CO
12271|Linda Williams|555-866-8198|571 Main St, Riverside|PE
12272|Jennifer Garcia|555-754-6316|3051 Cedar Rd, Madison|CL
12273|Patricia Garcia|555-492-5571|5064 Lakeview Dr, Madison|MX
12274|Jennifer Davis|555-253-4429|8816 Cedar Rd, Riverside|CO
12275|Linda Williams|555-798-6987|7137 Oak Ave, Greenville|PE
12276|John Miller|555-555-4574|6613 Main St, Madison|CL
12277|John Smith|555-196-8272|4173 Cedar Rd, Bristol|MX
12278|Linda Davis|555-481-8527|7620 Pine St, Bristol|CO
12279|Robert Jones|555-936-3262|9888 Pine St, Madison|PE
12280|Michael Brown|555-109-3968|7551 Cedar Rd, Madison|CL
12281|Patricia Johnson|555-274-2848|4598 Lakeview Dr, Franklin|MX
12282|Jennifer Jones|555-905-9125|7390 Maple St, Franklin|CO
12283|John Davis|555-925-9918|6087 Oak Ave, Springfield|PE
12284|Michael Garcia|555-784-9052|6961 Main St, Greenville|CL
12285|Linda Davis|555-406-1087|4789 Oak Ave, Greenville|MX
12286|Jennifer Smith|555-134-1962|3186 Maple St, Riverside|CO
12287|John Miller|555-698-2612|4724 Cedar Rd, Greenville|PE
12288|Michael Jones|555-770-5072|6926 Main St, Franklin|CL
12289|Robert Davis|555-385-4423|7270 Maple St, Bristol|MX
12290|Linda Johnson|555-578-3604|7008 Pine St, Bristol|CO
12291|Patricia Williams|555-545-2005|391 Main St, Springfield|PE
12292|Mary Williams|555-739-1749|4510 Maple St, Greenville|CL
12293|Michael Jones|555-458-9938|9335 Cedar Rd, Bristol|MX
12294|Michael Smith|555-195-7418|7292 Main St, Greenville|CO
12295|James Smith|555-267-5656|8618 Cedar Rd, Madison|PE
12296|James Miller|555-837-8764|5881 Lakeview Dr, Franklin|CL
12297|Linda Miller|555-153-7143|6646 Maple St, Springfield|MX
12298|John Brown|555-757-8968|8535 Main St, Madison|CO
12299|Mary Garcia|555-961-3440|9624 Pine St, Franklin|PE
12300|Linda Smith|555-545-3852|3459 Oak Ave, Springfield|CL
12301|Jennifer Brown|555-111-1281|228 Pine St, Bristol|MX
12302|Linda Garcia|555-487-1055|2482 Main St, Greenville|CO
12303|Michael Williams|555-960-1476|9591 Pine St, Riverside|PE
12304|Mary Williams|555-599-6282|3139 Cedar Rd, Greenville|CL
12305|Michael Garcia|555-411-9775|1520 Cedar Rd, Bristol|MX
12306|John Jones|555-941-2730|8706 Lakeview Dr, Riverside|CO
12307|John Brown|555-410-4353|6222 Lakeview Dr, Springfield|PE
12308|Robert Smith|555-514-8741|4876 Oak Ave, Bristol|CL
12309|Jennifer Williams|555-814-8607|5062 Maple St, Bristol|MX
12310|Jennifer Williams|555-422-5676|3693 Cedar Rd, Riverside|CO
12311|Linda Davis|555-465-7914|6396 Pine St, Springfield|PE
12312|Mary Williams|555-398-1161|6907 Oak Ave, Madison|CL
12313|James Garcia|555-535-6136|5443 Maple St, Riverside|MX
12314|Jennifer Brown|555-762-7523|6206 Cedar Rd, Riverside|CO
12315|Robert Davis|555-605-9081|4993 Maple St, Franklin|PE
12316|Linda Smith|555-804-9841|2704 Main St, Riverside|CL
12317|Patricia Brown|555-198-3084|7763 Oak Ave, Springfield|MX
12318|Jennifer Miller|555-498-6315|2651 Pine St, Bristol|CO
12319|Michael Garcia|555-423-8811|1938 Pine St, Riverside|PE
12320|Linda Garcia|555-639-5933|5815 Maple St, Franklin|CL
12321|Mary Garcia|555-579-7534|408 Main St, Greenville|MX
12322|Linda Jones|555-577-8560|3655 Maple St, Franklin|CO
12323|Mary Jones|555-461-7282|6097 Maple St, Springfield|PE
12324|Robert Jones|555-464-7790|9758 Oak Ave, Franklin|CL
12325|John Davis|555-629-6747|1157 Pine St, Greenville|MX
12326|Jennifer Johnson|555-724-8602|6771 Cedar Rd, Franklin|CO
12327|Patricia Jones|555-456-3287|6696 Oak Ave, Springfield|PE
12328|James Brown|555-422-9791|4347 Oak Ave, Bristol|CL
12329|Michael Garcia|555-916-2006|4806 Main St, Riverside|MX
12330|Robert Brown|555-912-6906|9023 Main St, Franklin|CO
12331|Jennifer Brown|555-959-3840|9364 Maple St, Franklin|PE
12332|James Johnson|555-901-7274|8001 Cedar Rd, Franklin|CL
12333|Mary Johnson|555-379-8678|7764 Oak Ave, Riverside|MX
12334|Mary Jones|555-619-9893|5295 Oak Ave, Riverside|CO
12335|Linda Brown|555-584-7825|3199 Cedar Rd, Springfield|PE
12336|Michael Johnson|555-785-2359|299 Maple St, Springfield|CL
12337|James Williams|555-944-1745|9295 Oak Ave, Greenville|MX
12338|Michael Jones|555-722-6078|1271 Maple St, Franklin|CO
12339|Mary Miller|555-397-3628|1825 Maple St, Franklin|PE
12340|Mary Smith|555-289-3681|8500 Cedar Rd, Bristol|CL
12341|Jennifer Williams|555-774-5374|6988 Pine St, Franklin|MX
12342|Michael Brown|555-239-9796|8166 Maple St, Madison|CO
12343|Linda Miller|555-342-1811|6629 Cedar Rd, Bristol|PE
12344|Patricia Garcia|555-107-9335|6014 Cedar Rd, Madison|CL
12345|Patricia Miller|555-961-4857|9695 Pine St, Franklin|MX
12346|John Garcia|555-559-4615|1604 Lakeview Dr, Springfield|CO
12347|James Miller|555-406-6007|6748 Cedar Rd, Greenville|PE
12348|James Garcia|555-986-5904|3776 Main St, Greenville|CL
12349|Patricia Miller|555-294-4874|941 Cedar Rd, Riverside|MX
12350|John Smith|555-926-8193|6916 Cedar Rd, Madison|CO
12351|Mary Miller|555-198-3667|9201 Maple St, Bristol|PE
12352|Mary Jones|555-795-4657|9952 Oak Ave, Madison|CL
12353|James Jones|555-692-3918|7959 Oak Ave, Riverside|MX
12354|Linda Johnson|555-631-8585|7893 Lakeview Dr, Franklin|CO
12355|James Smith|555-100-1910|9882 Oak Ave, Madison|PE
12356|Mary Smith|555-912-5286|7078 Maple St, Franklin|CL
12357|Robert Miller|555-490-1208|6019 Maple St, Franklin|MX
12358|John Davis|555-638-4624|6379 Cedar Rd, Greenville|CO
12359|Jennifer Brown|555-590-6740|3955 Main St, Madison|PE
12360|John Garcia|555-478-7516|3311 Lakeview Dr, Bristol|CL
12361|Linda Davis|555-561-8475|5153 Maple St, Springfield|MX
12362|Patricia Davis|555-392-2083|2448 Lakeview Dr, Riverside|CO
12363|Linda Smith|555-106-2989|3836 Cedar Rd, Franklin|PE
12364|Mary Brown|555-956-3585|7246 Pine St, Springfield|CL
12365|Linda Garcia|555-916-8767|5096 Cedar Rd, Springfield|MX
12366|Jennifer Brown|555-120-1464|5334 Oak Ave, Madison|CO
12367|Linda Davis|555-505-6841|7443 Pine St, Bristol|PE
12368|Mary Williams|555-550-9226|421 Cedar Rd, Springfield|CL
12369|James Williams|555-609-1070|7955 Pine St, Riverside|MX
12370|James Brown|555-494-5809|2411 Oak Ave, Greenville|CO
12371|Jennifer Jones|555-151-9884|1190 Pine St, Madison|PE
12372|Robert Jones|555-162-4760|2521 Cedar Rd, Madison|CL
12373|Patricia Brown|555-409-3337|5089 Maple St, Franklin|MX
12374|James Brown|555-403-2095|9890 Pine St, Franklin|CO
12375|Linda Miller|555-872-2084|1776 Cedar Rd, Riverside|PE
12376|Robert Jones|555-959-6320|3222 Cedar Rd, Franklin|CL
12377|Patricia Brown|555-647-2235|7007 Lakeview Dr, Madison|MX
12378|Michael Miller|555-820-8721|4539 Lakeview Dr, Riverside|CO
12379|John Davis|555-260-8852|2882 Maple St, Greenville|PE
12380|Robert Davis|555-554-4990|1140 Lakeview Dr, Riverside|CL
12381|Mary Davis|555-651-2582|7605 Main St, Bristol|MX
12382|Mary Jones|555-360-5219|5575 Pine St, Franklin|CO
12383|Robert Smith|555-299-9591|1619 Maple St, Riverside|PE
12384|Mary Johnson|555-626-1285|3009 Main St, Bristol|CL
12385|Jennifer Miller|555-857-4491|7887 Lakeview Dr, Greenville|MX
12386|Mary Smith|555-743-9632|1587 Oak Ave, Springfield|CO
12387|Linda Brown|555-539-7052|5030 Main St, Riverside|PE
12388|James Miller|555-751-5369|949 Lakeview Dr, Riverside|CL
12389|Linda Williams|555-188-4284|4428 Lakeview Dr, Bristol|MX
12390|Mary Davis|555-304-8440|3724 Main St, Bristol|CO
12391|Mary Brown|555-276-2766|1760 Cedar Rd, Riverside|PE
12392|Jennifer Garcia|555-903-1480|470 Oak Ave, Franklin|CL
12393|Robert Davis|555-372-3122|4309 Lakeview Dr, Bristol|MX
12394|Michael Miller|555-604-2747|5825 Maple St, Greenville|CO
12395|James Brown|555-170-9103|7311 Lakeview Dr, Bristol|PE
12396|Linda Smith|555-520-9640|7056 Cedar Rd, Springfield|CL
12397|Michael Smith|555-617-5290|1850 Lakeview Dr, Springfield|MX
12398|Robert Garcia|555-713-1557|8179 Maple St, Greenville|CO
12399|James Johnson|555-314-7027|1508 Maple St, Springfield|PE
12400|James Miller|555-742-2002|124 Maple St, Springfield|CL
12401|John Miller|555-314-3847|4635 Cedar Rd, Bristol|MX
12402|Mary Smith|555-542-2626|9526 Oak Ave, Franklin|CO
12403|Linda Davis|555-160-2334|9263 Cedar Rd, Madison|PE
12404|Jennifer Garcia|555-118-9059|7861 Cedar Rd, Madison|CL
12405|Linda Brown|555-169-4687|401 Lakeview Dr, Madison|MX
12406|Patricia Williams|555-414-1072|1899 Cedar Rd, Riverside|CO
12407|Michael Davis|555-116-5852|8895 Main St, Greenville|PE
12408|Patricia Brown|555-531-7189|9343 Maple St, Springfield|CL
12409|Linda Davis|555-210-4053|8942 Pine St, Riverside|MX
12410|Patricia Garcia|555-121-6311|8437 Main St, Madison|CO
12411|Mary Garcia|555-479-2471|1235 Maple St, Greenville|PE
12412|Michael Garcia|555-153-9705|9579 Maple St, Riverside|CL
12413|Linda Williams|555-521-8212|933 Lakeview Dr, Riverside|MX
12414|Michael Williams|555-705-4776|5580 Oak Ave, Franklin|CO
12415|John Williams|555-899-1663|1450 Cedar Rd, Greenville|PE
12416|Patricia Williams|555-940-7564|4734 Oak Ave, Madison|CL
12417|Michael Miller|555-679-2872|8679 Cedar Rd, Greenville|MX
12418|Michael Garcia|555-525-3428|6346 Pine St, Madison|CO
12419|James Johnson|555-862-4309|1422 Cedar Rd, Riverside|PE
12420|Jennifer Smith|555-982-2166|6957 Main St, Franklin|CL
12421|James Davis|555-955-7896|4759 Maple St, Franklin|MX
12422|Linda Garcia|555-222-5125|9134 Main St, Bristol|CO
12423|Mary Davis|555-495-4927|753 Pine St, Bristol|PE
12424|Jennifer Johnson|555-177-4750|1291 Cedar Rd, Franklin|CL
12425|Mary Williams|555-171-4276|9107 Maple St, Bristol|MX
12426|John Williams|555-270-3917|8041 Lakeview Dr, Madison|CO
12427|Mary Williams|555-264-1880|887 Main St, Greenville|PE
12428|Linda Miller|555-714-8165|4037 Oak Ave, Springfield|CL
12429|Patricia Johnson|555-887-9007|8942 Oak Ave, Madison|MX
12430|John Garcia|555-103-8370|4561 Lakeview Dr, Bristol|CO
12431|Patricia Brown|555-217-6354|897 Oak Ave, Greenville|PE
12432|Linda Smith|555-482-3952|2473 Lakeview Dr, Madison|CL
12433|Mary Garcia|555-776-7401|2709 Cedar Rd, Franklin|MX
12434|Michael Jones|555-989-4049|4528 Oak Ave, Springfield|CO
12435|Michael Smith|555-933-5046|718 Cedar Rd, Greenville|PE
12436|Patricia Davis|555-449-4653|5401 Oak Ave, Madison|CL
12437|Linda Brown|555-355-5315|5174 Oak Ave, Franklin|MX
12438|Mary Smith|555-491-3595|9568 Lakeview Dr, Riverside|CO
12439|Michael Williams|555-248-7378|6810 Cedar Rd, Springfield|PE
12440|Michael Brown|555-414-6250|3220 Lakeview Dr, Franklin|CL
12441|Patricia Davis|555-594-5777|4889 Main St, Springfield|MX
12442|Patricia Brown|555-365-1182|3349 Pine St, Riverside|CO
12443|Robert Williams|555-233-1609|9277 Pine St, Bristol|PE
12444|Robert Williams|555-269-7284|8173 Maple St, Franklin|CL
12445|Patricia Williams|555-321-1991|6738 Lakeview Dr, Bristol|MX
12446|Mary Smith|555-394-4724|573 Lakeview Dr, Riverside|CO
12447|John Jones|555-788-4574|2106 Pine St, Riverside|PE
12448|Michael Johnson|555-302-3504|571 Cedar Rd, Franklin|CL
12449|James Garcia|555-731-1927|669 Lakeview Dr, Greenville|MX
12450|Linda Williams|555-731-4102|8089 Pine St, Franklin|CO
12451|Jennifer Johnson|555-255-2242|4382 Maple St, Madison|PE
12452|Linda Davis|555-708-6972|214 Maple St, Bristol|CL
12453|Mary Smith|555-590-7286|4999 Cedar Rd, Madison|MX
12454|John Johnson|555-255-9839|5273 Oak Ave, Greenville|CO
12455|Linda Garcia|555-334-2033|6385 Lakeview Dr, Riverside|PE
12456|Patricia Brown|555-482-9893|8158 Pine St, Franklin|CL
12457|Linda Brown|555-849-2765|2381 Pine St, Franklin|MX
12458|Michael Miller|555-328-6872|7238 Main St, Madison|CO
12459|Robert Williams|555-206-8573|8283 Pine St, Madison|PE
12460|Linda Johnson|555-980-7119|7946 Main St, Bristol|CL
12461|James Garcia|555-754-6005|8222 Maple St, Franklin|MX
12462|Jennifer Smith|555-752-1141|7702 Maple St, Franklin|CO
12463|Michael Smith|555-852-7755|2762 Lakeview Dr, Franklin|PE
12464|Robert Jones|555-391-6651|3634 Pine St, Springfield|CL
12465|Mary Smith|555-366-4092|3003 Pine St, Riverside|MX
12466|Michael Williams|555-428-9528|4600 Lakeview Dr, Greenville|CO
12467|John Jones|555-791-3624|4701 Cedar Rd, Madison|PE
12468|Robert Johnson|555-178-9196|3016 Main St, Riverside|CL
12469|Robert Johnson|555-959-2306|4830 Lakeview Dr, Franklin|MX
12470|Patricia Williams|555-218-4372|779 Pine St, Madison|CO
12471|Mary Jones|555-697-3895|6320 Main St, Franklin|PE
12472|James Smith|555-946-4580|3431 Oak Ave, Greenville|CL
12473|John Williams|555-526-6115|4249 Main St, Springfield|MX
12474|John Jones|555-493-9196|8079 Oak Ave, Madison|CO
12475|John Garcia|555-670-6163|111 Lakeview Dr, Greenville|PE
12476|Jennifer Garcia|555-602-7665|7373 Maple St, Greenville|CL
12477|James Johnson|555-332-1811|1666 Lakeview Dr, Franklin|MX
12478|Mary Smith|555-286-5582|1273 Lakeview Dr, Franklin|CO
12479|Jennifer Miller|555-733-1818|4583 Maple St, Springfield|PE
12480|John Smith|555-427-4786|682 Main St, Bristol|CL
12481|Jennifer Johnson|555-295-5368|4747 Main St, Riverside|MX
12482|Michael Smith|555-591-5565|6408 Oak Ave, Greenville|CO
12483|Jennifer Davis|555-340-1688|1350 Maple St, Springfield|PE
12484|Mary Garcia|555-976-5379|413 Cedar Rd, Franklin|CL
12485|Michael Brown|555-949-8660|2015 Cedar Rd, Franklin|MX
12486|James Brown|555-718-5546|1848 Maple St, Madison|CO
12487|Linda Smith|555-754-2938|6045 Lakeview Dr, Springfield|PE
12488|Linda Johnson|555-139-6655|2036 Pine St, Franklin|CL
12489|Mary Brown|555-312-9430|3185 Maple St, Springfield|MX
12490|James Miller|555-464-5606|2008 Lakeview Dr, Franklin|CO
12491|Robert Smith|555-585-7903|5084 Maple St, Franklin|PE
12492|James Garcia|555-954-8037|8262 Main St, Riverside|CL
12493|Michael Brown|555-195-1497|6916 Lakeview Dr, Riverside|MX
12494|Jennifer Garcia|555-808-7149|2078 Main St, Madison|CO
12495|Michael Miller|555-856-1105|9056 Oak Ave, Riverside|PE
12496|Linda Williams|555-304-6263|2413 Cedar Rd, Riverside|CL
12497|Linda Brown|555-503-4605|6690 Lakeview Dr, Bristol|MX
12498|Mary Williams|555-203-2794|8789 Maple St, Madison|CO
12499|Linda Smith|555-656-5985|2177 Main St, Springfield|PE
12500|Robert Davis|555-351-4253|8433 Maple St, Bristol|CL
12501|Linda Miller|555-998-4322|2782 Oak Ave, Springfield|MX
12502|Linda Johnson|555-267-4461|2454 Main St, Franklin|CO
12503|Robert Brown|555-939-4073|7322 Cedar Rd, Riverside|PE
12504|Jennifer Williams|555-970-6560|6888 Pine St, Riverside|CL
12505|Jennifer Johnson|555-273-7002|1302 Main St, Bristol|MX
12506|James Jones|555-265-7277|299 Maple St, Bristol|CO
12507|Robert Johnson|555-685-8503|5044 Main St, Franklin|PE
12508|Michael Brown|555-765-7305|759 Maple St, Bristol|CL
12509|Robert Smith|555-138-7142|940 Cedar Rd, Madison|MX
12510|Mary Davis|555-819-8320|6720 Oak Ave, Franklin|CO
12511|Patricia Smith|555-769-3984|2182 Cedar Rd, Madison|PE
12512|Robert Miller|555-469-6382|6541 Pine St, Franklin|CL
12513|Jennifer Jones|555-617-1629|8056 Pine St, Greenville|MX
12514|Mary Johnson|555-520-5272|1018 Lakeview Dr, Madison|CO
12515|Jennifer Brown|555-659-1212|6680 Oak Ave, Greenville|PE
12516|Patricia Smith|555-913-4225|7557 Cedar Rd, Greenville|CL
12517|Robert Williams|555-491-7627|9837 Maple St, Riverside|MX
12518|Patricia Garcia|555-523-5183|9150 Cedar Rd, Bristol|CO
12519|Patricia Davis|555-526-2153|5739 Lakeview Dr, Madison|PE
12520|James Davis|555-363-6819|6377 Main St, Bristol|CL
12521|Linda Williams|555-640-4707|8054 Main St, Bristol|MX
12522|Jennifer Miller|555-534-8843|7485 Oak Ave, Riverside|CO
12523|John Jones|555-393-6440|8519 Oak Ave, Bristol|PE
12524|Patricia Jones|555-147-7549|3831 Cedar Rd, Greenville|CL
12525|Michael Jones|555-730-6901|1468 Pine St, Bristol|MX
12526|Jennifer Williams|555-751-7047|4919 Oak Ave, Greenville|CO
12527|Jennifer Miller|555-643-3946|6422 Cedar Rd, Greenville|PE
12528|John Brown|555-592-3998|2986 Maple St, Madison|CL
12529|James Davis|555-258-8150|3261 Maple St, Franklin|MX
12530|Patricia Jones|555-419-4042|1891 Main St, Franklin|CO
12531|Linda Smith|555-885-6874|503 Pine St, Franklin|PE
12532|John Johnson|555-944-8410|649 Pine St, Bristol|CL
12533|Patricia Miller|555-222-1148|6070 Maple St, Greenville|MX
12534|Linda Smith|555-791-4992|7603 Cedar Rd, Springfield|CO
12535|Patricia Garcia|555-777-9199|1059 Main St, Riverside|PE
12536|Jennifer Smith|555-602-8787|2634 Maple St, Franklin|CL
12537|Robert Davis|555-229-9527|1722 Maple St, Bristol|MX
12538|John Johnson|555-827-3476|7200 Cedar Rd, Springfield|CO
12539|Mary Miller|555-598-5148|6027 Lakeview Dr, Bristol|PE
12540|Robert Miller|555-840-1755|7301 Maple St, Franklin|CL
12541|Mary Miller|555-780-9548|8400 Cedar Rd, Madison|MX
12542|Patricia Garcia|555-590-9796|7261 Lakeview Dr, Greenville|CO
12543|Mary Smith|555-929-7296|2001 Lakeview Dr, Riverside|PE
12544|Jennifer Jones|555-815-2172|7357 Cedar Rd, Franklin|CL
12545|Jennifer Brown|555-505-8162|2733 Maple St, Greenville|MX
12546|Linda Johnson|555-282-1592|8525 Main St, Greenville|CO
12547|Patricia Davis|555-475-7516|589 Pine St, Madison|PE
12548|Patricia Williams|555-229-8162|8654 Lakeview Dr, Greenville|CL
12549|Linda Jones|555-477-1449|2227 Pine St, Springfield|MX
12550|Patricia Miller|555-302-7593|1433 Pine St, Franklin|CO
12551|James Johnson|555-194-6084|1769 Maple St, Bristol|PE
12552|Michael Brown|555-452-6290|9155 Lakeview Dr, Madison|CL
12553|John Johnson|555-899-6309|6325 Oak Ave, Madison|MX
12554|Patricia Smith|555-186-7236|2675 Oak Ave, Franklin|CO
12555|Michael Brown|555-877-3900|8168 Main St, Riverside|PE
12556|Robert Garcia|555-130-4101|9097 Lakeview Dr, Greenville|CL
12557|Robert Williams|555-313-9600|3244 Oak Ave, Franklin|MX
12558|Robert Brown|555-936-6020|9382 Oak Ave, Bristol|CO
12559|James Garcia|555-892-3868|8434 Main St, Springfield|PE
12560|Linda Jones|555-413-5081|5721 Main St, Springfield|CL
12561|Patricia Smith|555-394-6281|2705 Main St, Greenville|MX
12562|Patricia Smith|555-165-2059|2235 Cedar Rd, Springfield|CO
12563|Michael Miller|555-268-3402|4338 Main St, Riverside|PE
12564|Michael Miller|555-585-6304|757 Cedar Rd, Greenville|CL
12565|Mary Davis|555-797-3648|4345 Cedar Rd, Greenville|MX
12566|John Davis|555-656-1837|9844 Cedar Rd, Springfield|CO
12567|John Garcia|555-167-3650|2784 Lakeview Dr, Madison|PE
12568|Robert Miller|555-875-4283|2917 Lakeview Dr, Franklin|CL
12569|Patricia Jones|555-999-7670|1984 Oak Ave, Franklin|MX
12570|James Johnson|555-396-4099|6324 Maple St, Bristol|CO
12571|Jennifer Davis|555-309-1039|6511 Maple St, Bristol|PE
12572|Michael Brown|555-594-2914|6804 Pine St, Madison|CL
12573|Michael Williams|555-888-4656|618 Oak Ave, Greenville|MX
12574|Jennifer Brown|555-846-1644|7050 Oak Ave, Madison|CO
12575|Robert Smith|555-371-5110|5564 Pine St, Greenville|PE
12576|Mary Smith|555-650-1515|8477 Oak Ave, Springfield|CL
12577|James Williams|555-768-2968|6219 Lakeview Dr, Franklin|MX
12578|Michael Williams|555-744-5992|3079 Maple St, Bristol|CO
12579|Robert Johnson|555-217-3876|917 Main St, Riverside|PE
12580|Michael Williams|555-596-7782|2739 Lakeview Dr, Bristol|CL
12581|Jennifer Johnson|555-645-6774|3984 Main St, Springfield|MX
12582|James Williams|555-969-6415|4385 Maple St, Greenville|CO
12583|Mary Jones|555-889-7283|5944 Cedar Rd, Franklin|PE
12584|James Davis|555-166-8768|8173 Lakeview Dr, Springfield|CL
12585|Linda Smith|555-176-1654|2347 Pine St, Bristol|MX
12586|John Brown|555-936-1257|9799 Lakeview Dr, Springfield|CO
12587|Michael Smith|555-429-1447|5235 Maple St, Springfield|PE
12588|Jennifer Johnson|555-662-6239|4442 Lakeview Dr, Riverside|CL
12589|Jennifer Jones|555-841-2016|6978 Pine St, Springfield|MX
12590|Patricia Williams|555-628-7035|3800 Oak Ave, Bristol|CO
12591|Mary Davis|555-518-4845|4305 Maple St, Riverside|PE
12592|Jennifer Miller|555-180-3855|6086 Oak Ave, Bristol|CL
12593|Michael Jones|555-830-5000|5126 Pine St, Madison|MX
12594|Robert Miller|555-915-7261|7641 Lakeview Dr, Riverside|CO
12595|James Brown|555-547-8755|1677 Pine St, Madison|PE
12596|Mary Brown|555-259-4495|576 Oak Ave, Springfield|CL
12597|James Miller|555-413-7611|3400 Pine St, Greenville|MX
12598|Mary Jones|555-802-2793|6387 Lakeview Dr, Greenville|CO
12599|Michael Johnson|555-480-5372|4526 Maple St, Greenville|PE
12600|Mary Miller|555-615-3612|3667 Cedar Rd, Springfield|CL
12601|Linda Davis|555-154-5132|1336 Oak Ave, Madison|MX
12602|Michael Johnson|555-875-1366|7578 Maple St, Riverside|CO
12603|John Garcia|555-408-6276|8063 Main St, Bristol|PE
12604|Robert Smith|555-139-7049|4543 Cedar Rd, Greenville|CL
12605|Linda Johnson|555-268-9676|1510 Maple St, Bristol|MX
12606|Patricia Garcia|555-295-1234|8969 Oak Ave, Springfield|CO
12607|John Miller|555-707-1975|5887 Pine St, Springfield|PE
12608|Michael Garcia|555-826-1863|2998 Lakeview Dr, Madison|CL
12609|Jennifer Davis|555-486-6858|5728 Lakeview Dr, Springfield|MX
12610|Jennifer Smith|555-378-3887|8903 Main St, Bristol|CO
12611|James Brown|555-713-7260|5692 Oak Ave, Madison|PE
12612|Jennifer Johnson|555-230-5971|2498 Cedar Rd, Bristol|CL
12613|John Davis|555-374-7117|7953 Oak Ave, Madison|MX
12614|Mary Miller|555-527-7517|1004 Oak Ave, Riverside|CO
12615|Robert Smith|555-615-1934|3764 Oak Ave, Franklin|PE
12616|Robert Smith|555-480-7236|9146 Main St, Franklin|CL
12617|Jennifer Brown|555-514-5820|6185 Maple St, Springfield|MX
12618|James Jones|555-244-4651|1457 Oak Ave, Springfield|CO
12619|James Johnson|555-241-6666|2034 Pine St, Madison|PE
12620|Linda Miller|555-235-4064|146 Maple St, Bristol|CL
12621|Michael Davis|555-711-1871|4267 Maple St, Greenville|MX
12622|John Brown|555-658-4017|6519 Oak Ave, Riverside|CO
12623|Michael Johnson|555-566-3008|9563 Maple St, Bristol|PE
12624|Michael Williams|555-509-9110|5262 Main St, Bristol|CL
12625|James Brown|555-952-3562|1127 Maple St, Springfield|MX
12626|Mary Davis|555-631-8156|6163 Pine St, Riverside|CO
12627|Robert Brown|555-173-4008|2248 Lakeview Dr, Bristol|PE
12628|John Davis|555-661-3672|4284 Cedar Rd, Springfield|CL
12629|Jennifer Smith|555-574-6769|2089 Cedar Rd, Madison|MX
12630|John Williams|555-668-2850|2947 Main St, Franklin|CO
12631|John Davis|555-890-6186|1133 Cedar Rd, Franklin|PE
12632|Linda Miller|555-507-6975|4341 Pine St, Franklin|CL
12633|Robert Johnson|555-730-4184|9996 Lakeview Dr, Madison|MX
12634|Jennifer Garcia|555-302-6416|9569 Main St, Springfield|CO
12635|Jennifer Brown|555-607-1131|8376 Main St, Greenville|PE
12636|Patricia Smith|555-476-5377|8680 Cedar Rd, Madison|CL
12637|Patricia Jones|555-418-4936|8476 Pine St, Franklin|MX
12638|Jennifer Garcia|555-288-1045|3755 Pine St, Bristol|CO
12639|Robert Davis|555-870-2056|988 Oak Ave, Madison|PE
12640|Mary Smith|555-987-1684|8250 Pine St, Franklin|CL
12641|Robert Jones|555-628-4117|4917 Cedar Rd, Springfield|MX
12642|Robert Garcia|555-644-5276|8542 Pine St, Riverside|CO
12643|John Miller|555-829-7383|4059 Maple St, Bristol|PE
12644|James Brown|555-344-1537|5875 Oak Ave, Madison|CL
12645|Michael Brown|555-712-2418|3664 Oak Ave, Madison|MX
12646|Michael Jones|555-827-1468|4839 Oak Ave, Riverside|CO
12647|Michael Garcia|555-140-5260|3548 Oak Ave, Riverside|PE
12648|Jennifer Johnson|555-649-1048|3742 Maple St, Riverside|CL
12649|John Garcia|555-774-9624|9572 Pine St, Madison|MX
12650|Patricia Miller|555-802-2733|5626 Lakeview Dr, Springfield|CO
12651|Mary Jones|555-287-4801|4073 Cedar Rd, Springfield|PE
12652|Patricia Garcia|555-402-6930|1729 Cedar Rd, Franklin|CL
12653|Mary Garcia|555-131-6145|2264 Main St, Franklin|MX
12654|Patricia Brown|555-653-2936|2933 Cedar Rd, Madison|CO
12655|Patricia Williams|555-666-9061|4214 Lakeview Dr, Madison|PE
12656|Michael Jones|555-223-7579|9600 Maple St, Springfield|CL
12657|Robert Brown|555-421-3146|1305 Cedar Rd, Riverside|MX
12658|John Garcia|555-975-8934|8755 Pine St, Greenville|CO
12659|Robert Miller|555-983-2361|2250 Main St, Greenville|PE
12660|Robert Garcia|555-290-3270|6080 Main St, Riverside|CL
12661|Michael Williams|555-105-3068|2388 Lakeview Dr, Franklin|MX
12662|Linda Brown|555-618-3953|6252 Main St, Madison|CO
12663|John Jones|555-799-8543|1100 Main St, Greenville|PE
12664|Patricia Miller|555-571-6751|5745 Pine St, Madison|CL
12665|Michael Garcia|555-783-5747|8411 Maple St, Springfield|MX
12666|Robert Williams|555-453-1695|362 Main St, Greenville|CO
12667|John Williams|555-537-6925|9962 Cedar Rd, Springfield|PE
12668|Mary Johnson|555-473-2410|9127 Cedar Rd, Bristol|CL
12669|Mary Brown|555-241-2017|3726 Lakeview Dr, Riverside|MX
12670|Mary Davis|555-704-3588|4184 Main St, Bristol|CO
12671|James Miller|555-107-6458|8062 Lakeview Dr, Riverside|PE
12672|Jennifer Miller|555-234-7820|4691 Cedar Rd, Greenville|CL
12673|John Davis|555-265-7548|7742 Lakeview Dr, Riverside|MX
12674|Robert Miller|555-620-8517|4194 Maple St, Bristol|CO
12675|Patricia Williams|555-525-6995|5994 Maple St, Greenville|PE
12676|Michael Miller|555-926-5220|8281 Cedar Rd, Madison|CL
12677|Linda Davis|555-420-8058|9333 Maple St, Madison|MX
12678|Robert Williams|555-760-6877|8289 Pine St, Springfield|CO
12679|Robert Johnson|555-813-1484|3016 Cedar Rd, Springfield|PE
12680|John Brown|555-174-3417|4377 Main St, Bristol|CL
12681|Jennifer Brown|555-721-8266|9034 Pine St, Bristol|MX
12682|Linda Brown|555-251-5484|4740 Main St, Riverside|CO
12683|Mary Garcia|555-357-5058|5488 Main St, Bristol|PE
12684|Linda Smith|555-676-5112|1694 Cedar Rd, Franklin|CL
12685|Linda Williams|555-718-6164|6372 Pine St, Greenville|MX
12686|Robert Smith|555-718-9523|9568 Maple St, Springfield|CO
12687|Robert Williams|555-528-9986|149 Oak Ave, Greenville|PE
12688|John Smith|555-689-3701|406 Cedar Rd, Franklin|CL
12689|Patricia Garcia|555-252-2970|2263 Main St, Franklin|MX
12690|Jennifer Davis|555-582-3411|635 Cedar Rd, Springfield|CO
12691|Linda Johnson|555-166-4766|2994 Pine St, Riverside|PE
12692|John Johnson|555-665-4520|3672 Pine St, Riverside|CL
12693|Patricia Brown|555-872-4825|8263 Lakeview Dr, Bristol|MX
12694|James Johnson|555-448-5485|1210 Main St, Riverside|CO
12695|Patricia Jones|555-774-4092|4936 Main St, Madison|PE
12696|Jennifer Garcia|555-707-6575|9266 Lakeview Dr, Springfield|CL
12697|Mary Jones|555-721-3877|3164 Maple St, Franklin|MX
12698|Robert Jones|555-236-1074|1127 Oak Ave, Riverside|CO
12699|Jennifer Miller|555-578-2594|5142 Cedar Rd, Greenville|PE
12700|Michael Miller|555-385-4138|2985 Maple St, Riverside|CL
12701|Patricia Johnson|555-850-2555|2139 Pine St, Madison|MX
12702|Mary Jones|555-829-7863|9873 Pine St, Greenville|CO
12703|Mary Davis|555-309-2657|7656 Lakeview Dr, Bristol|PE
12704|Patricia Jones|555-973-7468|3778 Maple St, Bristol|CL
12705|James Brown|555-577-9037|5322 Main St, Greenville|MX
12706|Michael Williams|555-457-7078|1974 Maple St, Franklin|CO
12707|James Johnson|555-902-1372|4405 Pine St, Bristol|PE
12708|John Davis|555-683-5265|2883 Main St, Riverside|CL
12709|Jennifer Williams|555-512-7145|6102 Pine St, Springfield|MX
12710|Linda Smith|555-922-4950|3781 Main St, Madison|CO
12711|Robert Smith|555-966-4706|2640 Oak Ave, Greenville|PE
12712|Robert Miller|555-631-9268|8095 Maple St, Madison|CL
12713|Patricia Davis|555-987-1895|9075 Lakeview Dr, Franklin|MX
12714|Patricia Brown|555-921-7945|1957 Oak Ave, Madison|CO
12715|Mary Garcia|555-743-2658|6268 Maple St, Franklin|PE
12716|Michael Williams|555-827-4365|6880 Maple St, Franklin|CL
12717|Jennifer Davis|555-499-4910|3777 Cedar Rd, Riverside|MX
12718|Jennifer Miller|555-662-1374|3942 Oak Ave, Bristol|CO
12719|James Davis|555-714-2500|7094 Pine St, Greenville|PE
12720|James Brown|555-807-6344|752 Main St, Bristol|CL
12721|Michael Williams|555-657-9247|6569 Oak Ave, Springfield|MX
12722|Michael Smith|555-461-9210|8454 Maple St, Bristol|CO
12723|John Miller|555-652-2082|4220 Pine St, Franklin|PE
12724|Robert Davis|555-461-3425|8703 Main St, Riverside|CL
12725|Mary Garcia|555-191-5342|8714 Lakeview Dr, Greenville|MX
12726|Linda Brown|555-418-9939|5070 Cedar Rd, Bristol|CO
12727|Mary Davis|555-502-4724|9592 Maple St, Franklin|PE
12728|Mary Garcia|555-940-1658|395 Oak Ave, Greenville|CL
12729|Jennifer Garcia|555-757-9066|7828 Main St, Madison|MX
12730|Michael Williams|555-498-3785|3138 Oak Ave, Greenville|CO
12731|Mary Garcia|555-912-1001|3305 Pine St, Franklin|PE
12732|Mary Jones|555-197-8488|556 Pine St, Springfield|CL
12733|Linda Brown|555-476-5655|1730 Pine St, Greenville|MX
12734|Robert Jones|555-796-3841|496 Main St, Riverside|CO
12735|John Davis|555-916-1261|190 Lakeview Dr, Springfield|PE
12736|Michael Smith|555-271-9462|3514 Main St, Franklin|CL
12737|James Jones|555-464-5704|1055 Lakeview Dr, Springfield|MX
12738|James Garcia|555-666-6013|7461 Maple St, Madison|CO
12739|Patricia Smith|555-947-9291|6912 Lakeview Dr, Bristol|PE
12740|Jennifer Williams|555-347-5389|3284 Maple St, Riverside|CL
12741|Robert Johnson|555-877-8526|524 Maple St, Greenville|MX
12742|Patricia Brown|555-135-9721|2207 Cedar Rd, Riverside|CO
12743|Robert Garcia|555-269-6765|7489 Maple St, Springfield|PE
12744|John Garcia|555-845-1033|2248 Maple St, Madison|CL
12745|Robert Jones|555-986-8636|9668 Lakeview Dr, Bristol|MX
12746|Mary Jones|555-862-3619|4639 Oak Ave, Springfield|CO
12747|Patricia Davis|555-301-9765|7450 Oak Ave, Madison|PE
12748|James Garcia|555-636-1827|2395 Lakeview Dr, Greenville|CL
12749|Mary Brown|555-473-3432|2194 Oak Ave, Madison|MX
12750|Robert Brown|555-557-7359|9011 Cedar Rd, Greenville|CO
12751|Jennifer Williams|555-133-5073|730 Maple St, Franklin|PE
12752|Patricia Brown|555-663-6242|9831 Main St, Springfield|CL
12753|Mary Williams|555-986-6870|1892 Maple St, Bristol|MX
12754|Robert Garcia|555-583-4087|9875 Pine St, Madison|CO
12755|Michael Brown|555-872-6417|717 Lakeview Dr, Springfield|PE
12756|Michael Davis|555-547-3455|551 Cedar Rd, Riverside|CL
12757|Mary Davis|555-524-1558|4406 Cedar Rd, Springfield|MX
12758|John Brown|555-827-2844|8419 Main St, Franklin|CO
12759|John Jones|555-168-7858|7857 Lakeview Dr, Madison|PE
12760|Robert Miller|555-380-1163|4834 Lakeview Dr, Bristol|CL
12761|James Garcia|555-611-2230|6829 Lakeview Dr, Madison|MX
12762|Linda Brown|555-265-2889|1394 Cedar Rd, Springfield|CO
12763|Robert Garcia|555-181-5659|2900 Oak Ave, Greenville|PE
12764|Linda Johnson|555-120-5140|734 Pine St, Madison|CL
12765|Jennifer Williams|555-459-9890|9540 Lakeview Dr, Franklin|MX
12766|Jennifer Miller|555-177-5607|8643 Maple St, Madison|CO
12767|James Smith|555-245-7399|3361 Cedar Rd, Greenville|PE
12768|John Williams|555-432-6596|2228 Main St, Springfield|CL
12769|John Smith|555-398-4565|7831 Maple St, Springfield|MX
12770|Mary Jones|555-942-5877|2249 Pine St, Franklin|CO
12771|James Jones|555-341-7822|4043 Pine St, Bristol|PE
12772|John Johnson|555-581-4533|8440 Main St, Springfield|CL
12773|James Jones|555-897-1367|2260 Lakeview Dr, Madison|MX
12774|Jennifer Williams|555-665-9078|1742 Pine St, Bristol|CO
12775|Michael Johnson|555-154-7916|1562 Main St, Madison|PE
12776|Linda Garcia|555-337-2048|158 Maple St, Springfield|CL
12777|Mary Johnson|555-972-3369|6741 Main St, Springfield|MX
12778|John Jones|555-960-9638|6050 Oak Ave, Greenville|CO
12779|James Brown|555-725-9266|1062 Maple St, Franklin|PE
12780|Mary Johnson|555-402-2806|5953 Oak Ave, Greenville|CL
12781|Linda Brown|555-316-5262|9749 Maple St, Madison|MX
12782|Michael Smith|555-866-4462|3325 Maple St, Madison|CO
12783|Patricia Miller|555-240-7186|6553 Pine St, Riverside|PE
12784|Jennifer Davis|555-665-2499|2391 Main St, Greenville|CL
12785|Mary Smith|555-908-4467|6160 Oak Ave, Springfield|MX
12786|Michael Davis|555-404-3823|5569 Main St, Franklin|CO
12787|Mary Smith|555-703-5764|8899 Oak Ave, Greenville|PE
12788|James Miller|555-202-9936|527 Pine St, Franklin|CL
12789|John Davis|555-475-3012|5000 Oak Ave, Madison|MX
12790|James Williams|555-881-1167|4899 Maple St, Franklin|CO
12791|James Smith|555-309-3946|5657 Maple St, Springfield|PE
12792|Mary Williams|555-707-6875|3622 Oak Ave, Riverside|CL
12793|Michael Johnson|555-586-3088|6863 Maple St, Madison|MX
12794|Mary Smith|555-225-8742|8009 Main St, Madison|CO
12795|Patricia Miller|555-317-9395|2515 Main St, Madison|PE
12796|Patricia Davis|555-953-3664|8862 Cedar Rd, Springfield|CL
12797|Michael Miller|555-679-5005|2907 Pine St, Franklin|MX
12798|James Williams|555-666-5939|5548 Lakeview Dr, Franklin|CO
12799|Robert Brown|555-631-3667|9207 Cedar Rd, Riverside|PE
12800|Patricia Miller|555-271-2538|1553 Pine St, Madison|CL
12801|Linda Williams|555-473-6038|7755 Cedar Rd, Madison|MX
12802|Patricia Davis|555-895-9974|871 Main St, Riverside|CO
12803|John Williams|555-517-1040|1244 Maple St, Springfield|PE
12804|Mary Smith|555-264-7260|5444 Cedar Rd, Greenville|CL
12805|Jennifer Davis|555-198-9076|4587 Main St, Franklin|MX
12806|Linda Smith|555-562-8102|4853 Pine St, Springfield|CO
12807|Linda Garcia|555-449-6414|5258 Pine St, Greenville|PE
12808|Jennifer Miller|555-596-5274|8727 Cedar Rd, Greenville|CL
12809|John Johnson|555-382-2759|3029 Cedar Rd, Greenville|MX
12810|Patricia Smith|555-738-4268|699 Pine St, Greenville|CO
12811|Robert Jones|555-740-2010|1615 Lakeview Dr, Madison|PE
12812|James Johnson|555-627-4090|4324 Main St, Bristol|CL
12813|John Smith|555-993-8714|4756 Oak Ave, Riverside|MX
12814|Linda Miller|555-565-2286|7402 Lakeview Dr, Greenville|CO
12815|Mary Miller|555-455-2732|4796 Maple St, Madison|PE
12816|John Johnson|555-740-2369|3912 Main St, Greenville|CL
12817|Linda Williams|555-195-6126|8029 Pine St, Greenville|MX
12818|John Johnson|555-757-5577|1333 Main St, Riverside|CO
12819|John Johnson|555-553-1211|1555 Main St, Franklin|PE
12820|Michael Brown|555-801-4918|6222 Cedar Rd, Springfield|CL
12821|Jennifer Garcia|555-739-9474|7081 Lakeview Dr, Madison|MX
12822|Michael Williams|555-497-1170|5589 Main St, Franklin|CO
12823|Michael Jones|555-607-3282|5664 Oak Ave, Greenville|PE
12824|Patricia Brown|555-801-2579|6647 Pine St, Madison|CL
12825|Linda Jones|555-600-8173|4346 Lakeview Dr, Franklin|MX
12826|Mary Jones|555-966-4767|5284 Cedar Rd, Madison|CO
12827|Patricia Garcia|555-165-6990|8658 Main St, Madison|PE
12828|Michael Jones|555-272-5017|2112 Maple St, Madison|CL
12829|Mary Smith|555-301-8468|8212 Maple St, Greenville|MX
12830|Jennifer Garcia|555-691-4353|1228 Lakeview Dr, Bristol|CO
12831|Jennifer Miller|555-926-6177|6088 Maple St, Riverside|PE
12832|Robert Jones|555-628-1905|2929 Main St, Madison|CL
12833|Mary Williams|555-877-8085|215 Maple St, Bristol|MX
12834|Michael Williams|555-972-7460|400 Lakeview Dr, Riverside|CO
12835|Linda Brown|555-436-7828|279 Lakeview Dr, Franklin|PE
12836|James Johnson|555-888-8972|7129 Lakeview Dr, Springfield|CL
12837|Linda Jones|555-115-5046|9862 Cedar Rd, Riverside|MX
12838|Linda Garcia|555-716-1421|2087 Main St, Madison|CO
12839|James Williams|555-787-8446|4513 Cedar Rd, Bristol|PE
12840|James Davis|555-160-8289|3754 Main St, Franklin|CL
12841|Linda Brown|555-771-3380|6742 Maple St, Franklin|MX
12842|James Smith|555-906-2746|275 Pine St, Greenville|CO
12843|Patricia Garcia|555-341-7488|5226 Maple St, Greenville|PE
12844|James Johnson|555-488-9921|9455 Lakeview Dr, Greenville|CL
12845|Michael Miller|555-944-7835|9197 Oak Ave, Franklin|MX
12846|Michael Williams|555-866-3117|9491 Cedar Rd, Madison|CO
12847|Patricia Garcia|555-272-2891|5794 Pine St, Bristol|PE
12848|Patricia Jones|555-520-2009|5274 Oak Ave, Springfield|CL
12849|Jennifer Davis|555-647-1432|1031 Main St, Greenville|MX
12850|Linda Johnson|555-949-3094|6738 Oak Ave, Riverside|CO
12851|Robert Smith|555-816-8765|2599 Main St, Franklin|PE
12852|Jennifer Brown|555-535-5144|1157 Main St, Springfield|CL
12853|Michael Williams|555-294-4372|2801 Main St, Springfield|MX
12854|John Garcia|555-606-6219|4169 Cedar Rd, Riverside|CO
12855|John Davis|555-809-5393|2265 Lakeview Dr, Franklin|PE
12856|Linda Johnson|555-653-5732|9609 Pine St, Madison|CL
12857|Michael Miller|555-539-3616|5233 Lakeview Dr, Springfield|MX
12858|John Miller|555-376-5523|6452 Main St, Madison|CO
12859|Michael Smith|555-601-1452|7477 Oak Ave, Bristol|PE
12860|Patricia Jones|555-246-1593|3232 Cedar Rd, Springfield|CL
12861|James Garcia|555-514-7019|7780 Cedar Rd, Franklin|MX
12862|Michael Brown|555-558-9611|5585 Cedar Rd, Madison|CO
12863|James Smith|555-213-6297|9144 Lakeview Dr, Bristol|PE
12864|Mary Williams|555-704-5646|2040 Main St, Madison|CL
12865|Michael Miller|555-911-9557|1899 Main St, Madison|MX
12866|Mary Davis|555-554-5750|4597 Lakeview Dr, Greenville|CO
12867|Robert Garcia|555-337-1329|8394 Oak Ave, Franklin|PE
12868|Mary Brown|555-654-5308|9931 Oak Ave, Madison|CL
12869|Robert Miller|555-534-9673|9402 Pine St, Franklin|MX
12870|John Jones|555-277-5415|6010 Maple St, Greenville|CO
12871|Jennifer Johnson|555-772-7794|157 Cedar Rd, Bristol|PE
12872|Mary Williams|555-990-2054|930 Main St, Franklin|CL
12873|Linda Smith|555-146-6875|4293 Cedar Rd, Madison|MX
12874|Robert Davis|555-209-1985|6156 Main St, Riverside|CO
12875|Patricia Brown|555-159-6425|8646 Cedar Rd, Franklin|PE
12876|Linda Smith|555-671-7158|4936 Lakeview Dr, Greenville|CL
12877|Patricia Garcia|555-459-5922|9432 Oak Ave, Bristol|MX
12878|Patricia Davis|555-777-3176|2257 Pine St, Franklin|CO
12879|Robert Brown|555-862-4250|5199 Cedar Rd, Riverside|PE
12880|James Miller|555-264-4828|7500 Lakeview Dr, Bristol|CL
12881|Michael Miller|555-762-7118|6964 Main St, Greenville|MX
12882|Patricia Smith|555-103-6910|1139 Cedar Rd, Bristol|CO
12883|Michael Garcia|555-295-5821|6386 Cedar Rd, Riverside|PE
12884|Robert Williams|555-623-6389|1542 Maple St, Riverside|CL
12885|Robert Brown|555-106-5274|4465 Main St, Madison|MX
12886|Jennifer Garcia|555-334-5159|897 Cedar Rd, Franklin|CO
12887|Robert Smith|555-379-2412|8488 Pine St, Riverside|PE
12888|Linda Davis|555-253-2224|6681 Cedar Rd, Riverside|CL
12889|James Garcia|555-595-1993|6266 Oak Ave, Madison|MX
12890|Michael Smith|555-470-5088|148 Maple St, Madison|CO
12891|John Brown|555-441-2352|8115 Maple St, Springfield|PE
12892|John Brown|555-616-7680|979 Pine St, Greenville|CL
12893|James Miller|555-454-7770|7434 Main St, Madison|MX
12894|John Johnson|555-986-1874|5210 Cedar Rd, Franklin|CO
12895|John Garcia|555-554-8938|684 Main St, Franklin|PE
12896|Linda Johnson|555-520-1708|5337 Maple St, Bristol|CL
12897|Michael Johnson|555-288-1445|8764 Lakeview Dr, Springfield|MX
12898|Michael Davis|555-979-5559|9041 Cedar Rd, Franklin|CO
12899|John Davis|555-921-9033|1412 Maple St, Bristol|PE
12900|Robert Davis|555-578-1603|4290 Lakeview Dr, Riverside|CL
12901|Robert Jones|555-863-5898|4728 Main St, Greenville|MX
12902|Michael Johnson|555-308-4469|4247 Lakeview Dr, Springfield|CO
12903|Michael Garcia|555-558-6156|5214 Maple St, Riverside|PE
12904|Michael Williams|555-557-2585|8921 Oak Ave, Greenville|CL
12905|Patricia Davis|555-896-8330|9383 Maple St, Springfield|MX
12906|Patricia Jones|555-393-4039|1875 Oak Ave, Riverside|CO
12907|Jennifer Brown|555-307-6238|8288 Cedar Rd, Bristol|PE
12908|John Smith|555-751-3741|8244 Pine St, Springfield|CL
12909|Michael Brown|555-261-5356|9803 Lakeview Dr, Bristol|MX
12910|Patricia Brown|555-709-1577|744 Main St, Greenville|CO
12911|James Garcia|555-521-4655|3231 Lakeview Dr, Springfield|PE
12912|Mary Johnson|555-884-8026|8528 Lakeview Dr, Springfield|CL
12913|Mary Brown|555-100-6830|3171 Cedar Rd, Bristol|MX
12914|John Johnson|555-941-8872|9875 Cedar Rd, Riverside|CO
12915|Jennifer Williams|555-717-5868|9121 Maple St, Greenville|PE
12916|Patricia Brown|555-139-7072|149 Oak Ave, Madison|CL
12917|Michael Jones|555-505-1138|2515 Oak Ave, Riverside|MX
12918|James Garcia|555-789-7770|273 Maple St, Bristol|CO
12919|James Garcia|555-872-4303|5354 Maple St, Springfield|PE
12920|John Davis|555-310-7004|8604 Lakeview Dr, Springfield|CL
12921|Linda Garcia|555-391-3645|9614 Maple St, Franklin|MX
12922|John Smith|555-702-9738|6256 Oak Ave, Bristol|CO
12923|Linda Johnson|555-586-1372|2063 Lakeview Dr, Franklin|PE
12924|Jennifer Garcia|555-961-5673|5197 Lakeview Dr, Greenville|CL
12925|Mary Garcia|555-234-5064|5612 Lakeview Dr, Greenville|MX
12926|James Jones|555-286-4081|2496 Lakeview Dr, Greenville|CO
12927|Patricia Smith|555-183-4321|1722 Pine St, Riverside|PE
12928|Mary Smith|555-842-9448|2749 Pine St, Springfield|CL
12929|Linda Smith|555-934-9219|5372 Main St, Madison|MX
12930|Linda Brown|555-471-8906|5453 Maple St, Greenville|CO
12931|John Miller|555-198-8428|8863 Maple St, Madison|PE
12932|Jennifer Johnson|555-744-4817|4023 Cedar Rd, Bristol|CL
12933|Patricia Smith|555-474-8087|5047 Oak Ave, Springfield|MX
12934|James Brown|555-898-3126|3607 Main St, Bristol|CO
12935|Robert Williams|555-121-8403|594 Main St, Madison|PE
12936|Michael Williams|555-486-4644|5204 Maple St, Greenville|CL
12937|Michael Johnson|555-592-4149|6284 Main St, Riverside|MX
12938|Jennifer Williams|555-490-9273|1231 Oak Ave, Greenville|CO
12939|Patricia Smith|555-213-6177|2367 Maple St, Bristol|PE
12940|Mary Williams|555-502-9230|4683 Cedar Rd, Bristol|CL
12941|Patricia Johnson|555-309-7129|8661 Oak Ave, Greenville|MX
12942|Michael Williams|555-409-5711|823 Main St, Bristol|CO
12943|Michael Davis|555-679-3789|5038 Lakeview Dr, Springfield|PE
12944|Jennifer Williams|555-946-6748|7781 Pine St, Madison|CL
12945|John Miller|555-256-5549|8140 Cedar Rd, Bristol|MX
12946|John Davis|555-449-6138|2809 Cedar Rd, Springfield|CO
12947|James Johnson|555-537-8464|3419 Oak Ave, Bristol|PE
12948|James Smith|555-685-2703|5216 Main St, Franklin|CL
12949|Robert Davis|555-755-6360|2865 Oak Ave, Springfield|MX
12950|John Jones|555-513-7186|6759 Maple St, Springfield|CO
12951|James Johnson|555-769-5714|4614 Pine St, Riverside|PE
12952|Robert Garcia|555-871-4102|2684 Cedar Rd, Springfield|CL
12953|Michael Garcia|555-171-7092|7122 Maple St, Greenville|MX
12954|John Williams|555-973-2066|6054 Cedar Rd, Springfield|CO
12955|Mary Jones|555-936-6142|8101 Cedar Rd, Madison|PE
12956|Mary Brown|555-934-6359|1219 Lakeview Dr, Riverside|CL
12957|John Johnson|555-208-8258|5707 Cedar Rd, Riverside|MX
12958|Mary Williams|555-465-4926|2448 Oak Ave, Bristol|CO
12959|James Davis|555-578-9831|2420 Cedar Rd, Springfield|PE
12960|Patricia Jones|555-340-1256|1285 Lakeview Dr, Bristol|CL
12961|James Garcia|555-327-3846|3366 Pine St, Madison|MX
12962|Robert Johnson|555-855-2108|2769 Cedar Rd, Bristol|CO
12963|Patricia Smith|555-147-6179|3122 Maple St, Madison|PE
12964|Jennifer Garcia|555-390-4801|669 Cedar Rd, Springfield|CL
12965|Jennifer Smith|555-991-1183|4734 Lakeview Dr, Bristol|MX
12966|Jennifer Smith|555-174-6829|164 Pine St, Madison|CO
12967|Robert Williams|555-299-4188|1582 Oak Ave, Bristol|PE
12968|Linda Miller|555-132-7076|5792 Cedar Rd, Franklin|CL
12969|Robert Williams|555-570-6664|4929 Cedar Rd, Madison|MX
12970|Mary Johnson|555-204-9162|1035 Cedar Rd, Madison|CO
12971|Jennifer Johnson|555-672-5622|7711 Maple St, Bristol|PE
12972|Mary Miller|555-610-4061|4103 Oak Ave, Bristol|CL
12973|Robert Davis|555-902-4355|273 Maple St, Springfield|MX
12974|Michael Brown|555-497-4969|2737 Lakeview Dr, Bristol|CO
12975|Patricia Williams|555-463-4312|4092 Lakeview Dr, Greenville|PE
12976|John Jones|555-505-4282|5479 Cedar Rd, Madison|CL
12977|James Smith|555-619-2635|3529 Lakeview Dr, Franklin|MX
12978|Mary Williams|555-949-8483|3253 Main St, Riverside|CO
12979|Patricia Garcia|555-421-6911|7673 Main St, Franklin|PE
12980|James Johnson|555-483-4964|1146 Pine St, Springfield|CL
12981|Jennifer Davis|555-324-5543|3704 Oak Ave, Madison|MX
12982|James Davis|555-727-7118|4375 Maple St, Franklin|CO
12983|Mary Smith|555-424-1877|1062 Cedar Rd, Madison|PE
12984|Linda Williams|555-273-5370|9441 Pine St, Riverside|CL
12985|John Johnson|555-548-4108|6531 Maple St, Riverside|MX
12986|Mary Williams|555-630-2112|1262 Maple St, Springfield|CO
12987|Michael Johnson|555-752-5038|8121 Cedar Rd, Madison|PE
12988|Robert Smith|555-885-5961|1122 Pine St, Madison|CL
12989|Linda Jones|555-352-9859|7552 Oak Ave, Riverside|MX
12990|Robert Davis|555-570-8594|8296 Oak Ave, Madison|CO
12991|Michael Johnson|555-538-6760|160 Pine St, Riverside|PE
12992|Mary Davis|555-920-2798|3819 Oak Ave, Greenville|CL
12993|John Miller|555-453-1238|2209 Lakeview Dr, Greenville|MX
12994|Linda Miller|555-513-7666|6652 Cedar Rd, Bristol|CO
12995|Patricia Brown|555-134-1099|7524 Pine St, Bristol|PE
12996|Patricia Jones|555-637-2327|2202 Pine St, Riverside|CL
12997|Michael Brown|555-846-1383|8194 Oak Ave, Greenville|MX
12998|Michael Smith|555-886-6364|5867 Main St, Franklin|CO
12999|Linda Garcia|555-897-4953|941 Cedar Rd, Madison|PE
13000|Robert Johnson|555-938-3925|6581 Cedar Rd, Bristol|CL
13001|Michael Miller|555-716-7865|5049 Maple St, Madison|MX
13002|Patricia Brown|555-863-5388|521 Main St, Madison|CO
13003|James Davis|555-704-7766|6977 Main St, Bristol|PE
13004|James Davis|555-765-2428|2278 Pine St, Franklin|CL
13005|Jennifer Johnson|555-760-6795|2777 Pine St, Franklin|MX
13006|James Jones|555-575-8553|4808 Pine St, Greenville|CO
13007|Patricia Jones|555-195-1547|3789 Oak Ave, Madison|PE
13008|Linda Jones|555-694-2261|6933 Cedar Rd, Madison|CL
13009|Michael Smith|555-310-7713|3685 Maple St, Bristol|MX
13010|Mary Garcia|555-536-3257|3673 Oak Ave, Greenville|CO
13011|John Miller|555-817-1094|6156 Lakeview Dr, Madison|PE
13012|Jennifer Jones|555-896-7424|572 Pine St, Franklin|CL
13013|Robert Johnson|555-921-3793|2966 Oak Ave, Greenville|MX
13014|Robert Davis|555-497-9217|3186 Oak Ave, Riverside|CO
13015|Robert Miller|555-961-9103|4002 Maple St, Springfield|PE
13016|Patricia Johnson|555-491-7706|1942 Pine St, Bristol|CL
13017|John Garcia|555-608-8258|1313 Main St, Greenville|MX
13018|James Miller|555-495-3420|2363 Pine St, Riverside|CO
13019|Robert Miller|555-671-5027|8344 Maple St, Springfield|PE
13020|Mary Brown|555-356-4771|8007 Oak Ave, Madison|CL
13021|John Brown|555-410-5029|8756 Maple St, Bristol|MX
13022|James Johnson|555-153-5926|3341 Oak Ave, Greenville|CO
13023|Patricia Johnson|555-202-5123|2915 Pine St, Riverside|PE
13024|Michael Johnson|555-674-1129|1455 Maple St, Springfield|CL
13025|Michael Brown|555-872-2361|4317 Cedar Rd, Madison|MX
13026|Linda Jones|555-843-3220|8806 Oak Ave, Franklin|CO
13027|John Miller|555-248-6605|6501 Main St, Bristol|PE
13028|Linda Jones|555-387-6299|1465 Main St, Riverside|CL
13029|Michael Jones|555-630-5932|2347 Pine St, Greenville|MX
13030|Jennifer Davis|555-787-3605|7522 Cedar Rd, Springfield|CO
13031|Michael Brown|555-669-2624|6622 Lakeview Dr, Madison|PE
13032|Michael Jones|555-763-4833|7796 Maple St, Franklin|CL
13033|Patricia Williams|555-138-8804|7786 Maple St, Madison|MX
13034|John Williams|555-414-8422|9145 Pine St, Greenville|CO
13035|Mary Smith|555-564-8835|748 Maple St, Springfield|PE
13036|Jennifer Williams|555-145-8995|9906 Cedar Rd, Riverside|CL
13037|Jennifer Smith|555-854-9090|3042 Maple St, Springfield|MX
13038|James Davis|555-657-7999|9379 Maple St, Riverside|CO
13039|Linda Johnson|555-818-4518|5601 Pine St, Madison|PE
13040|John Williams|555-741-9965|1079 Maple St, Greenville|CL
13041|Robert Davis|555-576-6358|2332 Lakeview Dr, Springfield|MX
13042|Mary Williams|555-695-5984|6458 Lakeview Dr, Madison|CO
13043|James Garcia|555-959-8237|240 Cedar Rd, Greenville|PE
13044|John Brown|555-188-1295|1274 Lakeview Dr, Franklin|CL
13045|Robert Jones|555-877-4754|3454 Pine St, Franklin|MX
13046|Mary Garcia|555-943-6066|7154 Oak Ave, Riverside|CO
13047|Robert Garcia|555-987-7519|5955 Pine St, Franklin|PE
13048|John Williams|555-404-9551|5560 Maple St, Riverside|CL
13049|Linda Smith|555-822-5896|373 Oak Ave, Bristol|MX
13050|Mary Williams|555-310-1844|7991 Main St, Bristol|CO
13051|Michael Miller|555-306-7947|8161 Pine St, Riverside|PE
13052|Robert Garcia|555-427-2316|5782 Pine St, Springfield|CL
13053|James Jones|555-697-9615|7197 Cedar Rd, Franklin|MX
13054|Michael Garcia|555-503-4735|7726 Maple St, Bristol|CO
13055|Mary Brown|555-586-7651|4250 Cedar Rd, Greenville|PE
13056|James Smith|555-751-9367|6074 Maple St, Bristol|CL
13057|James Jones|555-827-3499|6967 Pine St, Greenville|MX
13058|Linda Davis|555-233-5311|2064 Maple St, Greenville|CO
13059|Robert Johnson|555-215-3624|4715 Oak Ave, Springfield|PE
13060|John Johnson|555-419-5318|1468 Oak Ave, Madison|CL
13061|Robert Smith|555-281-3893|1567 Cedar Rd, Greenville|MX
13062|John Johnson|555-561-5021|5362 Lakeview Dr, Bristol|CO
13063|Mary Davis|555-613-5848|3639 Lakeview Dr, Franklin|PE
13064|Patricia Miller|555-132-9996|429 Main St, Riverside|CL
13065|Mary Williams|555-117-6133|6122 Oak Ave, Franklin|MX
13066|Mary Jones|555-453-9767|1550 Maple St, Greenville|CO
13067|James Garcia|555-210-2684|4195 Maple St, Bristol|PE
13068|Robert Brown|555-212-2648|1711 Oak Ave, Greenville|CL
13069|Patricia Brown|555-100-3347|1322 Main St, Riverside|MX
13070|Linda Davis|555-891-3488|6226 Main St, Madison|CO
13071|John Garcia|555-830-4859|1357 Cedar Rd, Bristol|PE
13072|Patricia Miller|555-370-8700|2878 Main St, Madison|CL
13073|John Smith|555-349-8633|1555 Cedar Rd, Riverside|MX
13074|Robert Smith|555-791-7244|5856 Main St, Bristol|CO
13075|James Smith|555-180-7826|1601 Pine St, Springfield|PE
13076|Linda Smith|555-870-3639|4378 Maple St, Madison|CL
13077|Robert Garcia|555-160-3332|6108 Pine St, Madison|MX
13078|Mary Jones|555-820-8762|1570 Cedar Rd, Riverside|CO
13079|Linda Brown|555-983-3528|4388 Maple St, Franklin|PE
13080|Michael Davis|555-931-5672|1259 Lakeview Dr, Riverside|CL
13081|Patricia Jones|555-444-7759|5852 Lakeview Dr, Franklin|MX
13082|Mary Davis|555-153-8241|789 Oak Ave, Madison|CO
13083|James Smith|555-125-3838|6872 Lakeview Dr, Bristol|PE
13084|James Davis|555-735-5853|9495 Oak Ave, Franklin|CL
13085|Patricia Williams|555-767-1904|3740 Lakeview Dr, Franklin|MX
13086|Jennifer Garcia|555-381-1149|9049 Lakeview Dr, Madison|CO
13087|Linda Miller|555-404-3089|3108 Main St, Springfield|PE
13088|John Brown|555-588-9513|7886 Oak Ave, Bristol|CL
13089|James Garcia|555-204-2193|3164 Cedar Rd, Bristol|MX
13090|Mary Johnson|555-495-7677|5863 Cedar Rd, Madison|CO
13091|Patricia Brown|555-389-5106|497 Main St, Greenville|PE
13092|Michael Davis|555-168-4849|490 Cedar Rd, Bristol|CL
13093|Linda Smith|555-948-1606|2443 Main St, Bristol|MX
13094|Mary Brown|555-482-6802|8415 Oak Ave, Franklin|CO
13095|Linda Williams|555-553-4165|4883 Oak Ave, Riverside|PE
13096|John Brown|555-804-4202|7837 Oak Ave, Bristol|CL
13097|Mary Jones|555-464-5496|1923 Maple St, Springfield|MX
13098|Jennifer Davis|555-282-2209|3442 Cedar Rd, Franklin|CO
13099|Robert Johnson|555-727-5548|2034 Maple St, Springfield|PE
13100|John Davis|555-562-9530|1239 Lakeview Dr, Springfield|CL
13101|James Williams|555-292-3146|5841 Main St, Riverside|MX
13102|Mary Brown|555-234-5434|6639 Main St, Springfield|CO
13103|Jennifer Miller|555-172-1434|3796 Maple St, Greenville|PE
13104|Michael Davis|555-900-4797|3754 Main St, Franklin|CL
13105|James Smith|555-618-4459|2010 Maple St, Riverside|MX
13106|Michael Brown|555-582-5137|1502 Maple St, Riverside|CO
13107|Linda Miller|555-233-9810|594 Oak Ave, Springfield|PE
13108|John Brown|555-769-9049|6428 Main St, Riverside|CL
13109|Jennifer Brown|555-457-4923|8365 Cedar Rd, Franklin|MX
13110|James Davis|555-777-7095|3979 Oak Ave, Franklin|CO
13111|Mary Jones|555-358-3970|2063 Maple St, Bristol|PE
13112|Michael Williams|555-217-9458|1038 Oak Ave, Greenville|CL
13113|Patricia Davis|555-554-8771|1237 Maple St, Madison|MX
13114|Patricia Garcia|555-511-3156|4468 Oak Ave, Madison|CO
13115|Mary Miller|555-287-4976|8150 Cedar Rd, Riverside|PE
13116|Michael Miller|555-672-3231|6624 Main St, Greenville|CL
13117|Patricia Davis|555-591-8231|8493 Lakeview Dr, Springfield|MX
13118|James Miller|555-907-3417|7196 Pine St, Bristol|CO
13119|Mary Garcia|555-897-7283|5352 Lakeview Dr, Franklin|PE
13120|John Davis|555-548-2148|6764 Cedar Rd, Madison|CL
13121|James Garcia|555-184-4813|8336 Lakeview Dr, Madison|MX
13122|Linda Davis|555-381-2697|5689 Lakeview Dr, Greenville|CO
13123|Linda Miller|555-111-3990|8796 Pine St, Greenville|PE
13124|Mary Brown|555-556-1844|6913 Main St, Riverside|CL
13125|Linda Miller|555-141-3131|282 Oak Ave, Franklin|MX
13126|James Jones|555-230-6278|7665 Pine St, Greenville|CO
13127|John Davis|555-829-4664|4940 Lakeview Dr, Springfield|PE
13128|Linda Jones|555-441-2863|7343 Main St, Springfield|CL
13129|Robert Johnson|555-436-1056|2361 Lakeview Dr, Riverside|MX
13130|James Garcia|555-933-1621|5691 Cedar Rd, Franklin|CO
13131|Patricia Garcia|555-125-1527|2489 Maple St, Madison|PE
13132|James Johnson|555-136-8501|6344 Cedar Rd, Madison|CL
13133|Patricia Williams|555-455-9346|5627 Oak Ave, Riverside|MX
13134|Robert Davis|555-617-5607|6490 Main St, Springfield|CO
13135|Patricia Smith|555-489-2354|2225 Lakeview Dr, Greenville|PE
13136|Michael Johnson|555-768-9232|2598 Main St, Riverside|CL
13137|Michael Jones|555-523-6729|677 Maple St, Madison|MX
13138|James Garcia|555-583-2710|5807 Main St, Riverside|CO
13139|Michael Williams|555-203-5437|8816 Maple St, Riverside|PE
13140|Robert Brown|555-785-7273|7619 Main St, Riverside|CL
13141|Robert Miller|555-425-3636|8928 Oak Ave, Greenville|MX
13142|Michael Garcia|555-808-9482|9104 Main St, Riverside|CO
13143|Robert Jones|555-742-1139|9245 Oak Ave, Bristol|PE
13144|Robert Miller|555-380-7589|8123 Maple St, Franklin|CL
13145|Linda Smith|555-193-4589|996 Lakeview Dr, Greenville|MX
13146|Mary Garcia|555-336-9551|6565 Maple St, Greenville|CO
13147|Michael Garcia|555-256-2255|3669 Main St, Franklin|PE
13148|Mary Brown|555-137-7069|5734 Maple St, Bristol|CL
13149|Mary Brown|555-279-3121|8760 Cedar Rd, Madison|MX
13150|Patricia Johnson|555-512-9879|693 Maple St, Riverside|CO
13151|Jennifer Miller|555-766-2061|682 Main St, Greenville|PE
13152|Jennifer Johnson|555-410-4488|4615 Pine St, Greenville|CL
13153|Michael Miller|555-424-8625|6162 Maple St, Greenville|MX
13154|John Miller|555-532-9567|5914 Maple St, Greenville|CO
13155|Michael Smith|555-538-6463|6793 Cedar Rd, Madison|PE
13156|Linda Jones|555-227-8791|7267 Pine St, Franklin|CL
13157|James Davis|555-483-6421|2438 Cedar Rd, Bristol|MX
13158|Michael Smith|555-496-8657|8879 Maple St, Greenville|CO
13159|James Jones|555-692-9345|6710 Pine St, Springfield|PE
13160|Patricia Jones|555-457-4278|6488 Maple St, Madison|CL
13161|Jennifer Williams|555-232-9358|7820 Oak Ave, Greenville|MX
13162|Mary Miller|555-433-8276|9327 Cedar Rd, Riverside|CO
13163|John Williams|555-208-8945|1550 Main St, Greenville|PE
13164|Linda Garcia|555-424-7170|318 Main St, Greenville|CL
13165|James Miller|555-881-1402|4246 Maple St, Bristol|MX
13166|Robert Jones|555-288-4871|8613 Pine St, Madison|CO
13167|Patricia Brown|555-235-5416|3715 Lakeview Dr, Madison|PE
13168|Linda Johnson|555-706-6552|573 Cedar Rd, Riverside|CL
13169|Jennifer Davis|555-286-7000|6538 Pine St, Riverside|MX
13170|Jennifer Miller|555-862-2439|7974 Pine St, Riverside|CO
13171|Michael Williams|555-807-6158|5217 Maple St, Springfield|PE
13172|Linda Miller|555-510-6572|9055 Oak Ave, Greenville|CL
13173|John Johnson|555-609-3458|2679 Oak Ave, Madison|MX
13174|Jennifer Smith|555-822-6280|9634 Oak Ave, Springfield|CO
13175|Linda Miller|555-661-7205|1484 Oak Ave, Springfield|PE
13176|John Brown|555-328-3407|4899 Pine St, Franklin|CL
13177|Mary Smith|555-299-9005|2222 Cedar Rd, Madison|MX
13178|Linda Davis|555-214-2658|5199 Lakeview Dr, Franklin|CO
13179|Linda Garcia|555-363-2776|3912 Oak Ave, Bristol|PE
13180|Robert Smith|555-915-2647|8514 Maple St, Franklin|CL
13181|Linda Davis|555-251-6151|7219 Cedar Rd, Riverside|MX
13182|Robert Davis|555-603-7178|1022 Maple St, Riverside|CO
13183|Michael Jones|555-671-1207|2340 Maple St, Greenville|PE
13184|Robert Smith|555-224-5110|7485 Pine St, Madison|CL
13185|Patricia Brown|555-470-6492|9618 Main St, Riverside|MX
13186|Patricia Smith|555-152-9144|5794 Main St, Bristol|CO
13187|Jennifer Miller|555-898-2705|1845 Maple St, Riverside|PE
13188|Robert Davis|555-661-1996|9759 Pine St, Greenville|CL
13189|John Jones|555-728-1071|3826 Lakeview Dr, Springfield|MX
13190|James Jones|555-604-8496|6320 Oak Ave, Madison|CO
13191|John Jones|555-964-2193|708 Maple St, Franklin|PE
13192|Linda Miller|555-893-7776|389 Main St, Springfield|CL
13193|Robert Davis|555-426-4676|2117 Cedar Rd, Bristol|MX
13194|Jennifer Davis|555-654-3151|4418 Lakeview Dr, Riverside|CO
13195|Jennifer Williams|555-911-6288|2138 Oak Ave, Franklin|PE
13196|Jennifer Jones|555-679-4487|6716 Main St, Springfield|CL
13197|Mary Williams|555-298-2751|6573 Cedar Rd, Franklin|MX
13198|Mary Jones|555-368-3415|2339 Lakeview Dr, Madison|CO
13199|Jennifer Miller|555-552-9883|9814 Lakeview Dr, Bristol|PE
13200|James Garcia|555-966-7915|4081 Cedar Rd, Riverside|CL
13201|Patricia Brown|555-133-8340|2214 Lakeview Dr, Bristol|MX
13202|Robert Davis|555-610-8981|3599 Maple St, Riverside|CO
13203|John Davis|555-927-9444|4554 Cedar Rd, Franklin|PE
13204|Jennifer Williams|555-169-8925|4963 Cedar Rd, Springfield|CL
13205|Linda Williams|555-932-4761|7277 Cedar Rd, Greenville|MX
13206|John Jones|555-721-6067|4622 Main St, Springfield|CO
13207|Mary Smith|555-448-5787|536 Oak Ave, Riverside|PE
13208|Mary Jones|555-901-8053|960 Cedar Rd, Springfield|CL
13209|John Williams|555-974-1685|5596 Maple St, Franklin|MX
13210|Mary Miller|555-980-4840|9062 Cedar Rd, Franklin|CO
13211|Linda Smith|555-363-9272|3684 Oak Ave, Springfield|PE
13212|Mary Jones|555-647-4712|8097 Maple St, Springfield|CL
13213|Michael Brown|555-665-9093|3576 Pine St, Riverside|MX
13214|James Garcia|555-463-6467|5929 Main St, Franklin|CO
13215|Jennifer Williams|555-608-5570|6921 Maple St, Franklin|PE
13216|James Jones|555-239-7075|5212 Maple St, Greenville|CL
13217|Mary Garcia|555-183-1104|5998 Main St, Madison|MX
13218|James Garcia|555-240-3199|5363 Pine St, Greenville|CO
13219|Jennifer Smith|555-159-9863|319 Pine St, Greenville|PE
13220|Michael Johnson|555-209-5802|2761 Main St, Greenville|CL
13221|Jennifer Jones|555-795-9183|8763 Lakeview Dr, Franklin|MX
13222|James Jones|555-794-1521|246 Main St, Greenville|CO
13223|Jennifer Davis|555-844-3371|9690 Maple St, Springfield|PE
13224|Michael Miller|555-562-7042|1546 Cedar Rd, Bristol|CL
13225|Michael Brown|555-639-7327|1057 Main St, Madison|MX
13226|Michael Davis|555-655-7069|7038 Oak Ave, Springfield|CO
13227|Linda Smith|555-143-2093|1170 Pine St, Franklin|PE
13228|Robert Smith|555-646-2276|7329 Maple St, Franklin|CL
13229|Patricia Johnson|555-780-6174|9058 Maple St, Madison|MX
13230|Mary Brown|555-904-6189|5441 Pine St, Madison|CO
13231|James Brown|555-694-7904|998 Maple St, Springfield|PE
13232|Robert Garcia|555-230-1403|2120 Pine St, Springfield|CL
13233|James Miller|555-561-8917|3565 Main St, Springfield|MX
13234|John Davis|555-316-9680|5900 Main St, Franklin|CO
13235|John Miller|555-173-9370|8553 Maple St, Madison|PE
13236|Linda Jones|555-675-7914|8872 Maple St, Greenville|CL
13237|John Jones|555-221-3502|4795 Oak Ave, Riverside|MX
13238|Mary Miller|555-504-7976|944 Maple St, Bristol|CO
13239|Mary Miller|555-992-1672|2379 Cedar Rd, Springfield|PE
13240|Jennifer Garcia|555-822-8789|9574 Maple St, Riverside|CL
13241|Patricia Miller|555-269-7727|5669 Pine St, Springfield|MX
13242|Michael Smith|555-943-4804|3261 Main St, Riverside|CO
13243|Linda Jones|555-194-1798|4879 Main St, Madison|PE
13244|John Smith|555-406-6069|3756 Oak Ave, Greenville|CL
13245|Robert Johnson|555-867-6008|1653 Main St, Riverside|MX
13246|James Davis|555-493-8308|5127 Oak Ave, Madison|CO
13247|Jennifer Davis|555-583-5341|1721 Main St, Franklin|PE
13248|Robert Jones|555-721-4921|7344 Main St, Riverside|CL
13249|Robert Brown|555-651-2425|1604 Maple St, Bristol|MX
13250|Michael Smith|555-634-9747|1956 Pine St, Greenville|CO
13251|Jennifer Williams|555-741-4531|1582 Lakeview Dr, Franklin|PE
13252|Linda Brown|555-788-2102|7377 Oak Ave, Bristol|CL
13253|Jennifer Johnson|555-537-8190|4427 Maple St, Riverside|MX
13254|Linda Williams|555-208-1698|1107 Lakeview Dr, Bristol|CO
13255|Patricia Davis|555-552-3861|8924 Pine St, Springfield|PE
13256|Jennifer Williams|555-343-7197|3200 Oak Ave, Franklin|CL
13257|Mary Miller|555-531-9279|8366 Maple St, Madison|MX
13258|James Garcia|555-138-4455|7250 Cedar Rd, Greenville|CO
13259|Linda Johnson|555-779-7589|1564 Lakeview Dr, Greenville|PE
13260|James Jones|555-560-1453|7271 Maple St, Greenville|CL
13261|Jennifer Miller|555-905-6854|4279 Maple St, Greenville|MX
13262|James Miller|555-840-3389|4463 Cedar Rd, Springfield|CO
13263|Mary Miller|555-632-7842|7635 Oak Ave, Madison|PE
13264|Mary Smith|555-677-6555|1834 Lakeview Dr, Franklin|CL
13265|Linda Smith|555-588-3573|9496 Lakeview Dr, Greenville|MX
13266|Robert Smith|555-549-3181|3005 Pine St, Riverside|CO
13267|John Brown|555-144-7790|5033 Oak Ave, Riverside|PE
13268|Robert Smith|555-983-2582|7382 Lakeview Dr, Greenville|CL
13269|Michael Davis|555-230-5299|4194 Main St, Madison|MX
13270|Mary Garcia|555-536-8335|489 Main St, Bristol|CO
13271|Patricia Garcia|555-472-8709|7411 Lakeview Dr, Riverside|PE
13272|Mary Williams|555-575-4813|592 Oak Ave, Riverside|CL
13273|Michael Williams|555-457-4609|5124 Cedar Rd, Springfield|MX
13274|Linda Garcia|555-193-8491|2747 Lakeview Dr, Springfield|CO
13275|Mary Smith|555-383-6825|8702 Lakeview Dr, Bristol|PE
13276|Michael Brown|555-283-3242|6888 Oak Ave, Franklin|CL
13277|Patricia Williams|555-461-2522|4475 Cedar Rd, Greenville|MX
13278|Robert Johnson|555-164-3764|3317 Cedar Rd, Franklin|CO
13279|Jennifer Miller|555-662-8001|7920 Lakeview Dr, Franklin|PE
13280|Robert Williams|555-226-6904|9820 Lakeview Dr, Greenville|CL
13281|John Davis|555-259-4268|2170 Main St, Springfield|MX
13282|Linda Smith|555-996-6254|6638 Lakeview Dr, Madison|CO
13283|Mary Miller|555-672-8773|3690 Cedar Rd, Riverside|PE
13284|Linda Brown|555-373-1868|5636 Oak Ave, Bristol|CL
13285|Michael Davis|555-647-7429|6861 Pine St, Bristol|MX
13286|John Williams|555-357-1884|8782 Main St, Madison|CO
13287|Mary Johnson|555-213-4684|5833 Cedar Rd, Greenville|PE
13288|John Davis|555-357-1749|9121 Lakeview Dr, Madison|CL
13289|James Johnson|555-564-8983|5156 Lakeview Dr, Riverside|MX
13290|Michael Garcia|555-577-5793|4879 Main St, Riverside|CO
13291|Jennifer Garcia|555-457-5404|6044 Lakeview Dr, Franklin|PE
13292|Jennifer Garcia|555-577-1846|5455 Lakeview Dr, Bristol|CL
13293|Linda Davis|555-397-9283|1694 Pine St, Franklin|MX
13294|Robert Brown|555-957-8112|5288 Oak Ave, Franklin|CO
13295|James Miller|555-201-9733|4737 Main St, Madison|PE
13296|Jennifer Williams|555-159-3475|5492 Main St, Franklin|CL
13297|James Smith|555-287-9338|1503 Pine St, Greenville|MX
13298|Michael Smith|555-947-8958|2538 Pine St, Franklin|CO
13299|Jennifer Davis|555-667-7974|7895 Lakeview Dr, Riverside|PE
13300|Jennifer Miller|555-896-6633|812 Cedar Rd, Franklin|CL
13301|Robert Johnson|555-467-2686|6935 Oak Ave, Greenville|MX
13302|James Brown|555-986-8608|1243 Maple St, Franklin|CO
13303|Linda Smith|555-980-1645|5474 Pine St, Franklin|PE
13304|Mary Smith|555-470-6885|2301 Main St, Springfield|CL
13305|Linda Johnson|555-124-1102|9614 Oak Ave, Riverside|MX
13306|Michael Davis|555-569-6893|124 Pine St, Madison|CO
13307|Michael Johnson|555-184-8148|5186 Maple St, Riverside|PE
13308|Jennifer Davis|555-105-7669|6455 Cedar Rd, Madison|CL
13309|Mary Smith|555-840-1682|5719 Cedar Rd, Riverside|MX
13310|Linda Davis|555-256-4863|6432 Lakeview Dr, Springfield|CO
13311|John Davis|555-933-2018|4109 Oak Ave, Riverside|PE
13312|Patricia Brown|555-786-1220|5777 Oak Ave, Riverside|CL
13313|Robert Jones|555-645-2411|8456 Cedar Rd, Riverside|MX
13314|Patricia Garcia|555-546-1067|6758 Main St, Springfield|CO
13315|John Brown|555-766-5310|9950 Main St, Springfield|PE
13316|John Smith|555-589-6622|4341 Lakeview Dr, Springfield|CL
13317|Jennifer Jones|555-323-4305|6831 Oak Ave, Riverside|MX
13318|Patricia Davis|555-728-6395|9899 Pine St, Franklin|CO
13319|Mary Davis|555-112-4515|6943 Pine St, Bristol|PE
13320|Michael Williams|555-379-8088|6894 Lakeview Dr, Madison|CL
13321|James Davis|555-192-9665|3716 Oak Ave, Greenville|MX
13322|Linda Brown|555-846-6488|3840 Cedar Rd, Franklin|CO
13323|James Miller|555-128-4897|7784 Main St, Madison|PE
13324|Patricia Smith|555-619-4259|2207 Pine St, Bristol|CL
13325|Mary Johnson|555-336-5647|9952 Maple St, Franklin|MX
13326|James Jones|555-800-6142|8756 Oak Ave, Franklin|CO
13327|Michael Miller|555-885-5729|1653 Cedar Rd, Bristol|PE
13328|Mary Smith|555-151-9574|3695 Lakeview Dr, Franklin|CL
13329|Robert Garcia|555-600-7605|3168 Main St, Greenville|MX
13330|John Johnson|555-766-2876|3894 Lakeview Dr, Riverside|CO
13331|Mary Miller|555-827-6741|8768 Oak Ave, Greenville|PE
13332|Mary Williams|555-345-5767|3380 Main St, Bristol|CL
13333|Jennifer Williams|555-113-6300|3138 Lakeview Dr, Bristol|MX
13334|Mary Johnson|555-508-9955|1288 Oak Ave, Madison|CO
13335|Mary Williams|555-826-8180|8169 Pine St, Greenville|PE
13336|John Smith|555-112-1946|2016 Oak Ave, Madison|CL
13337|Robert Jones|555-432-5676|5997 Pine St, Greenville|MX
13338|Jennifer Smith|555-994-3970|336 Pine St, Riverside|CO
13339|John Miller|555-372-6467|8372 Pine St, Madison|PE
13340|John Williams|555-420-1398|710 Main St, Riverside|CL
13341|Linda Brown|555-982-7655|3262 Maple St, Bristol|MX
13342|Jennifer Johnson|555-178-1297|3608 Cedar Rd, Springfield|CO
13343|Robert Miller|555-731-6674|1965 Cedar Rd, Springfield|PE
13344|Jennifer Garcia|555-241-8123|8466 Main St, Greenville|CL
13345|Mary Johnson|555-111-9060|9450 Maple St, Springfield|MX
13346|Michael Johnson|555-853-8482|7297 Lakeview Dr, Franklin|CO
13347|Patricia Jones|555-200-5310|9956 Lakeview Dr, Springfield|PE
13348|James Jones|555-317-7333|4337 Pine St, Franklin|CL
13349|Mary Brown|555-824-6741|538 Main St, Franklin|MX
13350|Mary Brown|555-614-8315|7311 Oak Ave, Springfield|CO
13351|John Smith|555-899-6206|7950 Main St, Bristol|PE
13352|Mary Miller|555-141-7388|3185 Pine St, Franklin|CL
13353|Mary Miller|555-751-7466|9935 Cedar Rd, Springfield|MX
13354|Jennifer Davis|555-417-7594|1035 Cedar Rd, Greenville|CO
13355|Patricia Johnson|555-620-4049|6381 Oak Ave, Greenville|PE
13356|Robert Davis|555-633-7808|8311 Lakeview Dr, Franklin|CL
13357|Jennifer Davis|555-132-6790|3072 Pine St, Madison|MX
13358|Michael Garcia|555-869-4653|1665 Main St, Riverside|CO
13359|Michael Smith|555-289-4966|9571 Pine St, Franklin|PE
13360|Mary Davis|555-955-5328|833 Cedar Rd, Franklin|CL
13361|James Johnson|555-176-3882|7734 Oak Ave, Riverside|MX
13362|Linda Brown|555-276-2237|8650 Oak Ave, Franklin|CO
13363|Michael Smith|555-274-3975|1601 Main St, Riverside|PE
13364|Patricia Garcia|555-192-4172|7608 Lakeview Dr, Madison|CL
13365|Jennifer Smith|555-174-1095|8678 Cedar Rd, Riverside|MX
13366|Michael Smith|555-502-1116|2457 Oak Ave, Riverside|CO
13367|James Johnson|555-727-9876|3720 Cedar Rd, Bristol|PE
13368|James Williams|555-939-5589|6620 Main St, Bristol|CL
13369|Robert Davis|555-824-9665|6363 Oak Ave, Greenville|MX
13370|Patricia Garcia|555-637-2938|2336 Main St, Madison|CO
13371|James Johnson|555-688-7128|4830 Maple St, Madison|PE
13372|Patricia Brown|555-786-6180|8231 Oak Ave, Bristol|CL
13373|John Johnson|555-484-6122|1843 Pine St, Madison|MX
13374|John Garcia|555-328-3684|6463 Oak Ave, Greenville|CO
13375|Michael Williams|555-646-3257|1616 Main St, Springfield|PE
13376|Mary Garcia|555-361-6552|3054 Main St, Springfield|CL
13377|Patricia Garcia|555-267-9749|8994 Maple St, Madison|MX
13378|John Brown|555-769-2805|5140 Lakeview Dr, Bristol|CO
13379|James Brown|555-963-5552|9544 Pine St, Springfield|PE
13380|James Johnson|555-159-8930|5199 Pine St, Riverside|CL
13381|James Smith|555-336-8513|7554 Main St, Franklin|MX
13382|Jennifer Smith|555-461-3553|7186 Main St, Riverside|CO
13383|John Jones|555-609-6573|723 Maple St, Madison|PE
13384|John Williams|555-815-5963|9959 Cedar Rd, Riverside|CL
13385|Mary Smith|555-327-2606|6142 Cedar Rd, Madison|MX
13386|John Brown|555-352-7392|712 Cedar Rd, Madison|CO
13387|Linda Williams|555-369-6683|2011 Cedar Rd, Bristol|PE
13388|Mary Garcia|555-311-3147|211 Cedar Rd, Greenville|CL
13389|Michael Miller|555-406-3794|3884 Lakeview Dr, Riverside|MX
13390|Robert Smith|555-357-5332|1725 Main St, Riverside|CO
13391|Robert Jones|555-639-4570|6750 Oak Ave, Riverside|PE
13392|Mary Davis|555-231-4309|7940 Maple St, Springfield|CL
13393|Robert Miller|555-291-7597|4811 Lakeview Dr, Springfield|MX
13394|John Johnson|555-281-9088|1113 Pine St, Bristol|CO
13395|John Miller|555-842-4631|5874 Cedar Rd, Greenville|PE
13396|Jennifer Brown|555-356-6246|676 Oak Ave, Madison|CL
13397|Jennifer Johnson|555-372-7428|2737 Lakeview Dr, Franklin|MX
13398|Jennifer Miller|555-672-9927|5533 Maple St, Riverside|CO
13399|Michael Davis|555-281-2009|2006 Oak Ave, Franklin|PE
13400|Mary Miller|555-520-3613|4193 Oak Ave, Franklin|CL
13401|Patricia Garcia|555-552-9963|3624 Pine St, Greenville|MX
13402|James Davis|555-833-7886|1849 Cedar Rd, Greenville|CO
13403|John Smith|555-271-5862|2589 Lakeview Dr, Riverside|PE
13404|Michael Davis|555-924-7736|7435 Maple St, Bristol|CL
13405|Patricia Williams|555-159-8083|5234 Pine St, Greenville|MX
13406|Mary Jones|555-882-2350|4549 Main St, Madison|CO
13407|Patricia Garcia|555-174-6782|7543 Main St, Bristol|PE
13408|Robert Johnson|555-844-6580|6023 Lakeview Dr, Bristol|CL
13409|Mary Garcia|555-378-9764|9853 Maple St, Greenville|MX
13410|Jennifer Williams|555-847-8399|5223 Cedar Rd, Springfield|CO
13411|Linda Brown|555-469-2669|4547 Maple St, Franklin|PE
13412|Robert Smith|555-561-8785|1295 Oak Ave, Riverside|CL
13413|Linda Johnson|555-731-4081|3858 Oak Ave, Franklin|MX
13414|Michael Davis|555-344-4702|4513 Lakeview Dr, Franklin|CO
13415|Jennifer Williams|555-937-2126|7733 Cedar Rd, Riverside|PE
13416|Mary Miller|555-532-9264|9351 Oak Ave, Riverside|CL
13417|Jennifer Smith|555-527-1186|6898 Cedar Rd, Franklin|MX
13418|Jennifer Smith|555-422-3977|151 Oak Ave, Riverside|CO
13419|John Garcia|555-284-4092|3141 Maple St, Bristol|PE
13420|Mary Williams|555-813-6391|6768 Main St, Springfield|CL
13421|Mary Garcia|555-402-4632|5527 Main St, Franklin|MX
13422|Linda Jones|555-260-1965|8972 Lakeview Dr, Riverside|CO
13423|Robert Johnson|555-873-7172|1845 Oak Ave, Springfield|PE
13424|Robert Garcia|555-320-5226|1301 Lakeview Dr, Springfield|CL
13425|John Johnson|555-387-5839|6891 Oak Ave, Greenville|MX
13426|Michael Jones|555-119-1675|3660 Lakeview Dr, Riverside|CO
13427|Michael Miller|555-898-4905|8794 Cedar Rd, Madison|PE
13428|Mary Johnson|555-548-8867|3495 Cedar Rd, Greenville|CL
13429|Mary Miller|555-613-9539|8180 Pine St, Riverside|MX
13430|Patricia Smith|555-181-8301|2137 Oak Ave, Springfield|CO
13431|Mary Williams|555-885-3393|5893 Oak Ave, Riverside|PE
13432|Michael Miller|555-662-8974|2546 Pine St, Franklin|CL
13433|Patricia Smith|555-723-1446|8841 Cedar Rd, Madison|MX
13434|Linda Miller|555-367-4092|1859 Main St, Madison|CO
13435|John Jones|555-236-3505|5025 Maple St, Franklin|PE
13436|Robert Jones|555-447-8483|6617 Oak Ave, Greenville|CL
13437|John Brown|555-634-4751|6198 Lakeview Dr, Riverside|MX
13438|Jennifer Garcia|555-148-1256|7334 Lakeview Dr, Springfield|CO
13439|Linda Johnson|555-297-1743|1548 Pine St, Greenville|PE
13440|Linda Jones|555-734-1663|1809 Pine St, Greenville|CL
13441|Robert Williams|555-454-7849|3329 Lakeview Dr, Madison|MX
13442|Jennifer Davis|555-216-5094|7728 Oak Ave, Riverside|CO
13443|Jennifer Miller|555-276-3187|9765 Pine St, Riverside|PE
13444|James Davis|555-369-5533|5327 Maple St, Springfield|CL
13445|Linda Davis|555-513-4432|4544 Lakeview Dr, Franklin|MX
13446|Linda Miller|555-965-5038|8909 Cedar Rd, Springfield|CO
13447|James Garcia|555-758-7405|4502 Pine St, Madison|PE
13448|Jennifer Jones|555-808-7301|3142 Main St, Greenville|CL
13449|Robert Garcia|555-687-3246|3215 Lakeview Dr, Franklin|MX
13450|Linda Johnson|555-784-9058|3259 Lakeview Dr, Madison|CO
13451|Robert Smith|555-622-1042|7337 Pine St, Franklin|PE
13452|Robert Miller|555-413-5996|8246 Cedar Rd, Springfield|CL
13453|Linda Jones|555-322-3209|8910 Pine St, Riverside|MX
13454|Patricia Jones|555-733-8090|568 Cedar Rd, Greenville|CO
13455|Jennifer Johnson|555-515-6095|1669 Main St, Franklin|PE
13456|Patricia Jones|555-118-1330|3355 Cedar Rd, Madison|CL
13457|Robert Brown|555-637-6520|1423 Lakeview Dr, Springfield|MX
13458|James Miller|555-692-1978|1515 Pine St, Springfield|CO
13459|Robert Jones|555-553-2564|116 Maple St, Riverside|PE
13460|John Miller|555-602-3204|5529 Pine St, Springfield|CL
13461|John Garcia|555-685-2972|3862 Maple St, Greenville|MX
13462|John Miller|555-513-5931|3898 Pine St, Franklin|CO
13463|Michael Davis|555-692-7398|3923 Pine St, Greenville|PE
13464|Patricia Davis|555-769-1709|2036 Pine St, Madison|CL
13465|John Garcia|555-769-4181|9150 Main St, Madison|MX
13466|Mary Brown|555-191-7473|8403 Main St, Franklin|CO
13467|Patricia Miller|555-475-7783|6761 Lakeview Dr, Greenville|PE
13468|Michael Garcia|555-674-1126|2322 Cedar Rd, Springfield|CL
13469|Mary Garcia|555-605-4704|7212 Main St, Madison|MX
13470|James Smith|555-698-7495|7462 Lakeview Dr, Madison|CO
13471|James Jones|555-859-8168|2645 Maple St, Greenville|PE
13472|Michael Davis|555-484-3527|5354 Oak Ave, Springfield|CL
13473|James Smith|555-190-9413|6433 Lakeview Dr, Madison|MX
13474|James Jones|555-157-7665|6929 Lakeview Dr, Madison|CO
13475|John Jones|555-192-4543|1820 Lakeview Dr, Franklin|PE
13476|James Williams|555-530-3034|2268 Pine St, Madison|CL
13477|Mary Smith|555-273-9459|9240 Pine St, Springfield|MX
13478|Patricia Davis|555-826-1799|4448 Cedar Rd, Bristol|CO
13479|Robert Johnson|555-874-2971|1904 Cedar Rd, Riverside|PE
13480|Linda Williams|555-963-7117|5531 Lakeview Dr, Riverside|CL
13481|Linda Williams|555-970-3846|6166 Pine St, Franklin|MX
13482|John Brown|555-193-2138|8487 Main St, Franklin|CO
13483|John Garcia|555-688-7669|4233 Cedar Rd, Madison|PE
13484|Mary Johnson|555-734-4435|6283 Cedar Rd, Riverside|CL
13485|Michael Garcia|555-789-9189|4744 Cedar Rd, Springfield|MX
13486|Mary Johnson|555-534-3967|914 Main St, Riverside|CO
13487|John Johnson|555-363-2876|274 Oak Ave, Madison|PE
13488|James Davis|555-127-2520|2236 Main St, Springfield|CL
13489|Linda Smith|555-495-7539|3676 Pine St, Franklin|MX
13490|Jennifer Miller|555-818-6243|8562 Lakeview Dr, Madison|CO
13491|John Smith|555-223-3629|5492 Maple St, Springfield|PE
13492|John Miller|555-602-8083|7388 Main St, Bristol|CL
13493|Michael Davis|555-520-2668|5000 Main St, Greenville|MX
13494|John Davis|555-593-8031|8158 Oak Ave, Springfield|CO
13495|John Smith|555-179-3824|6944 Oak Ave, Riverside|PE
13496|Jennifer Davis|555-655-4024|3139 Maple St, Madison|CL
13497|Michael Miller|555-884-7934|7753 Main St, Bristol|MX
13498|Patricia Miller|555-211-5635|4971 Lakeview Dr, Franklin|CO
13499|Linda Williams|555-924-4058|1305 Maple St, Riverside|PE
13500|James Williams|555-927-1829|1275 Pine St, Springfield|CL
13501|Patricia Smith|555-624-5522|6365 Maple St, Springfield|MX
13502|Linda Brown|555-734-5350|6889 Cedar Rd, Franklin|CO
13503|Robert Jones|555-263-3343|4568 Oak Ave, Franklin|PE
13504|Patricia Davis|555-329-6056|4163 Oak Ave, Bristol|CL
13505|Michael Jones|555-551-1509|1735 Main St, Bristol|MX
13506|Robert Brown|555-316-8330|5563 Pine St, Springfield|CO
13507|John Jones|555-962-2344|5378 Pine St, Bristol|PE
13508|Robert Brown|555-688-2091|7891 Pine St, Madison|CL
13509|Linda Brown|555-738-8321|9074 Main St, Riverside|MX
13510|James Jones|555-241-6993|9041 Cedar Rd, Madison|CO
13511|James Davis|555-249-6816|2185 Maple St, Bristol|PE
13512|Robert Garcia|555-488-9353|3152 Pine St, Madison|CL
13513|Jennifer Jones|555-483-7372|3865 Main St, Madison|MX
13514|Michael Brown|555-399-1054|9236 Lakeview Dr, Bristol|CO
13515|Robert Johnson|555-742-9824|7057 Main St, Madison|PE
13516|Linda Williams|555-522-2130|9077 Pine St, Springfield|CL
13517|Patricia Williams|555-626-4619|5357 Main St, Bristol|MX
13518|Jennifer Jones|555-687-1044|4958 Lakeview Dr, Madison|CO
13519|John Jones|555-589-4703|1352 Maple St, Madison|PE
13520|Robert Smith|555-873-1470|2339 Oak Ave, Bristol|CL
13521|Linda Brown|555-458-3385|117 Main St, Springfield|MX
13522|James Brown|555-771-6902|3920 Cedar Rd, Riverside|CO
13523|Patricia Johnson|555-842-8983|7677 Maple St, Bristol|PE
13524|Jennifer Brown|555-232-5242|3929 Lakeview Dr, Springfield|CL
13525|Robert Brown|555-135-6003|6027 Main St, Greenville|MX
13526|Linda Smith|555-760-4209|8970 Oak Ave, Springfield|CO
13527|Michael Garcia|555-947-9682|7774 Pine St, Springfield|PE
13528|John Johnson|555-332-5512|8549 Pine St, Springfield|CL
13529|James Davis|555-266-2200|9505 Lakeview Dr, Franklin|MX
13530|Jennifer Brown|555-998-3984|5838 Main St, Riverside|CO
13531|Patricia Davis|555-942-7873|9373 Maple St, Greenville|PE
13532|Mary Miller|555-273-9082|4231 Oak Ave, Riverside|CL
13533|Mary Garcia|555-279-4356|7859 Main St, Riverside|MX
13534|Patricia Jones|555-361-4363|1471 Oak Ave, Greenville|CO
13535|Mary Jones|555-974-2892|1842 Maple St, Springfield|PE
13536|Patricia Brown|555-817-3477|2492 Maple St, Riverside|CL
13537|John Miller|555-792-1315|1725 Main St, Greenville|MX
13538|Patricia Smith|555-145-4157|4743 Cedar Rd, Greenville|CO
13539|Patricia Smith|555-470-4792|3783 Pine St, Franklin|PE
13540|Jennifer Johnson|555-102-9850|8966 Main St, Riverside|CL
13541|Patricia Jones|555-271-7936|9784 Main St, Franklin|MX
13542|Patricia Brown|555-727-7363|3268 Main St, Bristol|CO
13543|Jennifer Williams|555-696-3209|9692 Cedar Rd, Riverside|PE
13544|Jennifer Garcia|555-432-3800|9427 Main St, Madison|CL
13545|Robert Johnson|555-624-1021|3372 Lakeview Dr, Greenville|MX
13546|Michael Jones|555-891-5629|8609 Maple St, Riverside|CO
13547|Linda Miller|555-755-4474|5268 Lakeview Dr, Riverside|PE
13548|Jennifer Garcia|555-417-8853|1785 Pine St, Springfield|CL
13549|Robert Davis|555-306-4986|3971 Maple St, Bristol|MX
13550|Mary Johnson|555-602-7251|5536 Maple St, Springfield|CO
13551|Robert Williams|555-821-7426|9642 Lakeview Dr, Madison|PE
13552|Patricia Brown|555-718-4177|6269 Main St, Franklin|CL
13553|Patricia Garcia|555-181-3851|8625 Maple St, Madison|MX
13554|Michael Davis|555-831-8539|8389 Maple St, Madison|CO
13555|John Miller|555-403-8407|6718 Main St, Franklin|PE
13556|John Johnson|555-445-4011|8344 Main St, Madison|CL
13557|Patricia Jones|555-466-5859|4653 Pine St, Bristol|MX
13558|John Miller|555-172-1260|5258 Main St, Madison|CO
13559|Jennifer Johnson|555-564-1300|7505 Cedar Rd, Madison|PE
13560|Mary Williams|555-809-9865|5449 Lakeview Dr, Bristol|CL
13561|Robert Brown|555-785-7960|639 Main St, Franklin|MX
13562|John Brown|555-819-3018|3739 Cedar Rd, Madison|CO
13563|Robert Smith|555-290-1113|947 Main St, Bristol|PE
13564|James Garcia|555-551-8213|8193 Pine St, Franklin|CL
13565|Robert Garcia|555-589-8215|9735 Main St, Riverside|MX
13566|Robert Smith|555-684-3039|6421 Cedar Rd, Riverside|CO
13567|Linda Garcia|555-664-1662|8122 Pine St, Madison|PE
13568|Jennifer Garcia|555-491-1601|7959 Cedar Rd, Madison|CL
13569|Linda Davis|555-215-9576|9519 Oak Ave, Greenville|MX
13570|Jennifer Jones|555-586-1921|6480 Maple St, Madison|CO
13571|James Williams|555-891-2758|4817 Cedar Rd, Springfield|PE
13572|John Jones|555-435-4367|9016 Pine St, Franklin|CL
13573|James Garcia|555-561-7034|9619 Maple St, Bristol|MX
13574|Michael Johnson|555-691-2830|6213 Maple St, Greenville|CO
13575|Mary Williams|555-525-6331|4762 Maple St, Madison|PE
13576|Linda Williams|555-194-3532|6797 Oak Ave, Bristol|CL
13577|Linda Johnson|555-734-7958|8443 Oak Ave, Springfield|MX
13578|Linda Smith|555-570-1664|4274 Pine St, Greenville|CO
13579|James Johnson|555-237-3714|620 Lakeview Dr, Madison|PE
13580|Linda Smith|555-882-1818|7207 Maple St, Springfield|CL
13581|James Garcia|555-435-4390|9077 Oak Ave, Franklin|MX
13582|Linda Johnson|555-615-6510|106 Oak Ave, Riverside|CO
13583|Michael Smith|555-714-2057|2964 Maple St, Bristol|PE
13584|John Brown|555-994-4761|8451 Lakeview Dr, Bristol|CL
13585|John Garcia|555-937-1822|7448 Main St, Greenville|MX
13586|Patricia Johnson|555-994-2791|566 Maple St, Greenville|CO
13587|Linda Johnson|555-548-5664|4475 Oak Ave, Springfield|PE
13588|Patricia Smith|555-516-5200|8010 Maple St, Franklin|CL
13589|John Brown|555-249-3102|4405 Oak Ave, Madison|MX
13590|Linda Johnson|555-893-9896|508 Oak Ave, Bristol|CO
13591|Robert Brown|555-270-8426|8970 Maple St, Madison|PE
13592|James Johnson|555-580-2683|8222 Maple St, Bristol|CL
13593|Patricia Brown|555-465-9446|8122 Main St, Madison|MX
13594|John Davis|555-769-6580|2384 Main St, Riverside|CO
13595|Linda Jones|555-393-8869|3396 Main St, Riverside|PE
13596|James Miller|555-372-9447|1398 Oak Ave, Madison|CL
13597|Jennifer Jones|555-858-3643|3387 Pine St, Greenville|MX
13598|Jennifer Miller|555-168-9008|5440 Cedar Rd, Madison|CO
13599|Michael Garcia|555-526-3091|9744 Lakeview Dr, Riverside|PE
13600|Patricia Jones|555-903-9466|1685 Lakeview Dr, Franklin|CL
13601|Mary Brown|555-833-9923|1790 Oak Ave, Springfield|MX
13602|Mary Davis|555-353-2695|7774 Cedar Rd, Franklin|CO
13603|Patricia Brown|555-734-7043|1748 Oak Ave, Bristol|PE
13604|Patricia Garcia|555-503-1552|583 Lakeview Dr, Bristol|CL
13605|Mary Miller|555-525-1248|9315 Main St, Bristol|MX
13606|Jennifer Johnson|555-106-6410|7428 Pine St, Bristol|CO
13607|James Davis|555-462-9648|5304 Cedar Rd, Greenville|PE
13608|Michael Brown|555-913-4635|8316 Maple St, Franklin|CL
13609|Michael Jones|555-991-2934|4328 Pine St, Bristol|MX
13610|Jennifer Johnson|555-410-9424|7968 Maple St, Greenville|CO
13611|James Smith|555-164-6599|4273 Lakeview Dr, Bristol|PE
13612|Patricia Davis|555-967-3129|266 Cedar Rd, Springfield|CL
13613|John Davis|555-325-1427|9551 Lakeview Dr, Bristol|MX
13614|Linda Johnson|555-564-2234|5612 Pine St, Madison|CO
13615|James Miller|555-595-8500|1011 Maple St, Franklin|PE
13616|Robert Davis|555-878-9415|9433 Main St, Riverside|CL
13617|John Johnson|555-326-7652|6439 Lakeview Dr, Springfield|MX
13618|James Davis|555-242-9616|3358 Oak Ave, Franklin|CO
13619|James Garcia|555-674-1980|5872 Oak Ave, Springfield|PE
13620|John Garcia|555-815-6275|2444 Pine St, Madison|CL
13621|Robert Davis|555-891-6116|5779 Main St, Bristol|MX
13622|Robert Miller|555-999-6654|6777 Oak Ave, Bristol|CO
13623|James Williams|555-532-3257|9440 Lakeview Dr, Greenville|PE
13624|Linda Smith|555-630-5806|3438 Main St, Riverside|CL
13625|Robert Williams|555-534-2537|9418 Main St, Springfield|MX
13626|Robert Johnson|555-917-1990|9814 Oak Ave, Madison|CO
13627|Robert Jones|555-555-5298|2456 Oak Ave, Springfield|PE
13628|Linda Miller|555-357-6143|6888 Pine St, Riverside|CL
13629|Robert Williams|555-968-6127|5153 Main St, Madison|MX
13630|Jennifer Williams|555-146-4686|9146 Cedar Rd, Riverside|CO
13631|Robert Garcia|555-193-7457|2106 Cedar Rd, Greenville|PE
13632|Michael Williams|555-452-1976|3637 Main St, Riverside|CL
13633|Mary Davis|555-925-8427|5775 Oak Ave, Greenville|MX
13634|Mary Johnson|555-542-1874|8288 Maple St, Franklin|CO
13635|Michael Johnson|555-246-3935|585 Cedar Rd, Franklin|PE
13636|James Johnson|555-331-4302|9295 Oak Ave, Springfield|CL
13637|Mary Garcia|555-996-2993|4510 Pine St, Franklin|MX
13638|John Garcia|555-246-9647|4039 Maple St, Franklin|CO
13639|Robert Davis|555-345-6515|7116 Oak Ave, Greenville|PE
13640|Michael Johnson|555-460-8914|7646 Cedar Rd, Riverside|CL
13641|Mary Williams|555-136-3794|8578 Pine St, Greenville|MX
13642|Linda Brown|555-242-8912|7753 Oak Ave, Madison|CO
13643|Linda Johnson|555-673-2313|3325 Oak Ave, Bristol|PE
13644|Michael Smith|555-136-5730|7721 Main St, Bristol|CL
13645|James Brown|555-548-8250|1662 Maple St, Franklin|MX
13646|Patricia Smith|555-965-4595|7745 Main St, Franklin|CO
13647|James Jones|555-554-5124|1574 Oak Ave, Franklin|PE
13648|Jennifer Brown|555-562-6712|7198 Cedar Rd, Bristol|CL
13649|Michael Brown|555-282-3363|9939 Lakeview Dr, Greenville|MX
13650|James Johnson|555-783-8902|2139 Main St, Bristol|CO
13651|James Smith|555-309-2618|5150 Oak Ave, Madison|PE
13652|Michael Johnson|555-111-9666|5108 Main St, Greenville|CL
13653|Robert Smith|555-187-3486|5759 Main St, Franklin|MX
13654|Jennifer Jones|555-259-6309|8032 Cedar Rd, Bristol|CO
13655|John Johnson|555-323-6662|228 Oak Ave, Greenville|PE
13656|Robert Brown|555-455-3040|1906 Main St, Franklin|CL
13657|Mary Miller|555-730-4959|5842 Main St, Bristol|MX
13658|Robert Johnson|555-408-2205|4673 Oak Ave, Franklin|CO
13659|James Johnson|555-449-1302|2153 Lakeview Dr, Greenville|PE
13660|Patricia Miller|555-326-6744|3057 Cedar Rd, Bristol|CL
13661|John Smith|555-248-5845|3500 Oak Ave, Bristol|MX
13662|Jennifer Williams|555-870-7938|3016 Pine St, Bristol|CO
13663|John Jones|555-708-5211|3753 Oak Ave, Bristol|PE
13664|Mary Brown|555-290-3180|6205 Oak Ave, Madison|CL
13665|Robert Garcia|555-972-8762|1271 Main St, Bristol|MX
13666|Michael Garcia|555-413-4029|5839 Lakeview Dr, Springfield|CO
13667|James Davis|555-238-9659|3990 Main St, Springfield|PE
13668|James Jones|555-254-5033|7836 Cedar Rd, Bristol|CL
13669|John Davis|555-815-9860|609 Pine St, Madison|MX
13670|Michael Davis|555-874-6577|1394 Lakeview Dr, Riverside|CO
13671|Mary Miller|555-268-1592|3454 Pine St, Franklin|PE
13672|Mary Williams|555-215-8049|4189 Lakeview Dr, Riverside|CL
13673|John Jones|555-909-6209|4803 Pine St, Madison|MX
13674|Linda Jones|555-876-3091|9629 Oak Ave, Springfield|CO
13675|John Johnson|555-139-9503|5035 Oak Ave, Franklin|PE
13676|Linda Jones|555-201-3699|5847 Main St, Franklin|CL
13677|John Brown|555-568-9994|3699 Maple St, Riverside|MX
13678|Robert Jones|555-211-4718|6786 Cedar Rd, Springfield|CO
13679|Patricia Williams|555-325-3715|1603 Cedar Rd, Springfield|PE
13680|James Miller|555-900-1788|3640 Maple St, Riverside|CL
13681|Patricia Garcia|555-881-5078|7685 Maple St, Madison|MX
13682|James Davis|555-584-3056|9488 Maple St, Springfield|CO
13683|Jennifer Davis|555-426-3500|1521 Cedar Rd, Madison|PE
13684|Mary Davis|555-507-1983|8102 Cedar Rd, Franklin|CL
13685|Michael Brown|555-648-1854|1654 Lakeview Dr, Madison|MX
13686|Robert Brown|555-290-1625|2510 Cedar Rd, Greenville|CO
13687|Patricia Jones|555-245-8832|1324 Main St, Bristol|PE
13688|Mary Miller|555-891-8732|5396 Lakeview Dr, Greenville|CL
13689|Linda Smith|555-168-3818|7418 Lakeview Dr, Greenville|MX
13690|Patricia Davis|555-231-5763|5725 Maple St, Riverside|CO
13691|Robert Miller|555-211-8889|6531 Cedar Rd, Greenville|PE
13692|Robert Johnson|555-315-9756|347 Maple St, Greenville|CL
13693|Robert Garcia|555-401-6649|8204 Pine St, Greenville|MX
13694|Jennifer Davis|555-855-1124|6749 Main St, Greenville|CO
13695|Michael Williams|555-226-4936|7978 Cedar Rd, Greenville|PE
13696|Robert Johnson|555-162-9392|3395 Oak Ave, Riverside|CL
13697|Patricia Jones|555-612-3531|8444 Oak Ave, Madison|MX
13698|Michael Johnson|555-769-7857|7505 Oak Ave, Madison|CO
13699|James Brown|555-394-1969|1973 Maple St, Madison|PE
13700|Michael Brown|555-928-3541|7347 Pine St, Madison|CL
13701|James Jones|555-760-3210|3073 Pine St, Springfield|MX
13702|Patricia Davis|555-432-9624|5695 Cedar Rd, Franklin|CO
13703|Robert Garcia|555-913-2683|7397 Pine St, Bristol|PE
13704|Michael Smith|555-337-6783|3947 Maple St, Springfield|CL
13705|James Garcia|555-534-1074|486 Main St, Riverside|MX
13706|Michael Smith|555-987-8501|2534 Maple St, Franklin|CO
13707|James Garcia|555-652-6726|4175 Lakeview Dr, Riverside|PE
13708|Patricia Brown|555-174-8056|227 Lakeview Dr, Riverside|CL
13709|John Garcia|555-623-8030|3231 Oak Ave, Springfield|MX
13710|Robert Williams|555-458-1515|5133 Main St, Greenville|CO
13711|Patricia Miller|555-686-7448|6999 Cedar Rd, Springfield|PE
13712|Michael Garcia|555-114-8020|2521 Cedar Rd, Bristol|CL
13713|Jennifer Brown|555-156-4319|7499 Main St, Greenville|MX
13714|Michael Jones|555-900-8193|2859 Maple St, Bristol|CO
13715|Jennifer Davis|555-618-3071|1591 Oak Ave, Greenville|PE
13716|Michael Jones|555-367-9242|9155 Oak Ave, Bristol|CL
13717|Mary Jones|555-287-4176|7613 Lakeview Dr, Riverside|MX
13718|James Brown|555-933-1292|2634 Maple St, Greenville|CO
13719|John Brown|555-987-1327|5219 Lakeview Dr, Franklin|PE
13720|Robert Brown|555-966-3204|992 Pine St, Riverside|CL
13721|Mary Davis|555-400-8051|8233 Main St, Madison|MX
13722|Robert Davis|555-129-8459|9097 Pine St, Franklin|CO
13723|James Davis|555-734-6825|5536 Main St, Madison|PE
13724|Patricia Johnson|555-741-8247|1847 Main St, Franklin|CL
13725|Mary Brown|555-766-1798|9562 Lakeview Dr, Greenville|MX
13726|Michael Johnson|555-307-5640|3562 Cedar Rd, Bristol|CO
13727|Linda Davis|555-679-6962|2306 Maple St, Riverside|PE
13728|James Williams|555-909-6341|3366 Lakeview Dr, Madison|CL
13729|Patricia Garcia|555-140-7795|1146 Maple St, Riverside|MX
13730|Patricia Williams|555-908-1687|253 Pine St, Franklin|CO
13731|Michael Brown|555-973-9636|4213 Cedar Rd, Madison|PE
13732|James Garcia|555-234-7295|4971 Cedar Rd, Franklin|CL
13733|Michael Williams|555-998-1600|9413 Main St, Greenville|MX
13734|James Smith|555-589-8521|2517 Pine St, Franklin|CO
13735|John Brown|555-470-9635|6124 Lakeview Dr, Madison|PE
13736|Linda Davis|555-516-4254|5590 Main St, Riverside|CL
13737|Robert Williams|555-503-8380|6514 Cedar Rd, Riverside|MX
13738|Jennifer Williams|555-379-9088|470 Maple St, Franklin|CO
13739|Patricia Davis|555-401-1933|7347 Lakeview Dr, Bristol|PE
13740|Michael Davis|555-971-8178|9082 Pine St, Springfield|CL
13741|Jennifer Davis|555-179-6531|4561 Maple St, Greenville|MX
13742|Linda Garcia|555-279-1376|4446 Cedar Rd, Bristol|CO
13743|Jennifer Jones|555-690-9071|9460 Maple St, Riverside|PE
13744|Linda Garcia|555-340-3403|4881 Oak Ave, Springfield|CL
13745|Patricia Jones|555-937-3096|6007 Pine St, Franklin|MX
13746|John Jones|555-638-8911|1009 Main St, Bristol|CO
13747|Patricia Smith|555-316-5092|5326 Pine St, Franklin|PE
13748|Linda Garcia|555-661-4883|8469 Lakeview Dr, Bristol|CL
13749|Patricia Brown|555-325-3094|3577 Pine St, Bristol|MX
13750|James Garcia|555-867-3340|2464 Lakeview Dr, Bristol|CO
13751|Patricia Johnson|555-353-9646|7542 Oak Ave, Madison|PE
13752|John Davis|555-485-5188|3637 Pine St, Greenville|CL
13753|Mary Miller|555-323-6791|6906 Lakeview Dr, Franklin|MX
13754|John Davis|555-980-7833|686 Pine St, Franklin|CO
13755|Robert Garcia|555-358-5831|629 Main St, Madison|PE
13756|Robert Garcia|555-120-8908|6399 Oak Ave, Madison|CL
13757|John Garcia|555-962-5476|7587 Lakeview Dr, Bristol|MX
13758|Michael Garcia|555-431-6751|1289 Pine St, Riverside|CO
13759|Robert Johnson|555-691-5315|6668 Maple St, Riverside|PE
13760|John Miller|555-179-1967|9118 Cedar Rd, Riverside|CL
13761|Michael Davis|555-520-7533|6511 Pine St, Bristol|MX
13762|Patricia Garcia|555-155-4176|3410 Cedar Rd, Springfield|CO
13763|Patricia Garcia|555-556-2458|1349 Main St, Springfield|PE
13764|Mary Garcia|555-799-5985|3725 Lakeview Dr, Madison|CL
13765|Patricia Jones|555-728-7697|6942 Lakeview Dr, Madison|MX
13766|Patricia Miller|555-209-4340|5841 Main St, Madison|CO
13767|James Smith|555-221-3596|3830 Lakeview Dr, Springfield|PE
13768|Patricia Johnson|555-556-2298|8299 Cedar Rd, Greenville|CL
13769|Linda Brown|555-730-8801|1275 Oak Ave, Riverside|MX
13770|Robert Davis|555-466-8446|6223 Maple St, Greenville|CO
13771|Mary Miller|555-817-5564|4204 Cedar Rd, Franklin|PE
13772|John Jones|555-240-7119|6684 Oak Ave, Bristol|CL
13773|James Williams|555-678-6367|1684 Lakeview Dr, Bristol|MX
13774|Mary Williams|555-292-3347|1415 Oak Ave, Greenville|CO
13775|John Smith|555-585-6919|9178 Maple St, Madison|PE
13776|John Williams|555-269-2648|918 Maple St, Riverside|CL
13777|Robert Smith|555-306-2845|1126 Maple St, Bristol|MX
13778|Mary Johnson|555-738-6358|8432 Pine St, Bristol|CO
13779|Robert Garcia|555-975-1282|8021 Oak Ave, Greenville|PE
13780|Jennifer Williams|555-872-7816|3360 Lakeview Dr, Riverside|CL
13781|Robert Brown|555-762-3327|2755 Main St, Madison|MX
13782|Jennifer Garcia|555-831-9391|7980 Oak Ave, Greenville|CO
13783|Mary Brown|555-826-2691|5709 Lakeview Dr, Madison|PE
13784|Robert Brown|555-732-5431|8220 Main St, Riverside|CL
13785|Michael Williams|555-321-3817|1040 Maple St, Springfield|MX
13786|Michael Garcia|555-987-1339|6926 Main St, Greenville|CO
13787|Mary Brown|555-306-1844|122 Main St, Madison|PE
13788|Patricia Jones|555-482-8898|6991 Cedar Rd, Madison|CL
13789|Mary Smith|555-417-7879|9960 Oak Ave, Bristol|MX
13790|Patricia Garcia|555-235-4309|9456 Oak Ave, Greenville|CO
13791|Michael Williams|555-314-9490|9699 Oak Ave, Madison|PE
13792|Patricia Davis|555-504-4982|9776 Cedar Rd, Riverside|CL
13793|Michael Brown|555-545-4316|7780 Oak Ave, Riverside|MX
13794|Michael Jones|555-325-8657|1100 Main St, Riverside|CO
13795|Mary Smith|555-852-8007|9520 Lakeview Dr, Riverside|PE
13796|James Smith|555-554-8451|1920 Pine St, Madison|CL
13797|Linda Johnson|555-193-8864|4982 Pine St, Riverside|MX
13798|Mary Williams|555-841-8434|7675 Oak Ave, Greenville|CO
13799|Linda Johnson|555-913-9389|3286 Cedar Rd, Madison|PE
13800|Michael Williams|555-912-7041|2969 Maple St, Springfield|CL
13801|Robert Smith|555-773-7940|5077 Cedar Rd, Greenville|MX
13802|Patricia Garcia|555-679-7292|2033 Oak Ave, Riverside|CO
13803|James Brown|555-621-4077|5287 Cedar Rd, Franklin|PE
13804|Michael Smith|555-410-6398|2352 Oak Ave, Springfield|CL
13805|Robert Johnson|555-599-7231|2225 Cedar Rd, Bristol|MX
13806|Michael Davis|555-133-2480|9721 Lakeview Dr, Bristol|CO
13807|Mary Miller|555-810-1536|7057 Oak Ave, Madison|PE
13808|Linda Miller|555-147-9149|8743 Maple St, Riverside|CL
13809|Mary Smith|555-269-8166|4677 Lakeview Dr, Madison|MX
13810|Linda Johnson|555-122-6763|6342 Maple St, Springfield|CO
13811|Linda Johnson|555-529-8945|4585 Pine St, Greenville|PE
13812|Jennifer Johnson|555-616-1284|7120 Main St, Greenville|CL
13813|John Williams|555-502-8215|6725 Main St, Madison|MX
13814|James Brown|555-296-8048|5963 Cedar Rd, Madison|CO
13815|John Brown|555-842-7347|5838 Lakeview Dr, Greenville|PE
13816|Michael Garcia|555-753-1418|5759 Lakeview Dr, Riverside|CL
13817|Mary Smith|555-613-1554|5035 Pine St, Madison|MX
13818|Linda Garcia|555-329-2860|9073 Lakeview Dr, Greenville|CO
13819|Linda Johnson|555-873-7276|7461 Main St, Riverside|PE
13820|Jennifer Garcia|555-591-4081|2244 Cedar Rd, Springfield|CL
13821|Mary Johnson|555-992-5334|6093 Oak Ave, Springfield|MX
13822|Jennifer Brown|555-646-4373|9469 Lakeview Dr, Madison|CO
13823|James Davis|555-606-3453|4777 Cedar Rd, Bristol|PE
13824|Mary Brown|555-795-4166|806 Cedar Rd, Franklin|CL
13825|James Johnson|555-995-4082|6046 Maple St, Bristol|MX
13826|Mary Smith|555-374-6957|4275 Lakeview Dr, Madison|CO
13827|Linda Smith|555-361-1375|7317 Maple St, Riverside|PE
13828|Patricia Brown|555-542-9539|5270 Maple St, Madison|CL
13829|Michael Miller|555-614-2744|6878 Maple St, Riverside|MX
13830|Robert Williams|555-954-5402|7395 Lakeview Dr, Springfield|CO
13831|James Miller|555-603-1598|8441 Lakeview Dr, Madison|PE
13832|John Johnson|555-268-2947|1669 Pine St, Franklin|CL
13833|John Garcia|555-128-9453|6510 Oak Ave, Springfield|MX
13834|Jennifer Garcia|555-333-8565|5665 Oak Ave, Madison|CO
13835|John Brown|555-418-2446|2141 Cedar Rd, Greenville|PE
13836|James Miller|555-133-7269|4304 Cedar Rd, Springfield|CL
13837|Mary Williams|555-193-1614|8803 Cedar Rd, Riverside|MX
13838|Michael Smith|555-573-7341|2382 Main St, Bristol|CO
13839|James Garcia|555-527-2403|9156 Pine St, Franklin|PE
13840|Mary Davis|555-452-8323|7051 Maple St, Bristol|CL
13841|Robert Williams|555-402-2912|242 Cedar Rd, Madison|MX
13842|Mary Davis|555-471-8252|8184 Main St, Madison|CO
13843|Jennifer Davis|555-633-9497|4079 Pine St, Riverside|PE
13844|Michael Garcia|555-950-5686|9032 Lakeview Dr, Springfield|CL
13845|John Brown|555-378-5092|3211 Main St, Bristol|MX
13846|Jennifer Jones|555-178-4561|1295 Lakeview Dr, Greenville|CO
13847|Linda Jones|555-137-5691|4911 Lakeview Dr, Greenville|PE
13848|Mary Garcia|555-958-6912|4138 Main St, Bristol|CL
13849|Patricia Miller|555-702-1176|8698 Main St, Riverside|MX
13850|Robert Miller|555-954-1125|2945 Main St, Madison|CO
13851|Mary Williams|555-685-8182|2285 Maple St, Bristol|PE
13852|Linda Williams|555-598-3425|5258 Maple St, Bristol|CL
13853|Michael Garcia|555-365-6784|1266 Main St, Madison|MX
13854|Mary Miller|555-787-7933|6763 Pine St, Springfield|CO
13855|Mary Johnson|555-680-4510|4481 Cedar Rd, Greenville|PE
13856|Mary Jones|555-443-9707|4668 Main St, Riverside|CL
13857|John Miller|555-202-6543|3954 Main St, Bristol|MX
13858|John Jones|555-595-8740|1792 Pine St, Riverside|CO
13859|Michael Smith|555-742-8881|1764 Oak Ave, Springfield|PE
13860|Robert Brown|555-637-4132|9962 Cedar Rd, Springfield|CL
13861|Patricia Garcia|555-156-4165|4314 Cedar Rd, Madison|MX
13862|Patricia Garcia|555-112-4380|5420 Oak Ave, Madison|CO
13863|John Smith|555-887-3310|4630 Cedar Rd, Springfield|PE
13864|John Williams|555-790-1249|7811 Cedar Rd, Riverside|CL
13865|John Williams|555-424-8401|1398 Lakeview Dr, Franklin|MX
13866|Mary Jones|555-811-2749|5597 Pine St, Riverside|CO
13867|John Davis|555-471-8872|2585 Lakeview Dr, Bristol|PE
13868|Linda Davis|555-437-1448|9017 Pine St, Madison|CL
13869|Robert Johnson|555-543-9478|4639 Pine St, Madison|MX
13870|John Williams|555-201-8701|8888 Pine St, Madison|CO
13871|Linda Garcia|555-451-6034|7826 Main St, Riverside|PE
13872|John Smith|555-181-4587|5756 Main St, Bristol|CL
13873|Michael Brown|555-255-7250|601 Main St, Springfield|MX
13874|Michael Brown|555-552-6428|728 Maple St, Madison|CO
13875|Mary Brown|555-909-2824|8317 Oak Ave, Franklin|PE
13876|Mary Jones|555-634-8558|7322 Oak Ave, Franklin|CL
13877|Robert Smith|555-460-6782|6957 Maple St, Greenville|MX
13878|John Jones|555-590-8220|802 Main St, Riverside|CO
13879|Linda Garcia|555-587-8369|3585 Lakeview Dr, Bristol|PE
13880|James Miller|555-760-8565|8865 Maple St, Greenville|CL
13881|Michael Johnson|555-238-5571|6781 Oak Ave, Springfield|MX
13882|John Johnson|555-194-4780|6746 Oak Ave, Springfield|CO
13883|James Brown|555-499-6299|7160 Maple St, Bristol|PE
13884|John Brown|555-525-8310|873 Maple St, Springfield|CL
13885|Linda Williams|555-922-2292|2118 Lakeview Dr, Riverside|MX
13886|John Jones|555-397-7913|4862 Oak Ave, Madison|CO
13887|Mary Garcia|555-447-4738|5458 Main St, Madison|PE
13888|Linda Johnson|555-594-5198|5103 Pine St, Springfield|CL
13889|Patricia Miller|555-814-4293|1193 Pine St, Madison|MX
13890|Mary Brown|555-172-8402|6647 Pine St, Franklin|CO
13891|Mary Davis|555-243-5607|2114 Main St, Riverside|PE
13892|Robert Williams|555-371-3355|1927 Maple St, Bristol|CL
13893|Linda Brown|555-428-9627|8823 Lakeview Dr, Springfield|MX
13894|James Brown|555-415-7055|7092 Main St, Springfield|CO
13895|James Garcia|555-876-1740|9604 Maple St, Franklin|PE
13896|Patricia Johnson|555-405-8697|3460 Main St, Madison|CL
13897|Michael Miller|555-147-7517|9761 Maple St, Riverside|MX
13898|Linda Smith|555-324-3658|152 Cedar Rd, Riverside|CO
13899|James Davis|555-672-7447|544 Oak Ave, Franklin|PE
13900|Michael Williams|555-342-9018|2407 Oak Ave, Bristol|CL
13901|Mary Johnson|555-715-6220|6199 Main St, Madison|MX
13902|Robert Jones|555-733-6414|3019 Lakeview Dr, Greenville|CO
13903|Mary Johnson|555-978-9307|6917 Main St, Greenville|PE
13904|Robert Davis|555-544-6165|251 Cedar Rd, Greenville|CL
13905|Jennifer Jones|555-772-6238|451 Lakeview Dr, Springfield|MX
13906|Michael Jones|555-641-6557|986 Main St, Franklin|CO
13907|Patricia Williams|555-777-8232|992 Maple St, Madison|PE
13908|Robert Jones|555-510-8724|5884 Pine St, Bristol|CL
13909|Mary Smith|555-930-7567|4158 Oak Ave, Madison|MX
13910|Robert Johnson|555-739-5576|408 Maple St, Madison|CO
13911|Mary Jones|555-731-5111|2658 Lakeview Dr, Madison|PE
13912|Michael Smith|555-315-3316|3303 Lakeview Dr, Bristol|CL
13913|Jennifer Miller|555-271-8607|7059 Main St, Riverside|MX
13914|Michael Jones|555-800-5048|3348 Pine St, Bristol|CO
13915|James Smith|555-940-2501|5747 Cedar Rd, Franklin|PE
13916|James Johnson|555-803-9121|8127 Maple St, Bristol|CL
13917|Michael Williams|555-721-4916|1570 Cedar Rd, Riverside|MX
13918|Mary Johnson|555-283-6707|5497 Lakeview Dr, Springfield|CO
13919|Robert Davis|555-211-7557|3098 Lakeview Dr, Greenville|PE
13920|Jennifer Garcia|555-756-6045|1266 Lakeview Dr, Greenville|CL
13921|Mary Brown|555-176-6843|3186 Pine St, Bristol|MX
13922|Robert Garcia|555-224-7496|642 Cedar Rd, Greenville|CO
13923|James Smith|555-797-9574|8599 Oak Ave, Bristol|PE
13924|John Garcia|555-742-7018|5516 Oak Ave, Springfield|CL
13925|Jennifer Davis|555-577-1553|3602 Oak Ave, Greenville|MX
13926|John Garcia|555-825-8822|7807 Main St, Greenville|CO
13927|John Smith|555-701-5188|4863 Main St, Madison|PE
13928|Robert Garcia|555-178-4012|2946 Pine St, Riverside|CL
13929|Linda Davis|555-192-4596|343 Oak Ave, Franklin|MX
13930|John Miller|555-391-4358|6259 Oak Ave, Madison|CO
13931|Michael Williams|555-359-8126|4663 Cedar Rd, Franklin|PE
13932|Jennifer Smith|555-283-7326|1284 Maple St, Riverside|CL
13933|Linda Davis|555-659-6630|8886 Oak Ave, Bristol|MX
13934|Robert Davis|555-120-5443|5702 Maple St, Riverside|CO
13935|John Williams|555-365-5034|5900 Pine St, Bristol|PE
13936|Patricia Jones|555-931-5674|8544 Maple St, Riverside|CL
13937|Michael Miller|555-773-9677|2652 Lakeview Dr, Franklin|MX
13938|Jennifer Williams|555-790-9952|9522 Main St, Madison|CO
13939|Patricia Davis|555-731-1146|8830 Pine St, Springfield|PE
13940|Michael Garcia|555-106-2014|8593 Pine St, Madison|CL
13941|John Jones|555-852-3665|8794 Maple St, Bristol|MX
13942|John Jones|555-868-6089|6332 Maple St, Madison|CO
13943|Patricia Miller|555-830-1403|9071 Oak Ave, Springfield|PE
13944|Mary Garcia|555-658-8328|238 Maple St, Franklin|CL
13945|Linda Williams|555-135-5446|2239 Main St, Madison|MX
13946|Linda Garcia|555-160-2166|1210 Lakeview Dr, Greenville|CO
13947|Patricia Brown|555-489-5578|8255 Pine St, Springfield|PE
13948|Patricia Garcia|555-358-6978|2713 Lakeview Dr, Springfield|CL
13949|Michael Johnson|555-975-6336|781 Lakeview Dr, Bristol|MX
13950|John Jones|555-284-5130|4720 Main St, Greenville|CO
13951|John Garcia|555-510-2452|2564 Lakeview Dr, Bristol|PE
13952|Robert Smith|555-167-2380|6624 Maple St, Bristol|CL
13953|John Johnson|555-713-2038|3034 Cedar Rd, Greenville|MX
13954|Mary Davis|555-949-7195|2069 Lakeview Dr, Riverside|CO
13955|Mary Smith|555-201-9564|8945 Lakeview Dr, Franklin|PE
13956|Michael Brown|555-832-3238|3296 Pine St, Riverside|CL
13957|James Johnson|555-457-9815|5029 Maple St, Riverside|MX
13958|Michael Johnson|555-205-7746|6778 Maple St, Madison|CO
13959|James Brown|555-236-7635|6263 Maple St, Bristol|PE
13960|Linda Williams|555-992-2746|2822 Oak Ave, Franklin|CL
13961|Linda Smith|555-751-2789|2242 Maple St, Bristol|MX
13962|Mary Jones|555-254-3677|8173 Pine St, Bristol|CO
13963|Mary Davis|555-373-6237|8485 Oak Ave, Riverside|PE
13964|Mary Johnson|555-373-8209|7375 Lakeview Dr, Franklin|CL
13965|Michael Johnson|555-273-5370|7943 Lakeview Dr, Madison|MX
13966|Patricia Johnson|555-466-9952|6895 Cedar Rd, Madison|CO
13967|Michael Davis|555-294-6466|6557 Main St, Madison|PE
13968|Robert Williams|555-477-5059|2513 Oak Ave, Bristol|CL
13969|John Smith|555-705-4637|6218 Main St, Madison|MX
13970|Robert Smith|555-313-7849|6287 Oak Ave, Franklin|CO
13971|Robert Smith|555-699-5137|1793 Main St, Franklin|PE
13972|Linda Smith|555-591-7596|3743 Main St, Bristol|CL
13973|Linda Miller|555-268-4333|4687 Cedar Rd, Springfield|MX
13974|Patricia Garcia|555-354-7413|4993 Main St, Riverside|CO
13975|James Williams|555-327-1588|1877 Pine St, Riverside|PE
13976|Patricia Smith|555-837-6083|7569 Cedar Rd, Franklin|CL
13977|Jennifer Davis|555-298-2882|2215 Oak Ave, Greenville|MX
13978|James Johnson|555-723-1835|3834 Main St, Franklin|CO
13979|Linda Garcia|555-545-7312|6604 Pine St, Springfield|PE
13980|Michael Davis|555-771-6399|2600 Main St, Bristol|CL
13981|Mary Brown|555-611-2450|1740 Lakeview Dr, Franklin|MX
13982|Linda Johnson|555-461-7258|8614 Oak Ave, Greenville|CO
13983|Jennifer Williams|555-700-2139|6551 Oak Ave, Madison|PE
13984|John Jones|555-394-4996|8457 Cedar Rd, Greenville|CL
13985|Robert Miller|555-224-8489|1812 Cedar Rd, Riverside|MX
13986|James Davis|555-563-9519|6108 Maple St, Bristol|CO
13987|Michael Miller|555-420-9345|4857 Maple St, Riverside|PE
13988|James Jones|555-716-5123|2906 Lakeview Dr, Madison|CL
13989|Mary Jones|555-636-2500|6529 Maple St, Greenville|MX
13990|James Brown|555-614-5527|6058 Maple St, Bristol|CO
13991|Linda Miller|555-273-8275|6776 Main St, Bristol|PE
13992|Linda Williams|555-741-1690|3826 Oak Ave, Springfield|CL
13993|Jennifer Williams|555-833-8785|1258 Cedar Rd, Madison|MX
13994|Mary Williams|555-429-3122|8973 Pine St, Greenville|CO
13995|Michael Smith|555-160-9095|2441 Oak Ave, Bristol|PE
13996|Michael Williams|555-153-2608|7986 Oak Ave, Riverside|CL
13997|John Johnson|555-980-6855|9770 Maple St, Springfield|MX
13998|Michael Jones|555-183-8572|1307 Maple St, Madison|CO
13999|Robert Davis|555-844-8362|1139 Maple St, Greenville|PE
14000|James Miller|555-290-6936|4771 Maple St, Franklin|CL
14001|Mary Williams|555-396-7108|4542 Oak Ave, Bristol|MX
14002|Patricia Brown|555-405-9131|5765 Main St, Bristol|CO
14003|John Williams|555-276-4908|2275 Main St, Bristol|PE
14004|Michael Garcia|555-480-6506|7395 Pine St, Springfield|CL
14005|Jennifer Williams|555-440-2558|2773 Maple St, Franklin|MX
14006|John Davis|555-223-8036|3938 Oak Ave, Madison|CO
14007|Michael Johnson|555-282-3661|5062 Cedar Rd, Greenville|PE
14008|Patricia Davis|555-213-6667|812 Pine St, Riverside|CL
14009|James Miller|555-642-2051|3432 Maple St, Bristol|MX
14010|Michael Smith|555-386-5783|3951 Lakeview Dr, Greenville|CO
14011|Linda Johnson|555-946-1600|6164 Pine St, Springfield|PE
14012|Robert Davis|555-901-8567|7112 Main St, Madison|CL
14013|James Miller|555-734-2898|507 Lakeview Dr, Bristol|MX
14014|Mary Smith|555-459-2240|2494 Pine St, Riverside|CO
14015|Mary Garcia|555-964-1674|3915 Pine St, Bristol|PE
14016|Linda Brown|555-545-4897|2199 Pine St, Springfield|CL
14017|John Davis|555-277-1528|7340 Oak Ave, Bristol|MX
14018|Michael Jones|555-382-4543|1586 Pine St, Riverside|CO
14019|John Williams|555-372-4328|1958 Pine St, Riverside|PE
14020|Linda Davis|555-646-8325|854 Cedar Rd, Madison|CL
14021|Mary Jones|555-433-1784|4274 Lakeview Dr, Springfield|MX
14022|Patricia Smith|555-263-6359|9958 Cedar Rd, Greenville|CO
14023|Jennifer Miller|555-152-1027|6946 Cedar Rd, Greenville|PE
14024|Michael Davis|555-793-9454|5098 Main St, Riverside|CL
14025|Robert Williams|555-823-1894|8953 Oak Ave, Riverside|MX
14026|Robert Jones|555-754-2576|5278 Pine St, Greenville|CO
14027|Patricia Johnson|555-407-1859|6648 Main St, Greenville|PE
14028|John Johnson|555-294-6595|6814 Pine St, Riverside|CL
14029|John Jones|555-905-1828|1240 Pine St, Springfield|MX
14030|Patricia Smith|555-901-8391|7245 Maple St, Madison|CO
14031|Patricia Davis|555-251-5788|8192 Maple St, Franklin|PE
14032|John Davis|555-963-6085|8340 Pine St, Franklin|CL
14033|Patricia Garcia|555-710-9660|9776 Cedar Rd, Riverside|MX
14034|Michael Smith|555-730-2142|9449 Pine St, Riverside|CO
14035|James Garcia|555-270-8732|9748 Pine St, Greenville|PE
14036|Linda Johnson|555-523-5747|642 Pine St, Riverside|CL
14037|John Brown|555-736-3402|1651 Pine St, Riverside|MX
14038|James Davis|555-156-7048|6110 Main St, Franklin|CO
14039|Linda Johnson|555-888-3038|7132 Maple St, Bristol|PE
14040|Patricia Garcia|555-312-3312|8898 Oak Ave, Franklin|CL
14041|Linda Miller|555-392-6393|5762 Oak Ave, Greenville|MX
14042|Robert Garcia|555-200-1049|6911 Oak Ave, Madison|CO
14043|John Garcia|555-871-8597|947 Lakeview Dr, Bristol|PE
14044|Jennifer Johnson|555-817-7145|437 Maple St, Riverside|CL
14045|Jennifer Brown|555-922-8460|2664 Oak Ave, Bristol|MX
14046|Patricia Davis|555-889-4598|1399 Cedar Rd, Greenville|CO
14047|Jennifer Miller|555-694-2925|5498 Lakeview Dr, Madison|PE
14048|James Smith|555-683-3697|2628 Maple St, Greenville|CL
14049|Michael Jones|555-773-7819|2813 Oak Ave, Bristol|MX
14050|Linda Williams|555-574-2696|1157 Maple St, Springfield|CO
14051|Michael Jones|555-688-9162|891 Maple St, Bristol|PE
14052|Patricia Smith|555-801-9794|249 Pine St, Riverside|CL
14053|Linda Williams|555-529-6305|2594 Oak Ave, Springfield|MX
14054|Michael Miller|555-787-9255|9574 Pine St, Greenville|CO
14055|Patricia Miller|555-238-6087|5104 Maple St, Bristol|PE
14056|Robert Johnson|555-178-9240|7633 Oak Ave, Madison|CL
14057|Michael Williams|555-699-3175|9016 Lakeview Dr, Springfield|MX
14058|Patricia Brown|555-535-2533|3138 Main St, Greenville|CO
14059|Robert Brown|555-695-5184|6451 Cedar Rd, Riverside|PE
14060|Robert Davis|555-783-3360|6618 Oak Ave, Franklin|CL
14061|Patricia Garcia|555-722-2079|341 Lakeview Dr, Bristol|MX
14062|John Johnson|555-857-7815|7917 Lakeview Dr, Springfield|CO
14063|James Garcia|555-773-3938|6644 Pine St, Franklin|PE
14064|Robert Johnson|555-305-2810|1479 Lakeview Dr, Franklin|CL
14065|Linda Johnson|555-562-2268|239 Lakeview Dr, Riverside|MX
14066|Linda Garcia|555-725-3931|6018 Maple St, Springfield|CO
14067|Robert Brown|555-988-3441|8617 Cedar Rd, Springfield|PE
14068|Robert Williams|555-362-5604|4535 Pine St, Riverside|CL
14069|Mary Miller|555-491-2219|1778 Cedar Rd, Riverside|MX
14070|Robert Miller|555-185-5858|1888 Pine St, Springfield|CO
14071|James Williams|555-908-7118|8383 Lakeview Dr, Franklin|PE
14072|Mary Jones|555-614-4084|2470 Cedar Rd, Riverside|CL
14073|Robert Miller|555-268-4184|5058 Maple St, Riverside|MX
14074|John Davis|555-899-7305|7647 Cedar Rd, Springfield|CO
14075|Robert Garcia|555-893-1498|3145 Maple St, Bristol|PE
14076|John Smith|555-987-8962|9401 Pine St, Greenville|CL
14077|John Brown|555-105-6545|5712 Cedar Rd, Springfield|MX
14078|Jennifer Jones|555-966-2632|8066 Maple St, Bristol|CO
14079|Michael Brown|555-464-9846|7026 Maple St, Bristol|PE
14080|Robert Miller|555-607-3189|6667 Lakeview Dr, Franklin|CL
14081|Patricia Smith|555-674-3143|1054 Cedar Rd, Franklin|MX
14082|Linda Miller|555-108-8773|3027 Lakeview Dr, Riverside|CO
14083|Linda Williams|555-608-3300|1286 Lakeview Dr, Madison|PE
14084|Patricia Garcia|555-963-3313|3638 Lakeview Dr, Bristol|CL
14085|Patricia Johnson|555-767-1908|5077 Main St, Riverside|MX
14086|Michael Brown|555-233-9394|6154 Oak Ave, Greenville|CO
14087|Michael Jones|555-675-8379|8741 Oak Ave, Madison|PE
14088|Patricia Brown|555-539-6196|8215 Main St, Bristol|CL
14089|John Davis|555-660-3714|9371 Pine St, Springfield|MX
14090|Robert Brown|555-329-9750|9454 Oak Ave, Franklin|CO
14091|Linda Brown|555-437-4960|5975 Cedar Rd, Greenville|PE
14092|Linda Miller|555-870-9157|6523 Pine St, Greenville|CL
14093|James Brown|555-814-8103|1810 Main St, Madison|MX
14094|John Garcia|555-930-7573|6139 Lakeview Dr, Madison|CO
14095|James Miller|555-667-3107|5414 Pine St, Springfield|PE
14096|Jennifer Brown|555-844-6375|9208 Maple St, Bristol|CL
14097|James Johnson|555-390-6267|1334 Cedar Rd, Riverside|MX
14098|Patricia Williams|555-750-9168|9287 Pine St, Bristol|CO
14099|Linda Smith|555-636-3609|3610 Lakeview Dr, Greenville|PE
14100|Michael Davis|555-292-1349|6292 Maple St, Springfield|CL
14101|Patricia Jones|555-360-4101|8612 Cedar Rd, Madison|MX
14102|Michael Miller|555-277-7302|7700 Oak Ave, Madison|CO
14103|John Miller|555-566-1674|9957 Pine St, Franklin|PE
14104|Jennifer Jones|555-133-9073|1038 Main St, Riverside|CL
14105|James Smith|555-107-9522|9752 Cedar Rd, Madison|MX
14106|Michael Davis|555-889-1799|1709 Main St, Riverside|CO
14107|Mary Johnson|555-782-4476|316 Cedar Rd, Springfield|PE
14108|Patricia Brown|555-339-5808|8441 Cedar Rd, Riverside|CL
14109|Mary Smith|555-245-2381|8691 Cedar Rd, Springfield|MX
14110|James Miller|555-849-2816|2830 Oak Ave, Madison|CO
14111|John Jones|555-542-5457|1609 Pine St, Bristol|PE
14112|Linda Williams|555-474-3907|5693 Maple St, Riverside|CL
14113|Jennifer Smith|555-648-3566|2202 Main St, Springfield|MX
14114|Robert Davis|555-339-5235|9427 Lakeview Dr, Bristol|CO
14115|Linda Williams|555-927-6896|4294 Maple St, Springfield|PE
14116|Mary Smith|555-868-4829|3537 Pine St, Springfield|CL
14117|Michael Jones|555-203-8191|9180 Oak Ave, Springfield|MX
14118|Patricia Williams|555-981-2861|4698 Pine St, Greenville|CO
14119|Jennifer Williams|555-951-2238|7340 Lakeview Dr, Franklin|PE
14120|Jennifer Miller|555-956-2730|5962 Oak Ave, Madison|CL
14121|Patricia Johnson|555-532-8765|1958 Maple St, Greenville|MX
14122|Michael Garcia|555-258-2772|7823 Cedar Rd, Greenville|CO
14123|James Davis|555-911-3805|4960 Cedar Rd, Bristol|PE
14124|Jennifer Smith|555-705-3625|4370 Pine St, Madison|CL
14125|John Johnson|555-805-9694|8743 Pine St, Franklin|MX
14126|Linda Williams|555-435-2706|658 Maple St, Franklin|CO
14127|Linda Smith|555-573-1446|6390 Lakeview Dr, Bristol|PE
14128|Jennifer Miller|555-710-7249|8401 Cedar Rd, Franklin|CL
14129|Mary Smith|555-909-4399|8638 Maple St, Springfield|MX
14130|Jennifer Jones|555-340-2124|6418 Main St, Greenville|CO
14131|Mary Brown|555-257-9674|685 Main St, Bristol|PE
14132|Michael Jones|555-303-8390|6001 Pine St, Franklin|CL
14133|Linda Brown|555-694-7391|2899 Pine St, Bristol|MX
14134|Mary Johnson|555-567-3641|766 Main St, Franklin|CO
14135|Mary Garcia|555-170-3041|3262 Main St, Riverside|PE
14136|John Davis|555-959-2622|4774 Lakeview Dr, Springfield|CL
14137|James Jones|555-618-7688|103 Main St, Riverside|MX
14138|Jennifer Brown|555-135-5616|9181 Pine St, Bristol|CO
14139|Robert Garcia|555-322-9687|4066 Main St, Springfield|PE
14140|James Davis|555-213-8899|5430 Lakeview Dr, Bristol|CL
14141|Michael Jones|555-441-7529|9517 Lakeview Dr, Springfield|MX
14142|Mary Johnson|555-597-2143|4737 Main St, Springfield|CO
14143|Mary Johnson|555-773-6472|8932 Pine St, Franklin|PE
14144|Michael Smith|555-682-5108|1727 Cedar Rd, Greenville|CL
14145|John Smith|555-109-1809|1053 Main St, Franklin|MX
14146|Linda Jones|555-288-5677|7609 Cedar Rd, Madison|CO
14147|Linda Miller|555-708-6724|6342 Pine St, Greenville|PE
14148|Mary Johnson|555-450-4619|5095 Oak Ave, Riverside|CL
14149|Jennifer Brown|555-255-1183|9306 Maple St, Greenville|MX
14150|Patricia Brown|555-190-3835|529 Cedar Rd, Greenville|CO
14151|Patricia Jones|555-177-1771|2481 Main St, Greenville|PE
14152|Michael Smith|555-673-9600|2467 Pine St, Greenville|CL
14153|Mary Jones|555-494-1578|847 Cedar Rd, Springfield|MX
14154|John Miller|555-543-5161|4823 Main St, Springfield|CO
14155|Linda Garcia|555-430-1970|1076 Oak Ave, Franklin|PE
14156|Jennifer Brown|555-670-3408|3522 Lakeview Dr, Bristol|CL
14157|Mary Garcia|555-692-2484|3106 Lakeview Dr, Franklin|MX
14158|James Williams|555-354-6633|2879 Oak Ave, Madison|CO
14159|Jennifer Brown|555-334-6494|8102 Maple St, Bristol|PE
14160|John Miller|555-955-4332|731 Cedar Rd, Franklin|CL
14161|John Brown|555-788-2456|6835 Cedar Rd, Madison|MX
14162|Patricia Smith|555-359-3638|2769 Maple St, Springfield|CO
14163|John Smith|555-834-5348|4975 Oak Ave, Greenville|PE
14164|Linda Smith|555-340-1087|2952 Lakeview Dr, Springfield|CL
14165|Michael Miller|555-240-9616|3756 Maple St, Springfield|MX
14166|Linda Smith|555-984-1407|1651 Cedar Rd, Franklin|CO
14167|Robert Davis|555-502-6109|1166 Maple St, Madison|PE
14168|Jennifer Davis|555-982-9627|7509 Cedar Rd, Franklin|CL
14169|John Williams|555-532-9753|1519 Main St, Riverside|MX
14170|Michael Williams|555-295-7893|6774 Cedar Rd, Bristol|CO
14171|Linda Davis|555-376-8379|9760 Pine St, Springfield|PE
14172|Michael Smith|555-498-6252|2861 Cedar Rd, Springfield|CL
14173|Mary Davis|555-550-9121|9481 Cedar Rd, Springfield|MX
14174|John Brown|555-187-9660|3848 Oak Ave, Riverside|CO
14175|Michael Brown|555-707-7102|1838 Main St, Madison|PE
14176|Mary Johnson|555-284-8931|7530 Pine St, Springfield|CL
14177|Linda Miller|555-331-6700|7871 Main St, Franklin|MX
14178|Robert Miller|555-787-1812|9579 Pine St, Bristol|CO
14179|Michael Brown|555-382-1693|7914 Lakeview Dr, Greenville|PE
14180|Patricia Davis|555-944-4087|940 Pine St, Riverside|CL
14181|Robert Jones|555-428-9900|9970 Main St, Greenville|MX
14182|Jennifer Davis|555-227-4714|7605 Main St, Franklin|CO
14183|John Davis|555-300-6956|3622 Cedar Rd, Greenville|PE
14184|Jennifer Garcia|555-190-1189|2229 Pine St, Springfield|CL
14185|Michael Johnson|555-631-6769|1026 Pine St, Franklin|MX
14186|Linda Miller|555-689-8977|396 Pine St, Madison|CO
14187|John Garcia|555-127-1057|2003 Pine St, Springfield|PE
14188|Mary Jones|555-982-9703|5094 Cedar Rd, Bristol|CL
14189|Jennifer Davis|555-852-6819|3555 Maple St, Bristol|MX
14190|Patricia Miller|555-930-8203|5359 Main St, Bristol|CO
14191|Michael Williams|555-415-5383|7014 Main St, Bristol|PE
14192|Patricia Davis|555-638-9407|8588 Oak Ave, Riverside|CL
14193|John Smith|555-214-7155|9525 Oak Ave, Riverside|MX
14194|Patricia Brown|555-400-5550|203 Cedar Rd, Greenville|CO
14195|Robert Miller|555-425-2245|3816 Lakeview Dr, Riverside|PE
14196|James Smith|555-110-1336|4788 Cedar Rd, Riverside|CL
14197|Robert Garcia|555-335-1417|1524 Maple St, Greenville|MX
14198|James Miller|555-690-5665|369 Pine St, Franklin|CO
14199|Michael Davis|555-283-1040|1320 Main St, Greenville|PE
14200|Jennifer Garcia|555-772-5218|8775 Lakeview Dr, Riverside|CL
14201|Mary Davis|555-450-4045|5480 Pine St, Bristol|MX
14202|Michael Brown|555-783-5995|6132 Main St, Riverside|CO
14203|Robert Johnson|555-507-5791|826 Pine St, Franklin|PE
14204|Patricia Jones|555-324-4944|6314 Maple St, Madison|CL
14205|James Brown|555-656-8804|4927 Oak Ave, Riverside|MX
14206|James Brown|555-676-3234|7699 Cedar Rd, Springfield|CO
14207|Mary Davis|555-552-3291|3373 Pine St, Riverside|PE
14208|Linda Brown|555-580-8419|5618 Maple St, Franklin|CL
14209|Robert Johnson|555-678-6198|5102 Maple St, Madison|MX
14210|Mary Garcia|555-496-1758|4904 Oak Ave, Springfield|CO
14211|Patricia Brown|555-916-4579|8173 Lakeview Dr, Madison|PE
14212|Patricia Jones|555-724-7940|8363 Oak Ave, Riverside|CL
14213|Linda Williams|555-803-4015|3843 Lakeview Dr, Franklin|MX
14214|James Smith|555-716-9152|8461 Pine St, Greenville|CO
14215|Mary Smith|555-460-7767|3644 Cedar Rd, Bristol|PE
14216|Linda Davis|555-755-2148|9518 Oak Ave, Springfield|CL
14217|Patricia Jones|555-902-1401|9297 Cedar Rd, Greenville|MX
14218|Michael Jones|555-241-2444|5984 Oak Ave, Madison|CO
14219|Michael Davis|555-449-2211|2962 Main St, Riverside|PE
14220|Jennifer Smith|555-919-8956|739 Maple St, Greenville|CL
14221|Jennifer Jones|555-788-7442|6233 Lakeview Dr, Bristol|MX
14222|Jennifer Brown|555-946-8321|9922 Main St, Bristol|CO
14223|James Davis|555-868-2965|9781 Maple St, Bristol|PE
14224|John Smith|555-656-8124|9047 Lakeview Dr, Bristol|CL
14225|Robert Brown|555-177-4236|5345 Oak Ave, Bristol|MX
14226|Mary Smith|555-319-8315|240 Lakeview Dr, Springfield|CO
14227|Patricia Johnson|555-125-8034|7853 Maple St, Greenville|PE
14228|Jennifer Davis|555-122-9414|9503 Main St, Springfield|CL
14229|Patricia Williams|555-665-7681|1715 Pine St, Riverside|MX
14230|Mary Smith|555-376-6599|8281 Lakeview Dr, Springfield|CO
14231|Michael Smith|555-213-7392|7055 Main St, Madison|PE
14232|Jennifer Williams|555-693-5392|4106 Main St, Greenville|CL
14233|John Miller|555-380-8087|4381 Main St, Franklin|MX
14234|Jennifer Davis|555-994-9285|7204 Maple St, Bristol|CO
14235|John Brown|555-440-2392|4929 Oak Ave, Madison|PE
14236|John Brown|555-895-4723|1204 Lakeview Dr, Franklin|CL
14237|Linda Miller|555-943-6052|714 Cedar Rd, Riverside|MX
14238|Patricia Davis|555-654-4541|7284 Pine St, Riverside|CO
14239|James Brown|555-608-6828|1553 Cedar Rd, Greenville|PE
14240|Linda Garcia|555-953-2534|5983 Main St, Franklin|CL
14241|Mary Johnson|555-618-3821|9397 Maple St, Greenville|MX
14242|Michael Smith|555-815-4351|9249 Oak Ave, Springfield|CO
14243|Michael Garcia|555-714-7489|3090 Lakeview Dr, Riverside|PE
14244|Jennifer Brown|555-762-6046|8226 Oak Ave, Greenville|CL
14245|Linda Brown|555-784-5690|7638 Cedar Rd, Springfield|MX
14246|Patricia Garcia|555-259-5990|312 Oak Ave, Bristol|CO
14247|James Davis|555-618-8204|1012 Cedar Rd, Bristol|PE
14248|Linda Jones|555-128-1536|6448 Cedar Rd, Greenville|CL
14249|Linda Jones|555-888-2028|4943 Cedar Rd, Bristol|MX
14250|Robert Johnson|555-861-7760|6974 Maple St, Riverside|CO
14251|Jennifer Smith|555-254-1266|8575 Lakeview Dr, Greenville|PE
14252|Mary Williams|555-442-8146|980 Pine St, Riverside|CL
14253|Linda Jones|555-161-4677|2969 Maple St, Springfield|MX
14254|Robert Williams|555-141-3057|4778 Oak Ave, Greenville|CO
14255|Linda Jones|555-672-7387|5288 Cedar Rd, Springfield|PE
14256|Michael Jones|555-610-7647|1807 Main St, Madison|CL
14257|James Davis|555-425-7184|2816 Maple St, Madison|MX
14258|Mary Jones|555-553-1436|9013 Cedar Rd, Bristol|CO
14259|Michael Brown|555-713-6927|7869 Oak Ave, Madison|PE
14260|Michael Garcia|555-900-1472|8534 Oak Ave, Greenville|CL
14261|Jennifer Davis|555-111-3016|6090 Maple St, Riverside|MX
14262|Robert Johnson|555-333-7860|925 Main St, Springfield|CO
14263|Linda Jones|555-188-9137|6261 Pine St, Springfield|PE
14264|Patricia Johnson|555-122-8152|5268 Lakeview Dr, Springfield|CL
14265|Mary Williams|555-281-9582|927 Pine St, Greenville|MX
14266|Robert Garcia|555-587-2889|2450 Maple St, Riverside|CO
14267|Robert Brown|555-877-1613|4380 Main St, Bristol|PE
14268|James Brown|555-839-1481|7109 Pine St, Madison|CL
14269|Mary Miller|555-433-5435|5657 Cedar Rd, Franklin|MX
14270|John Miller|555-664-9744|3376 Cedar Rd, Franklin|CO
14271|James Davis|555-791-9327|2628 Oak Ave, Franklin|PE
14272|James Williams|555-489-4517|9983 Pine St, Riverside|CL
14273|Linda Davis|555-787-9307|3571 Maple St, Bristol|MX
14274|Michael Williams|555-581-6348|2493 Oak Ave, Springfield|CO
14275|Mary Jones|555-632-6031|5291 Lakeview Dr, Springfield|PE
14276|Mary Jones|555-579-4010|6641 Cedar Rd, Springfield|CL
14277|James Williams|555-573-1521|3689 Maple St, Greenville|MX
14278|Mary Jones|555-381-7525|3043 Pine St, Springfield|CO
14279|Linda Jones|555-697-8443|9144 Maple St, Bristol|PE
14280|Jennifer Davis|555-801-4470|5278 Oak Ave, Riverside|CL
14281|James Brown|555-821-2733|7917 Oak Ave, Riverside|MX
14282|Jennifer Smith|555-271-3359|8331 Pine St, Riverside|CO
14283|Jennifer Smith|555-278-1718|6510 Lakeview Dr, Franklin|PE
14284|Mary Smith|555-642-4875|8089 Pine St, Madison|CL
14285|James Garcia|555-816-3639|8038 Cedar Rd, Riverside|MX
14286|Jennifer Johnson|555-781-8224|608 Main St, Bristol|CO
14287|Robert Brown|555-959-9831|9727 Main St, Greenville|PE
14288|Patricia Garcia|555-182-8447|1495 Maple St, Riverside|CL
14289|Michael Jones|555-622-7537|8939 Lakeview Dr, Franklin|MX
14290|Patricia Miller|555-266-1960|3734 Maple St, Bristol|CO
14291|Robert Miller|555-272-7626|1464 Cedar Rd, Springfield|PE
14292|Robert Smith|555-765-5926|8408 Main St, Bristol|CL
14293|James Davis|555-153-7866|2452 Maple St, Riverside|MX
14294|Linda Johnson|555-477-1386|2834 Pine St, Madison|CO
14295|Robert Johnson|555-251-9664|5891 Cedar Rd, Bristol|PE
14296|John Miller|555-691-4654|3520 Cedar Rd, Riverside|CL
14297|John Garcia|555-769-4353|349 Oak Ave, Madison|MX
14298|Robert Johnson|555-571-6703|2351 Oak Ave, Franklin|CO
14299|Jennifer Johnson|555-735-2751|8968 Oak Ave, Franklin|PE
14300|Michael Brown|555-614-9650|8296 Maple St, Riverside|CL
14301|Linda Jones|555-239-8648|4582 Pine St, Franklin|MX
14302|Jennifer Jones|555-845-2278|3931 Maple St, Springfield|CO
14303|John Johnson|555-296-7358|2195 Main St, Greenville|PE
14304|Linda Smith|555-752-1630|6654 Lakeview Dr, Madison|CL
14305|Mary Smith|555-520-5446|6836 Oak Ave, Franklin|MX
14306|Michael Jones|555-473-8378|702 Maple St, Bristol|CO
14307|Mary Smith|555-227-7864|487 Maple St, Riverside|PE
14308|Jennifer Garcia|555-474-4630|5378 Pine St, Springfield|CL
14309|Linda Davis|555-160-2629|3313 Cedar Rd, Bristol|MX
14310|Linda Garcia|555-834-9191|1154 Main St, Riverside|CO
14311|James Johnson|555-893-5127|5515 Maple St, Bristol|PE
14312|Mary Garcia|555-188-6794|6253 Pine St, Franklin|CL
14313|Michael Jones|555-851-4083|7400 Cedar Rd, Madison|MX
14314|Mary Miller|555-403-8274|3735 Main St, Bristol|CO
14315|James Brown|555-572-9701|5158 Cedar Rd, Franklin|PE
14316|John Brown|555-608-8699|2899 Cedar Rd, Riverside|CL
14317|Patricia Williams|555-718-2226|9482 Oak Ave, Springfield|MX
14318|Mary Williams|555-690-8126|1840 Maple St, Franklin|CO
14319|Patricia Williams|555-873-1510|9783 Pine St, Springfield|PE
14320|James Miller|555-675-7810|4919 Oak Ave, Bristol|CL
14321|Patricia Williams|555-342-6014|6538 Pine St, Franklin|MX
14322|Jennifer Williams|555-414-5767|7934 Cedar Rd, Madison|CO
14323|Jennifer Jones|555-804-9587|2331 Lakeview Dr, Bristol|PE
14324|Robert Brown|555-687-1417|255 Maple St, Bristol|CL
14325|Jennifer Miller|555-645-8886|8921 Oak Ave, Riverside|MX
14326|Patricia Brown|555-545-2566|4830 Oak Ave, Bristol|CO
14327|Robert Smith|555-844-2523|2250 Lakeview Dr, Greenville|PE
14328|Robert Williams|555-157-6269|4369 Maple St, Springfield|CL
14329|Linda Jones|555-518-2196|3787 Main St, Springfield|MX
14330|Linda Johnson|555-424-9693|4028 Oak Ave, Greenville|CO
14331|James Brown|555-826-3569|7129 Oak Ave, Madison|PE
14332|Patricia Johnson|555-546-9585|8178 Pine St, Greenville|CL
14333|Michael Jones|555-220-2103|1201 Cedar Rd, Franklin|MX
14334|Jennifer Miller|555-174-3491|7098 Cedar Rd, Bristol|CO
14335|James Williams|555-296-7864|7852 Oak Ave, Bristol|PE
14336|Jennifer Garcia|555-153-2022|1670 Lakeview Dr, Madison|CL
14337|Michael Jones|555-724-1069|7625 Main St, Franklin|MX
14338|Jennifer Miller|555-968-3144|5202 Main St, Riverside|CO
14339|Robert Miller|555-286-3680|4453 Maple St, Bristol|PE
14340|Jennifer Johnson|555-381-4868|8171 Main St, Riverside|CL
14341|Patricia Davis|555-477-5874|5494 Pine St, Franklin|MX
14342|John Jones|555-699-7745|9274 Cedar Rd, Franklin|CO
14343|Robert Smith|555-290-1990|7230 Pine St, Riverside|PE
14344|Robert Smith|555-974-9397|6308 Pine St, Greenville|CL
14345|Michael Johnson|555-256-8587|3936 Lakeview Dr, Greenville|MX
14346|Robert Johnson|555-708-9138|1343 Cedar Rd, Greenville|CO
14347|Michael Davis|555-997-1022|6248 Lakeview Dr, Madison|PE
14348|Robert Miller|555-749-1256|5172 Main St, Madison|CL
14349|Patricia Jones|555-300-7416|1251 Oak Ave, Riverside|MX
14350|John Smith|555-750-7566|9062 Oak Ave, Greenville|CO
14351|Michael Williams|555-674-8509|4738 Lakeview Dr, Riverside|PE
14352|Michael Garcia|555-552-2813|3955 Maple St, Madison|CL
14353|John Miller|555-349-1786|4200 Maple St, Greenville|MX
14354|James Miller|555-960-5110|8820 Cedar Rd, Bristol|CO
14355|Mary Smith|555-232-2758|4164 Oak Ave, Springfield|PE
14356|Robert Brown|555-750-7065|6542 Lakeview Dr, Springfield|CL
14357|Jennifer Johnson|555-106-6839|4104 Pine St, Riverside|MX
14358|Robert Smith|555-145-1186|4586 Maple St, Springfield|CO
14359|James Smith|555-522-1558|6925 Oak Ave, Riverside|PE
14360|Jennifer Williams|555-471-3942|590 Pine St, Franklin|CL
14361|Robert Davis|555-294-1314|6140 Lakeview Dr, Franklin|MX
14362|Robert Smith|555-792-8023|7953 Maple St, Springfield|CO
14363|Linda Smith|555-797-3884|5123 Main St, Greenville|PE
14364|Linda Garcia|555-340-2512|3730 Oak Ave, Bristol|CL
14365|Mary Jones|555-968-1183|429 Cedar Rd, Greenville|MX
14366|John Garcia|555-214-9114|3700 Lakeview Dr, Bristol|CO
14367|Patricia Miller|555-351-1464|9633 Maple St, Bristol|PE
14368|John Brown|555-921-3041|9430 Oak Ave, Greenville|CL
14369|Linda Brown|555-267-2099|4364 Cedar Rd, Bristol|MX
14370|John Garcia|555-509-8730|3743 Main St, Riverside|CO
14371|John Garcia|555-642-7447|2268 Maple St, Riverside|PE
14372|James Johnson|555-162-3155|3523 Cedar Rd, Greenville|CL
14373|Mary Johnson|555-156-7041|5927 Main St, Franklin|MX
14374|Robert Smith|555-960-3343|6538 Pine St, Springfield|CO
14375|Linda Davis|555-359-4007|2611 Lakeview Dr, Greenville|PE
14376|Patricia Jones|555-814-2775|8329 Lakeview Dr, Madison|CL
14377|James Williams|555-586-4783|6773 Main St, Franklin|MX
14378|Robert Miller|555-726-5170|147 Main St, Bristol|CO
14379|Linda Smith|555-598-9961|5648 Pine St, Greenville|PE
14380|Jennifer Smith|555-968-9397|2853 Lakeview Dr, Madison|CL
14381|John Williams|555-701-2673|3360 Lakeview Dr, Springfield|MX
14382|Mary Johnson|555-946-6588|2463 Lakeview Dr, Franklin|CO
14383|Linda Miller|555-665-2086|8429 Main St, Madison|PE
14384|Patricia Jones|555-447-4022|661 Cedar Rd, Franklin|CL
14385|Jennifer Miller|555-974-8705|9329 Lakeview Dr, Springfield|MX
14386|Michael Brown|555-172-8709|1783 Main St, Riverside|CO
14387|Jennifer Davis|555-478-3178|9616 Pine St, Bristol|PE
14388|Jennifer Miller|555-949-5253|9635 Oak Ave, Riverside|CL
14389|Jennifer Smith|555-422-8876|9780 Pine St, Franklin|MX
14390|James Smith|555-837-7183|7944 Lakeview Dr, Springfield|CO
14391|Jennifer Davis|555-493-9037|5867 Lakeview Dr, Greenville|PE
14392|Mary Brown|555-574-9064|5381 Maple St, Greenville|CL
14393|Robert Williams|555-387-7891|6412 Main St, Franklin|MX
14394|Jennifer Davis|555-238-4224|2878 Pine St, Bristol|CO
14395|Mary Williams|555-495-6029|3426 Cedar Rd, Madison|PE
14396|James Miller|555-723-2899|3148 Pine St, Riverside|CL
14397|Mary Brown|555-344-6573|7688 Cedar Rd, Franklin|MX
14398|Jennifer Brown|555-241-9013|4734 Main St, Greenville|CO
14399|Mary Davis|555-835-4359|8525 Cedar Rd, Springfield|PE
14400|Mary Davis|555-100-7774|8674 Main St, Springfield|CL
14401|Michael Miller|555-995-6208|1169 Main St, Franklin|MX
14402|Linda Johnson|555-721-6171|9547 Lakeview Dr, Franklin|CO
14403|Jennifer Smith|555-127-4041|9401 Lakeview Dr, Franklin|PE
14404|Linda Davis|555-337-1888|3654 Oak Ave, Madison|CL
14405|Linda Williams|555-493-5256|3129 Oak Ave, Riverside|MX
14406|Jennifer Jones|555-371-2733|3436 Main St, Bristol|CO
14407|John Garcia|555-201-2619|6876 Lakeview Dr, Riverside|PE
14408|John Miller|555-868-8616|7965 Pine St, Madison|CL
14409|Robert Garcia|555-147-3313|8563 Oak Ave, Springfield|MX
14410|John Brown|555-940-3269|5722 Pine St, Bristol|CO
14411|Jennifer Williams|555-897-7114|6762 Maple St, Franklin|PE
14412|James Williams|555-821-6922|4364 Cedar Rd, Madison|CL
14413|Michael Smith|555-887-7815|461 Oak Ave, Riverside|MX
14414|James Johnson|555-507-4470|3303 Pine St, Franklin|CO
14415|James Miller|555-931-5858|2056 Lakeview Dr, Riverside|PE
14416|Mary Miller|555-844-6540|2301 Cedar Rd, Franklin|CL
14417|Jennifer Garcia|555-593-3570|9164 Oak Ave, Bristol|MX
14418|Linda Jones|555-989-5114|218 Oak Ave, Springfield|CO
14419|Mary Miller|555-255-8321|9380 Oak Ave, Franklin|PE
14420|Michael Miller|555-653-9677|3975 Maple St, Franklin|CL
14421|Mary Miller|555-920-1316|9923 Pine St, Franklin|MX
14422|Robert Johnson|555-572-7433|1662 Cedar Rd, Franklin|CO
14423|Linda Williams|555-752-4814|5372 Main St, Bristol|PE
14424|John Miller|555-756-2412|3309 Oak Ave, Franklin|CL
14425|Mary Garcia|555-325-6870|6269 Maple St, Bristol|MX
14426|Linda Miller|555-886-8017|6530 Oak Ave, Franklin|CO
14427|John Davis|555-569-1353|4516 Cedar Rd, Riverside|PE
14428|Patricia Davis|555-987-8193|6711 Lakeview Dr, Madison|CL
14429|John Davis|555-180-3677|4717 Pine St, Bristol|MX
14430|Robert Williams|555-615-8472|5206 Oak Ave, Madison|CO
14431|Jennifer Jones|555-334-2329|8903 Cedar Rd, Greenville|PE
14432|Mary Johnson|555-492-4944|5742 Lakeview Dr, Bristol|CL
14433|Jennifer Brown|555-825-8136|9410 Maple St, Madison|MX
14434|James Williams|555-340-3680|3340 Oak Ave, Madison|CO
14435|James Davis|555-218-1615|3399 Main St, Springfield|PE
14436|Linda Davis|555-129-8135|2699 Oak Ave, Greenville|CL
14437|Mary Smith|555-328-1994|2210 Lakeview Dr, Bristol|MX
14438|Linda Garcia|555-334-6889|4348 Cedar Rd, Franklin|CO
14439|Patricia Davis|555-427-3677|1806 Pine St, Springfield|PE
14440|Patricia Johnson|555-537-3015|2410 Maple St, Riverside|CL
14441|Robert Garcia|555-861-1223|2357 Lakeview Dr, Franklin|MX
14442|James Garcia|555-856-1632|1936 Cedar Rd, Madison|CO
14443|Michael Smith|555-358-6875|8747 Pine St, Madison|PE
14444|Jennifer Brown|555-227-3847|7338 Oak Ave, Bristol|CL
14445|Mary Williams|555-408-3225|6414 Cedar Rd, Madison|MX
14446|Mary Johnson|555-430-3891|7909 Lakeview Dr, Bristol|CO
14447|Mary Jones|555-920-2879|8972 Maple St, Springfield|PE
14448|Mary Smith|555-550-2359|7285 Lakeview Dr, Madison|CL
14449|James Miller|555-412-9476|9557 Cedar Rd, Greenville|MX
14450|Linda Jones|555-833-8155|8870 Lakeview Dr, Riverside|CO
14451|John Williams|555-759-6487|2196 Cedar Rd, Riverside|PE
14452|Linda Williams|555-597-7901|3882 Pine St, Greenville|CL
14453|Michael Smith|555-646-5963|2273 Oak Ave, Greenville|MX
14454|Jennifer Johnson|555-284-1506|3336 Main St, Springfield|CO
14455|Mary Brown|555-570-9046|1148 Main St, Franklin|PE
14456|Michael Garcia|555-474-3089|5735 Pine St, Madison|CL
14457|James Williams|555-697-5205|9411 Lakeview Dr, Greenville|MX
14458|Patricia Smith|555-759-9426|4562 Lakeview Dr, Madison|CO
14459|Linda Miller|555-540-9084|1438 Oak Ave, Springfield|PE
14460|Linda Williams|555-215-4451|9597 Main St, Franklin|CL
14461|Michael Miller|555-971-1547|5115 Pine St, Franklin|MX
14462|Patricia Davis|555-522-9302|2187 Maple St, Springfield|CO
14463|Jennifer Brown|555-416-1243|642 Pine St, Springfield|PE
14464|Patricia Jones|555-268-9795|6944 Pine St, Riverside|CL
14465|Robert Davis|555-999-6574|5359 Maple St, Franklin|MX
14466|Patricia Brown|555-538-1667|8742 Oak Ave, Franklin|CO
14467|Robert Miller|555-125-3052|7268 Oak Ave, Franklin|PE
14468|Robert Miller|555-673-3393|8353 Pine St, Franklin|CL
14469|Mary Brown|555-839-5126|8967 Main St, Madison|MX
14470|Michael Davis|555-313-9936|1842 Pine St, Madison|CO
14471|Jennifer Garcia|555-384-6378|8984 Pine St, Franklin|PE
14472|Patricia Garcia|555-935-3685|9064 Pine St, Madison|CL
14473|Michael Garcia|555-406-3563|1276 Cedar Rd, Bristol|MX
14474|Jennifer Jones|555-603-1899|1558 Cedar Rd, Greenville|CO
14475|Patricia Garcia|555-585-6841|1629 Maple St, Riverside|PE
14476|John Johnson|555-287-1282|4571 Pine St, Springfield|CL
14477|Mary Garcia|555-109-2603|4749 Main St, Madison|MX
14478|James Jones|555-542-4376|5970 Oak Ave, Riverside|CO
14479|Patricia Williams|555-225-6658|2157 Oak Ave, Riverside|PE
14480|Robert Garcia|555-789-6083|4794 Lakeview Dr, Greenville|CL
14481|James Garcia|555-399-7618|7545 Lakeview Dr, Madison|MX
14482|Mary Jones|555-432-9618|9421 Lakeview Dr, Greenville|CO
14483|Mary Smith|555-506-2664|9731 Cedar Rd, Riverside|PE
14484|Robert Brown|555-159-7363|5252 Cedar Rd, Madison|CL
14485|Michael Miller|555-343-2076|9232 Maple St, Springfield|MX
14486|John Williams|555-326-3391|8764 Main St, Springfield|CO
14487|Linda Smith|555-541-4203|4169 Cedar Rd, Madison|PE
14488|Linda Johnson|555-536-9731|4841 Cedar Rd, Bristol|CL
14489|Robert Garcia|555-168-8332|5928 Maple St, Madison|MX
14490|Linda Garcia|555-445-2171|1418 Lakeview Dr, Franklin|CO
14491|John Garcia|555-572-3565|5426 Lakeview Dr, Bristol|PE
14492|Michael Williams|555-791-2761|7733 Main St, Franklin|CL
14493|Mary Brown|555-139-2765|1036 Cedar Rd, Springfield|MX
14494|Jennifer Jones|555-432-5987|5411 Oak Ave, Riverside|CO
14495|Linda Johnson|555-854-6938|889 Pine St, Riverside|PE
14496|Robert Davis|555-371-8702|5838 Cedar Rd, Greenville|CL
14497|John Smith|555-650-5832|8708 Cedar Rd, Riverside|MX
14498|John Brown|555-191-2002|907 Oak Ave, Greenville|CO
14499|Patricia Jones|555-877-8545|8961 Oak Ave, Bristol|PE
14500|Jennifer Jones|555-903-6067|872 Pine St, Bristol|CL
14501|Michael Garcia|555-770-4339|8357 Maple St, Madison|MX
14502|Mary Brown|555-520-3120|960 Pine St, Bristol|CO
14503|Michael Jones|555-730-9445|6063 Lakeview Dr, Franklin|PE
14504|Jennifer Brown|555-442-1235|1575 Cedar Rd, Riverside|CL
14505|Michael Smith|555-818-4215|3951 Lakeview Dr, Franklin|MX
14506|Michael Smith|555-933-3568|9936 Pine St, Bristol|CO
14507|Patricia Williams|555-613-3156|1480 Main St, Greenville|PE
14508|Mary Miller|555-617-8492|5698 Maple St, Riverside|CL
14509|Mary Jones|555-422-4227|9046 Maple St, Riverside|MX
14510|Patricia Johnson|555-848-3217|8305 Cedar Rd, Bristol|CO
14511|Jennifer Davis|555-345-9473|3441 Cedar Rd, Riverside|PE
14512|Robert Williams|555-555-9952|3761 Maple St, Springfield|CL
14513|Michael Brown|555-236-4218|9163 Maple St, Riverside|MX
14514|Robert Jones|555-433-9205|7683 Main St, Greenville|CO
14515|James Johnson|555-531-5510|2056 Lakeview Dr, Madison|PE
14516|Jennifer Williams|555-260-4138|4866 Pine St, Springfield|CL
14517|Patricia Williams|555-520-9417|1322 Main St, Riverside|MX
14518|Jennifer Johnson|555-133-7898|884 Main St, Franklin|CO
14519|Jennifer Johnson|555-208-6720|8763 Cedar Rd, Madison|PE
14520|Linda Jones|555-965-6982|2683 Oak Ave, Riverside|CL
14521|Linda Jones|555-954-3102|5948 Oak Ave, Bristol|MX
14522|Mary Johnson|555-765-6641|7474 Main St, Riverside|CO
14523|Michael Garcia|555-268-2382|8910 Lakeview Dr, Greenville|PE
14524|Michael Miller|555-191-8976|3449 Main St, Springfield|CL
14525|Patricia Brown|555-417-5552|2479 Cedar Rd, Greenville|MX
14526|John Smith|555-101-4953|8461 Cedar Rd, Madison|CO
14527|Patricia Davis|555-981-1196|6596 Oak Ave, Greenville|PE
14528|Jennifer Johnson|555-574-3570|6185 Oak Ave, Franklin|CL
14529|John Brown|555-663-6294|3955 Oak Ave, Madison|MX
14530|James Johnson|555-656-1709|7897 Maple St, Greenville|CO
14531|Linda Smith|555-482-8710|4103 Maple St, Madison|PE
14532|Jennifer Jones|555-330-2069|5647 Pine St, Bristol|CL
14533|Patricia Johnson|555-872-6262|8616 Maple St, Springfield|MX
14534|Patricia Miller|555-900-7218|8606 Oak Ave, Bristol|CO
14535|Robert Brown|555-464-3505|2354 Maple St, Greenville|PE
14536|Robert Brown|555-940-9639|7818 Pine St, Riverside|CL
14537|Robert Brown|555-370-4486|5041 Pine St, Greenville|MX
14538|Patricia Smith|555-828-1791|8389 Cedar Rd, Greenville|CO
14539|John Brown|555-869-9026|8388 Lakeview Dr, Franklin|PE
14540|John Johnson|555-326-1454|3841 Lakeview Dr, Greenville|CL
14541|Robert Johnson|555-435-1934|1132 Maple St, Riverside|MX
14542|Mary Johnson|555-434-7827|1531 Maple St, Franklin|CO
14543|Patricia Jones|555-225-4890|9693 Pine St, Bristol|PE
14544|Michael Smith|555-622-3945|9943 Cedar Rd, Springfield|CL
14545|Jennifer Miller|555-725-7895|5134 Cedar Rd, Riverside|MX
14546|Linda Smith|555-552-3148|3139 Main St, Springfield|CO
14547|Mary Davis|555-380-7242|5516 Oak Ave, Bristol|PE
14548|Jennifer Williams|555-103-5038|1336 Cedar Rd, Riverside|CL
14549|Mary Brown|555-423-2216|2025 Maple St, Greenville|MX
14550|John Miller|555-229-1945|6318 Maple St, Riverside|CO
14551|James Brown|555-574-1092|5028 Maple St, Madison|PE
14552|Jennifer Johnson|555-918-1433|7227 Pine St, Springfield|CL
14553|Linda Miller|555-209-1473|4327 Main St, Greenville|MX
14554|Linda Brown|555-576-4267|3067 Main St, Madison|CO
14555|Linda Johnson|555-603-1253|6083 Main St, Riverside|PE
14556|Robert Johnson|555-547-3080|8508 Maple St, Greenville|CL
14557|Michael Smith|555-899-6264|7602 Main St, Franklin|MX
14558|James Smith|555-407-9340|924 Cedar Rd, Springfield|CO
14559|Michael Garcia|555-826-2096|1983 Cedar Rd, Franklin|PE
14560|Patricia Williams|555-938-1370|1906 Lakeview Dr, Bristol|CL
14561|Robert Garcia|555-642-5288|1058 Lakeview Dr, Madison|MX
14562|Linda Smith|555-159-3028|3914 Oak Ave, Madison|CO
14563|Patricia Miller|555-347-6061|1411 Pine St, Springfield|PE
14564|Robert Jones|555-213-8694|3946 Cedar Rd, Bristol|CL
14565|Robert Williams|555-782-6785|1175 Pine St, Greenville|MX
14566|Michael Smith|555-905-6406|3807 Maple St, Bristol|CO
14567|John Johnson|555-336-7959|5296 Maple St, Madison|PE
14568|Jennifer Davis|555-837-5616|2862 Main St, Springfield|CL
14569|John Johnson|555-743-5666|2954 Main St, Madison|MX
14570|Patricia Miller|555-333-8834|4104 Oak Ave, Madison|CO
14571|James Davis|555-736-1132|1711 Main St, Franklin|PE
14572|Robert Brown|555-557-5847|4477 Main St, Bristol|CL
14573|Robert Davis|555-926-9048|9415 Maple St, Franklin|MX
14574|Patricia Williams|555-142-6254|113 Cedar Rd, Franklin|CO
14575|Robert Davis|555-290-2185|4951 Cedar Rd, Franklin|PE
14576|Robert Miller|555-193-3267|3733 Maple St, Bristol|CL
14577|James Williams|555-540-2333|2102 Maple St, Madison|MX
14578|James Davis|555-416-3166|4624 Lakeview Dr, Riverside|CO
14579|Robert Jones|555-952-9176|4972 Lakeview Dr, Riverside|PE
14580|Mary Miller|555-703-9331|1433 Maple St, Riverside|CL
14581|Robert Johnson|555-537-2092|6514 Pine St, Madison|MX
14582|James Jones|555-611-9681|8161 Oak Ave, Madison|CO
14583|Linda Garcia|555-309-2972|2005 Cedar Rd, Bristol|PE
14584|Michael Williams|555-834-6650|3704 Maple St, Greenville|CL
14585|Michael Miller|555-498-3480|8766 Oak Ave, Bristol|MX
14586|John Davis|555-982-2959|2929 Maple St, Franklin|CO
14587|Michael Miller|555-879-6966|2155 Pine St, Riverside|PE
14588|John Jones|555-121-4594|753 Main St, Greenville|CL
14589|Robert Garcia|555-412-6315|1829 Cedar Rd, Greenville|MX
14590|Robert Johnson|555-665-3631|2743 Cedar Rd, Franklin|CO
14591|Robert Johnson|555-951-4290|2299 Cedar Rd, Springfield|PE
14592|Jennifer Davis|555-968-7254|939 Lakeview Dr, Greenville|CL
14593|Linda Jones|555-136-7772|2815 Maple St, Riverside|MX
14594|Mary Miller|555-746-8267|6589 Lakeview Dr, Riverside|CO
14595|Linda Miller|555-611-7583|2041 Pine St, Bristol|PE
14596|James Smith|555-562-8489|5950 Cedar Rd, Riverside|CL
14597|Michael Smith|555-463-7581|4802 Main St, Franklin|MX
14598|Jennifer Miller|555-241-8372|4437 Maple St, Riverside|CO
14599|John Garcia|555-871-7111|6624 Lakeview Dr, Franklin|PE
14600|Michael Jones|555-365-6175|4415 Oak Ave, Bristol|CL
14601|Linda Jones|555-198-9198|6864 Pine St, Bristol|MX
14602|Linda Davis|555-470-6069|9287 Maple St, Riverside|CO
14603|Mary Jones|555-966-7849|4206 Maple St, Springfield|PE
14604|James Brown|555-202-4657|5762 Oak Ave, Madison|CL
14605|John Davis|555-774-1020|5082 Lakeview Dr, Springfield|MX
14606|Jennifer Davis|555-459-8553|3206 Cedar Rd, Springfield|CO
14607|John Miller|555-407-6839|1299 Maple St, Bristol|PE
14608|Linda Williams|555-883-9060|745 Lakeview Dr, Greenville|CL
14609|Patricia Smith|555-907-4039|1598 Main St, Greenville|MX
14610|Linda Williams|555-397-5832|5598 Maple St, Bristol|CO
14611|James Brown|555-421-3137|3713 Lakeview Dr, Madison|PE
14612|Mary Garcia|555-471-7662|8804 Oak Ave, Springfield|CL
14613|Michael Davis|555-646-8511|4712 Pine St, Greenville|MX
14614|Patricia Williams|555-769-5768|2255 Oak Ave, Greenville|CO
14615|John Davis|555-993-6239|9232 Lakeview Dr, Madison|PE
14616|Patricia Davis|555-226-7549|242 Pine St, Madison|CL
14617|Linda Brown|555-177-1588|4180 Cedar Rd, Bristol|MX
14618|Mary Brown|555-411-9035|5663 Lakeview Dr, Springfield|CO
14619|John Garcia|555-447-3406|5866 Lakeview Dr, Springfield|PE
14620|Linda Williams|555-241-1499|4796 Oak Ave, Franklin|CL
14621|Mary Smith|555-609-3978|1282 Cedar Rd, Greenville|MX
14622|Mary Brown|555-998-1700|8837 Pine St, Riverside|CO
14623|Michael Garcia|555-833-2937|4938 Oak Ave, Franklin|PE
14624|Jennifer Jones|555-377-8383|2106 Cedar Rd, Madison|CL
14625|John Williams|555-533-6262|9522 Cedar Rd, Greenville|MX
14626|James Jones|555-758-4681|9830 Cedar Rd, Bristol|CO
14627|Mary Garcia|555-837-3164|359 Main St, Madison|PE
14628|James Smith|555-811-8114|969 Oak Ave, Bristol|CL
14629|Mary Jones|555-133-4515|7439 Pine St, Bristol|MX
14630|Jennifer Brown|555-587-4150|9544 Oak Ave, Bristol|CO
14631|James Brown|555-198-7232|4200 Pine St, Bristol|PE
14632|Linda Smith|555-602-2669|8847 Pine St, Madison|CL
14633|John Smith|555-281-5416|2324 Pine St, Riverside|MX
14634|Mary Garcia|555-570-1453|2227 Main St, Greenville|CO
14635|Jennifer Smith|555-257-7662|2487 Cedar Rd, Riverside|PE
14636|Jennifer Garcia|555-371-4180|1498 Main St, Springfield|CL
14637|Mary Garcia|555-990-3530|5925 Cedar Rd, Greenville|MX
14638|Michael Williams|555-964-2491|7281 Lakeview Dr, Greenville|CO
14639|Robert Jones|555-205-5552|3260 Oak Ave, Riverside|PE
14640|Jennifer Miller|555-905-7738|3377 Cedar Rd, Franklin|CL
14641|Jennifer Smith|555-481-1812|1475 Maple St, Bristol|MX
14642|Robert Davis|555-169-7829|3536 Oak Ave, Madison|CO
14643|Linda Williams|555-441-5089|4408 Main St, Franklin|PE
14644|Jennifer Garcia|555-229-9314|9714 Oak Ave, Springfield|CL
14645|Jennifer Jones|555-410-5879|5431 Oak Ave, Madison|MX
14646|James Johnson|555-970-4352|136 Oak Ave, Greenville|CO
14647|Patricia Jones|555-491-2718|7457 Pine St, Greenville|PE
14648|John Smith|555-709-1974|229 Lakeview Dr, Madison|CL
14649|Jennifer Jones|555-296-9219|1180 Cedar Rd, Madison|MX
14650|Linda Garcia|555-408-9142|6205 Cedar Rd, Riverside|CO
14651|Michael Garcia|555-542-2119|3904 Lakeview Dr, Franklin|PE
14652|Patricia Williams|555-150-5345|2747 Pine St, Franklin|CL
14653|Michael Smith|555-808-6031|7142 Maple St, Springfield|MX
14654|Mary Williams|555-565-4086|6842 Pine St, Franklin|CO
14655|Jennifer Johnson|555-376-6380|645 Maple St, Madison|PE
14656|Jennifer Johnson|555-114-9364|3117 Pine St, Madison|CL
14657|Jennifer Williams|555-945-2426|7865 Main St, Greenville|MX
14658|Mary Davis|555-311-4558|5854 Main St, Riverside|CO
14659|Robert Williams|555-230-3004|6153 Oak Ave, Bristol|PE
14660|John Williams|555-972-2713|8781 Main St, Riverside|CL
14661|Michael Garcia|555-275-1253|4011 Cedar Rd, Bristol|MX
14662|Jennifer Miller|555-423-5499|3774 Cedar Rd, Franklin|CO
14663|Michael Brown|555-342-2203|1291 Pine St, Riverside|PE
14664|John Smith|555-429-6063|3533 Oak Ave, Bristol|CL
14665|Robert Miller|555-727-1688|1241 Oak Ave, Franklin|MX
14666|Michael Garcia|555-547-7060|9407 Maple St, Franklin|CO
14667|Jennifer Brown|555-290-3948|1880 Main St, Riverside|PE
14668|James Garcia|555-663-4458|5758 Main St, Greenville|CL
14669|Mary Garcia|555-710-3013|767 Oak Ave, Springfield|MX
14670|Mary Davis|555-890-7245|7265 Pine St, Bristol|CO
14671|James Jones|555-753-8327|2228 Lakeview Dr, Franklin|PE
14672|Robert Jones|555-464-2955|3960 Lakeview Dr, Springfield|CL
14673|Patricia Brown|555-729-5127|4213 Lakeview Dr, Greenville|MX
14674|Jennifer Johnson|555-435-9476|5275 Pine St, Madison|CO
14675|John Williams|555-614-9413|9057 Maple St, Madison|PE
14676|John Johnson|555-788-1736|5630 Cedar Rd, Greenville|CL
14677|John Williams|555-612-6651|921 Cedar Rd, Riverside|MX
14678|John Jones|555-805-6035|7348 Pine St, Franklin|CO
14679|Jennifer Garcia|555-171-8381|2638 Cedar Rd, Madison|PE
14680|Michael Smith|555-510-3920|7852 Maple St, Greenville|CL
14681|Michael Jones|555-115-4398|436 Main St, Springfield|MX
14682|Michael Johnson|555-954-3458|3765 Maple St, Greenville|CO
14683|Michael Johnson|555-861-9848|5808 Main St, Franklin|PE
14684|James Jones|555-621-9549|8115 Pine St, Madison|CL
14685|Patricia Johnson|555-829-9664|9879 Lakeview Dr, Franklin|MX
14686|Michael Brown|555-354-6288|902 Cedar Rd, Springfield|CO
14687|James Davis|555-224-5374|2949 Pine St, Franklin|PE
14688|Michael Jones|555-255-9699|6824 Oak Ave, Franklin|CL
14689|Mary Williams|555-306-6931|7799 Cedar Rd, Riverside|MX
14690|James Williams|555-300-5180|5900 Maple St, Bristol|CO
14691|James Garcia|555-129-6908|8748 Maple St, Riverside|PE
14692|Mary Miller|555-555-8735|4874 Cedar Rd, Franklin|CL
14693|Linda Brown|555-917-4288|1204 Lakeview Dr, Springfield|MX
14694|Jennifer Brown|555-476-8065|4500 Maple St, Madison|CO
14695|James Johnson|555-722-5239|9621 Oak Ave, Franklin|PE
14696|Linda Williams|555-961-2947|315 Maple St, Franklin|CL
14697|Mary Jones|555-634-3047|7988 Cedar Rd, Springfield|MX
14698|Patricia Williams|555-358-2992|6213 Pine St, Greenville|CO
14699|Patricia Garcia|555-563-8910|9688 Cedar Rd, Riverside|PE
14700|Patricia Johnson|555-454-4185|2798 Cedar Rd, Greenville|CL
14701|James Williams|555-200-5448|8587 Main St, Riverside|MX
14702|John Brown|555-627-7756|9793 Lakeview Dr, Springfield|CO
14703|Jennifer Miller|555-655-5848|1701 Main St, Franklin|PE
14704|Michael Garcia|555-496-1903|2221 Lakeview Dr, Greenville|CL
14705|Linda Johnson|555-297-7110|744 Oak Ave, Madison|MX
14706|Jennifer Miller|555-872-9757|5728 Oak Ave, Bristol|CO
14707|Michael Davis|555-169-1410|3291 Pine St, Riverside|PE
14708|James Brown|555-259-7334|1087 Maple St, Madison|CL
14709|Linda Davis|555-450-4810|6083 Oak Ave, Riverside|MX
14710|Jennifer Williams|555-706-1644|1924 Lakeview Dr, Greenville|CO
14711|Linda Brown|555-399-8349|1078 Main St, Greenville|PE
14712|John Johnson|555-925-2937|1326 Cedar Rd, Springfield|CL
14713|Robert Davis|555-777-4991|4540 Maple St, Franklin|MX
14714|James Garcia|555-723-2949|8850 Maple St, Greenville|CO
14715|John Garcia|555-823-3342|8158 Lakeview Dr, Springfield|PE
14716|Patricia Miller|555-701-2799|3255 Cedar Rd, Bristol|CL
14717|Michael Garcia|555-747-3962|9958 Main St, Riverside|MX
14718|Michael Jones|555-351-3524|4021 Main St, Springfield|CO
14719|John Garcia|555-191-1619|5705 Cedar Rd, Riverside|PE
14720|Patricia Williams|555-710-7817|3719 Main St, Franklin|CL
14721|Patricia Davis|555-164-8882|9620 Lakeview Dr, Springfield|MX
14722|John Williams|555-235-5327|6392 Oak Ave, Bristol|CO
14723|Jennifer Jones|555-324-4173|664 Maple St, Springfield|PE
14724|Linda Miller|555-867-2462|4180 Lakeview Dr, Greenville|CL
14725|Jennifer Miller|555-833-4674|6648 Main St, Madison|MX
14726|Michael Garcia|555-578-4121|9972 Main St, Greenville|CO
14727|Mary Smith|555-858-4024|316 Main St, Franklin|PE
14728|Michael Garcia|555-937-9045|9496 Cedar Rd, Bristol|CL
14729|Linda Johnson|555-684-4326|1706 Maple St, Madison|MX
14730|James Miller|555-468-4973|837 Lakeview Dr, Springfield|CO
14731|Robert Smith|555-205-7049|355 Pine St, Greenville|PE
14732|Michael Williams|555-355-6606|6291 Maple St, Greenville|CL
14733|John Davis|555-584-3838|2238 Oak Ave, Greenville|MX
14734|Robert Williams|555-228-7185|4574 Pine St, Riverside|CO
14735|Jennifer Brown|555-818-5763|6530 Pine St, Riverside|PE
14736|Jennifer Jones|555-588-4875|103 Pine St, Franklin|CL
14737|Michael Brown|555-381-9413|1988 Pine St, Madison|MX
14738|James Miller|555-580-7703|7391 Cedar Rd, Springfield|CO
14739|James Miller|555-970-1284|5651 Pine St, Franklin|PE
14740|Mary Garcia|555-198-3740|4835 Oak Ave, Greenville|CL
14741|John Jones|555-109-8940|3962 Main St, Springfield|MX
14742|Robert Smith|555-462-3638|1189 Pine St, Madison|CO
14743|Jennifer Jones|555-495-5033|4296 Lakeview Dr, Franklin|PE
14744|Patricia Johnson|555-160-8094|7251 Cedar Rd, Madison|CL
14745|Jennifer Garcia|555-152-9387|4082 Lakeview Dr, Madison|MX
14746|Michael Garcia|555-406-8696|6370 Pine St, Bristol|CO
14747|Linda Miller|555-733-9891|4218 Maple St, Bristol|PE
14748|Mary Garcia|555-436-9253|6088 Cedar Rd, Riverside|CL
14749|Robert Miller|555-979-8753|1145 Lakeview Dr, Greenville|MX
14750|Linda Jones|555-822-4805|7221 Oak Ave, Springfield|CO
14751|Robert Brown|555-190-8942|4500 Maple St, Madison|PE
14752|Mary Johnson|555-176-9789|8901 Lakeview Dr, Franklin|CL
14753|James Williams|555-871-6565|4319 Oak Ave, Bristol|MX
14754|Jennifer Jones|555-773-2002|2223 Maple St, Franklin|CO
14755|Robert Garcia|555-140-7986|4075 Maple St, Springfield|PE
14756|Patricia Davis|555-179-3103|8584 Main St, Riverside|CL
14757|Mary Miller|555-653-7808|6293 Cedar Rd, Madison|MX
14758|Linda Garcia|555-108-9710|7603 Main St, Madison|CO
14759|Patricia Garcia|555-765-2549|4924 Cedar Rd, Bristol|PE
14760|James Johnson|555-386-8906|7095 Pine St, Franklin|CL
14761|Jennifer Smith|555-801-6878|637 Pine St, Springfield|MX
14762|Linda Johnson|555-749-3796|6621 Pine St, Springfield|CO
14763|James Garcia|555-744-1680|3257 Maple St, Franklin|PE
14764|Robert Jones|555-484-6971|1132 Pine St, Riverside|CL
14765|Robert Smith|555-365-2261|4961 Maple St, Greenville|MX
14766|Robert Williams|555-473-4845|4631 Maple St, Greenville|CO
14767|Robert Davis|555-894-6385|9397 Lakeview Dr, Riverside|PE
14768|Linda Jones|555-914-2991|7017 Pine St, Bristol|CL
14769|James Johnson|555-850-2335|2223 Lakeview Dr, Springfield|MX
14770|Jennifer Brown|555-228-3245|4955 Lakeview Dr, Franklin|CO
14771|James Jones|555-567-5234|1490 Lakeview Dr, Riverside|PE
14772|James Jones|555-571-9574|7323 Maple St, Franklin|CL
14773|Jennifer Brown|555-971-9221|645 Pine St, Franklin|MX
14774|Jennifer Brown|555-215-3880|3699 Pine St, Madison|CO
14775|Patricia Brown|555-963-6828|7087 Pine St, Greenville|PE
14776|Mary Davis|555-115-8999|1994 Maple St, Bristol|CL
14777|James Garcia|555-249-3524|4922 Lakeview Dr, Greenville|MX
14778|Mary Smith|555-415-8447|8901 Oak Ave, Franklin|CO
14779|Mary Johnson|555-899-2224|5876 Pine St, Greenville|PE
14780|Michael Williams|555-193-9761|8725 Pine St, Greenville|CL
14781|Michael Williams|555-172-2718|6791 Oak Ave, Greenville|MX
14782|Linda Johnson|555-199-5588|4110 Oak Ave, Franklin|CO
14783|Patricia Johnson|555-601-1902|8977 Pine St, Franklin|PE
14784|Linda Davis|555-412-2200|6407 Cedar Rd, Riverside|CL
14785|Linda Williams|555-345-7260|7856 Cedar Rd, Riverside|MX
14786|Jennifer Garcia|555-979-9518|1732 Lakeview Dr, Greenville|CO
14787|Mary Johnson|555-445-2679|455 Pine St, Bristol|PE
14788|Jennifer Smith|555-521-8648|3633 Oak Ave, Springfield|CL
14789|Robert Smith|555-877-3360|6671 Lakeview Dr, Springfield|MX
14790|Robert Garcia|555-528-4356|6912 Cedar Rd, Greenville|CO
14791|Mary Jones|555-942-7080|8295 Cedar Rd, Greenville|PE
14792|John Brown|555-394-2751|8141 Oak Ave, Franklin|CL
14793|John Brown|555-615-7700|6983 Main St, Springfield|MX
14794|Linda Williams|555-233-1250|7134 Lakeview Dr, Franklin|CO
14795|James Smith|555-279-5737|3521 Maple St, Bristol|PE
14796|Michael Davis|555-828-4906|7266 Pine St, Franklin|CL
14797|Jennifer Johnson|555-362-2224|8347 Pine St, Riverside|MX
14798|John Garcia|555-346-5499|2122 Oak Ave, Bristol|CO
14799|James Johnson|555-453-9139|8552 Maple St, Riverside|PE
14800|Linda Garcia|555-180-9394|6241 Cedar Rd, Madison|CL
14801|Robert Davis|555-871-5504|9377 Oak Ave, Franklin|MX
14802|Linda Jones|555-347-7413|2721 Oak Ave, Madison|CO
14803|Linda Brown|555-590-5724|6287 Oak Ave, Franklin|PE
14804|Robert Johnson|555-444-3760|1278 Cedar Rd, Franklin|CL
14805|Michael Jones|555-487-6218|2103 Lakeview Dr, Springfield|MX
14806|Patricia Jones|555-310-5753|2490 Maple St, Greenville|CO
14807|Patricia Johnson|555-131-7806|2892 Cedar Rd, Franklin|PE
14808|Michael Johnson|555-302-1769|1337 Lakeview Dr, Springfield|CL
14809|Jennifer Brown|555-575-4750|2544 Oak Ave, Franklin|MX
14810|Linda Johnson|555-505-8133|8279 Lakeview Dr, Madison|CO
14811|John Miller|555-907-9530|5761 Lakeview Dr, Madison|PE
14812|Patricia Garcia|555-432-7697|5764 Maple St, Franklin|CL
14813|Linda Miller|555-795-3432|618 Lakeview Dr, Riverside|MX
14814|John Brown|555-465-1389|1325 Cedar Rd, Madison|CO
14815|Jennifer Brown|555-969-2651|8063 Lakeview Dr, Bristol|PE
14816|James Williams|555-926-2646|712 Lakeview Dr, Bristol|CL
14817|Linda Miller|555-809-2177|9669 Cedar Rd, Riverside|MX
14818|James Smith|555-836-8830|9887 Cedar Rd, Madison|CO
14819|Michael Brown|555-550-7001|1924 Lakeview Dr, Bristol|PE
14820|Robert Johnson|555-230-5284|4856 Pine St, Bristol|CL
14821|John Davis|555-817-5804|1007 Pine St, Springfield|MX
14822|Michael Davis|555-286-3449|4676 Pine St, Franklin|CO
14823|John Miller|555-468-5973|6875 Lakeview Dr, Franklin|PE
14824|Patricia Williams|555-671-9193|7333 Oak Ave, Franklin|CL
14825|Patricia Williams|555-863-5163|1842 Oak Ave, Bristol|MX
14826|Jennifer Williams|555-986-6971|6652 Pine St, Franklin|CO
14827|Jennifer Brown|555-609-3986|6523 Lakeview Dr, Greenville|PE
14828|John Williams|555-886-7848|8942 Oak Ave, Madison|CL
14829|Michael Williams|555-370-3755|7205 Main St, Riverside|MX
14830|Jennifer Brown|555-325-9369|4771 Lakeview Dr, Riverside|CO
14831|Linda Smith|555-457-9913|1917 Oak Ave, Greenville|PE
14832|Linda Miller|555-690-3632|2489 Pine St, Franklin|CL
14833|John Garcia|555-280-8357|4649 Main St, Riverside|MX
14834|Patricia Brown|555-870-4307|8263 Main St, Riverside|CO
14835|John Johnson|555-159-4816|977 Oak Ave, Franklin|PE
14836|Robert Davis|555-426-4629|5085 Oak Ave, Riverside|CL
14837|Mary Brown|555-662-8311|8456 Pine St, Franklin|MX
14838|Jennifer Jones|555-203-7452|1847 Main St, Bristol|CO
14839|James Brown|555-975-6845|8656 Main St, Greenville|PE
14840|James Miller|555-884-1475|7727 Maple St, Springfield|CL
14841|Jennifer Davis|555-854-9089|6718 Oak Ave, Madison|MX
14842|Patricia Jones|555-459-2185|4363 Main St, Franklin|CO
14843|Robert Miller|555-328-4294|1856 Cedar Rd, Madison|PE
14844|Linda Johnson|555-625-6627|4835 Maple St, Madison|CL
14845|Linda Brown|555-627-4192|3769 Oak Ave, Riverside|MX
14846|Michael Jones|555-251-1582|2603 Oak Ave, Springfield|CO
14847|Linda Miller|555-589-8539|4314 Main St, Bristol|PE
14848|Robert Johnson|555-651-9725|4353 Lakeview Dr, Franklin|CL
14849|Linda Brown|555-858-6317|5440 Maple St, Franklin|MX
14850|Linda Miller|555-497-9713|9880 Oak Ave, Franklin|CO
14851|Mary Brown|555-107-3030|609 Oak Ave, Greenville|PE
14852|Linda Johnson|555-465-5938|9925 Cedar Rd, Riverside|CL
14853|Patricia Smith|555-337-5151|7327 Lakeview Dr, Springfield|MX
14854|Michael Garcia|555-838-9744|5079 Lakeview Dr, Bristol|CO
14855|Robert Johnson|555-859-9787|7104 Pine St, Franklin|PE
14856|Linda Garcia|555-294-8156|9723 Main St, Franklin|CL
14857|Jennifer Smith|555-187-8381|4635 Main St, Madison|MX
14858|Linda Miller|555-263-1103|790 Cedar Rd, Riverside|CO
14859|Michael Davis|555-333-4186|3685 Cedar Rd, Riverside|PE
14860|Mary Davis|555-676-7506|2183 Cedar Rd, Franklin|CL
14861|Jennifer Davis|555-866-1321|2315 Maple St, Springfield|MX
14862|Michael Smith|555-622-3805|2298 Pine St, Riverside|CO
14863|James Garcia|555-494-2317|1729 Maple St, Springfield|PE
14864|Jennifer Davis|555-931-8443|4920 Maple St, Riverside|CL
14865|James Brown|555-708-6003|8550 Lakeview Dr, Bristol|MX
14866|Patricia Brown|555-668-1662|164 Lakeview Dr, Greenville|CO
14867|James Garcia|555-725-9170|9648 Pine St, Greenville|PE
14868|Robert Smith|555-315-5725|7118 Lakeview Dr, Madison|CL
14869|John Miller|555-559-1460|2456 Pine St, Greenville|MX
14870|John Miller|555-926-3255|7669 Main St, Madison|CO
14871|Michael Jones|555-153-6092|3877 Lakeview Dr, Madison|PE
14872|Mary Jones|555-412-1149|1673 Maple St, Springfield|CL
14873|Mary Brown|555-968-2589|1727 Cedar Rd, Bristol|MX
14874|Mary Williams|555-693-8046|3606 Pine St, Franklin|CO
14875|Patricia Smith|555-681-9856|7895 Pine St, Madison|PE
14876|Linda Garcia|555-644-4214|6244 Lakeview Dr, Riverside|CL
14877|Patricia Garcia|555-611-4813|9962 Oak Ave, Bristol|MX
14878|Michael Smith|555-428-9322|4815 Lakeview Dr, Springfield|CO
14879|John Miller|555-684-2318|554 Lakeview Dr, Springfield|PE
14880|Robert Garcia|555-530-4289|3821 Maple St, Greenville|CL
14881|Robert Miller|555-834-6101|1040 Cedar Rd, Madison|MX
14882|Jennifer Garcia|555-372-5121|2659 Main St, Springfield|CO
14883|Michael Smith|555-762-4350|9259 Maple St, Madison|PE
14884|Michael Johnson|555-322-3655|5961 Oak Ave, Springfield|CL
14885|James Johnson|555-802-6816|1439 Oak Ave, Madison|MX
14886|Mary Williams|555-278-7662|4224 Maple St, Riverside|CO
14887|Jennifer Jones|555-497-1891|5397 Pine St, Springfield|PE
14888|Linda Williams|555-645-4206|6228 Oak Ave, Greenville|CL
14889|Robert Davis|555-914-3825|5672 Main St, Bristol|MX
14890|Linda Smith|555-763-1841|5601 Main St, Bristol|CO
14891|James Miller|555-944-1281|8025 Maple St, Bristol|PE
14892|James Smith|555-822-9833|3854 Oak Ave, Springfield|CL
14893|Jennifer Miller|555-649-4457|9537 Main St, Bristol|MX
14894|James Smith|555-559-2373|5826 Lakeview Dr, Franklin|CO
14895|Jennifer Davis|555-656-9894|6597 Oak Ave, Springfield|PE
14896|Robert Smith|555-228-6527|9620 Lakeview Dr, Madison|CL
14897|Robert Davis|555-713-3209|4930 Cedar Rd, Franklin|MX
14898|Patricia Brown|555-868-4602|2163 Cedar Rd, Greenville|CO
14899|Jennifer Davis|555-853-8708|767 Oak Ave, Springfield|PE
14900|Jennifer Garcia|555-336-8537|5156 Maple St, Greenville|CL
14901|Patricia Brown|555-151-7044|8104 Lakeview Dr, Bristol|MX
14902|Jennifer Miller|555-473-1632|9376 Main St, Riverside|CO
14903|Patricia Miller|555-643-9518|2599 Oak Ave, Riverside|PE
14904|Linda Jones|555-789-2751|9445 Pine St, Greenville|CL
14905|Mary Davis|555-924-9716|1735 Main St, Madison|MX
14906|Robert Davis|555-975-8769|1961 Cedar Rd, Madison|CO
14907|Patricia Jones|555-163-1329|430 Cedar Rd, Franklin|PE
14908|James Miller|555-885-8469|1964 Main St, Madison|CL
14909|Robert Johnson|555-252-9924|5680 Pine St, Springfield|MX
14910|Michael Brown|555-929-6961|6025 Lakeview Dr, Madison|CO
14911|John Miller|555-475-8746|2013 Maple St, Bristol|PE
14912|Michael Williams|555-721-6974|9638 Cedar Rd, Franklin|CL
14913|John Garcia|555-832-7830|3900 Main St, Madison|MX
14914|Linda Williams|555-647-8665|1737 Maple St, Madison|CO
14915|Robert Jones|555-580-9328|9882 Cedar Rd, Springfield|PE
14916|John Williams|555-816-7672|4618 Pine St, Greenville|CL
14917|Patricia Smith|555-825-1322|4976 Pine St, Greenville|MX
14918|Robert Johnson|555-370-1387|3067 Pine St, Franklin|CO
14919|Jennifer Miller|555-156-5113|9656 Maple St, Madison|PE
14920|Robert Jones|555-699-1661|4391 Main St, Springfield|CL
14921|Michael Williams|555-404-1474|233 Oak Ave, Bristol|MX
14922|Mary Miller|555-816-6219|9668 Pine St, Bristol|CO
14923|John Garcia|555-853-9392|8300 Main St, Springfield|PE
14924|Michael Williams|555-238-1806|9645 Lakeview Dr, Madison|CL
14925|Mary Davis|555-473-7251|6975 Main St, Riverside|MX
14926|James Garcia|555-583-8682|1361 Lakeview Dr, Riverside|CO
14927|James Johnson|555-109-5187|5841 Main St, Greenville|PE
14928|Michael Brown|555-490-8459|1680 Pine St, Bristol|CL
14929|Jennifer Smith|555-843-1073|9342 Oak Ave, Greenville|MX
14930|Jennifer Miller|555-113-2133|2982 Oak Ave, Franklin|CO
14931|Robert Brown|555-663-4621|5625 Main St, Riverside|PE
14932|Mary Johnson|555-293-6513|7652 Pine St, Franklin|CL
14933|Michael Brown|555-644-5055|7682 Pine St, Greenville|MX
14934|Michael Garcia|555-251-5938|1463 Main St, Bristol|CO
14935|Michael Brown|555-328-5913|668 Lakeview Dr, Riverside|PE
14936|Linda Davis|555-316-4909|635 Cedar Rd, Madison|CL
14937|James Johnson|555-622-6088|2177 Cedar Rd, Madison|MX
14938|Patricia Davis|555-527-9355|1365 Lakeview Dr, Bristol|CO
14939|James Garcia|555-582-4616|5944 Cedar Rd, Bristol|PE
14940|Linda Garcia|555-577-4522|8691 Main St, Riverside|CL
14941|Robert Brown|555-384-9582|9853 Oak Ave, Franklin|MX
14942|Patricia Brown|555-542-8159|5924 Cedar Rd, Greenville|CO
14943|Mary Williams|555-836-5707|3394 Pine St, Springfield|PE
14944|Mary Williams|555-719-7680|7695 Main St, Greenville|CL
14945|Robert Brown|555-242-2797|1459 Maple St, Bristol|MX
14946|Mary Jones|555-461-2149|7631 Maple St, Greenville|CO
14947|Michael Miller|555-597-7356|2128 Maple St, Greenville|PE
14948|Michael Johnson|555-309-1021|5562 Oak Ave, Riverside|CL
14949|James Miller|555-908-9457|7480 Maple St, Riverside|MX
14950|Michael Jones|555-822-8724|5291 Cedar Rd, Greenville|CO
14951|Mary Jones|555-216-2191|5682 Maple St, Riverside|PE
14952|Michael Jones|555-216-2812|1296 Pine St, Madison|CL
14953|Patricia Miller|555-187-4656|8745 Maple St, Madison|MX
14954|Robert Smith|555-961-6287|2580 Oak Ave, Madison|CO
14955|Mary Smith|555-173-3464|9249 Cedar Rd, Riverside|PE
14956|James Miller|555-379-4915|1746 Oak Ave, Franklin|CL
14957|James Brown|555-591-7430|8370 Pine St, Madison|MX
14958|Linda Smith|555-591-5712|6065 Lakeview Dr, Madison|CO
14959|James Brown|555-457-1052|3476 Main St, Greenville|PE
14960|Jennifer Davis|555-597-2940|9276 Oak Ave, Franklin|CL
14961|Patricia Johnson|555-270-2198|8095 Lakeview Dr, Greenville|MX
14962|Jennifer Garcia|555-971-7224|6630 Oak Ave, Madison|CO
14963|Jennifer Williams|555-198-7670|7888 Cedar Rd, Franklin|PE
14964|Patricia Brown|555-664-4639|2572 Lakeview Dr, Franklin|CL
14965|Michael Johnson|555-613-8875|1639 Pine St, Riverside|MX
14966|John Johnson|555-581-9010|6703 Main St, Bristol|CO
14967|John Miller|555-594-6545|1247 Maple St, Riverside|PE
14968|Mary Jones|555-208-5303|5792 Oak Ave, Greenville|CL
14969|James Brown|555-476-8858|3402 Maple St, Riverside|MX
14970|Patricia Jones|555-964-9831|4494 Oak Ave, Riverside|CO
14971|John Brown|555-267-2042|4385 Maple St, Greenville|PE
14972|Michael Garcia|555-420-8513|2984 Oak Ave, Franklin|CL
14973|John Garcia|555-382-8998|7080 Cedar Rd, Greenville|MX
14974|Michael Smith|555-161-5569|1796 Lakeview Dr, Springfield|CO
14975|Jennifer Smith|555-357-2683|9184 Oak Ave, Riverside|PE
14976|Robert Brown|555-981-3497|5973 Cedar Rd, Springfield|CL
14977|Robert Garcia|555-735-5740|2082 Main St, Springfield|MX
14978|Linda Williams|555-665-4253|2717 Oak Ave, Bristol|CO
14979|Jennifer Johnson|555-822-9419|480 Oak Ave, Springfield|PE
14980|James Davis|555-787-4697|2994 Lakeview Dr, Greenville|CL
14981|Linda Davis|555-916-1984|8861 Cedar Rd, Springfield|MX
14982|Linda Brown|555-309-9763|7831 Main St, Greenville|CO
14983|Linda Garcia|555-591-2786|1416 Pine St, Greenville|PE
14984|Mary Williams|555-297-4438|311 Lakeview Dr, Madison|CL
14985|Mary Garcia|555-774-2029|6093 Pine St, Franklin|MX
14986|Jennifer Garcia|555-177-5470|3161 Cedar Rd, Madison|CO
14987|Patricia Williams|555-611-7189|3579 Maple St, Franklin|PE
14988|Jennifer Garcia|555-965-4140|2491 Maple St, Bristol|CL
14989|Linda Brown|555-336-2683|5172 Lakeview Dr, Franklin|MX
14990|Linda Jones|555-367-5251|2207 Main St, Greenville|CO
14991|Linda Jones|555-176-9117|838 Oak Ave, Bristol|PE
14992|Linda Garcia|555-737-8438|4201 Maple St, Greenville|CL
14993|John Williams|555-804-4602|9485 Lakeview Dr, Greenville|MX
14994|Mary Brown|555-365-9035|6459 Lakeview Dr, Greenville|CO
14995|John Williams|555-734-1883|5218 Oak Ave, Franklin|PE
14996|Robert Williams|555-987-5552|9234 Oak Ave, Greenville|CL
14997|Mary Smith|555-115-6632|4211 Main St, Springfield|MX
14998|John Johnson|555-967-7232|1218 Oak Ave, Franklin|CO
14999|Linda Jones|555-874-6189|3548 Lakeview Dr, Greenville|PE
15000|Michael Jones|555-387-6019|9415 Main St, Springfield|CL
15001|James Jones|555-900-8695|2321 Lakeview Dr, Springfield|MX
15002|Robert Davis|555-763-7882|8068 Maple St, Franklin|CO
15003|Jennifer Jones|555-682-1889|5523 Pine St, Franklin|PE
15004|Jennifer Williams|555-520-1556|2127 Main St, Franklin|CL
15005|Jennifer Brown|555-655-8178|8468 Maple St, Springfield|MX
15006|Linda Davis|555-876-4814|1391 Main St, Greenville|CO
15007|Mary Miller|555-494-5981|4846 Pine St, Franklin|PE
15008|Patricia Jones|555-784-9117|8727 Cedar Rd, Greenville|CL
15009|James Brown|555-648-6998|6937 Pine St, Greenville|MX
15010|Patricia Miller|555-264-7937|3992 Main St, Franklin|CO
15011|Jennifer Davis|555-665-7096|5271 Cedar Rd, Bristol|PE
15012|Patricia Smith|555-837-6995|4777 Cedar Rd, Greenville|CL
15013|John Brown|555-439-7772|2360 Main St, Greenville|MX
15014|James Johnson|555-203-8831|5867 Pine St, Bristol|CO
15015|John Jones|555-897-1081|7445 Main St, Madison|PE
15016|Jennifer Miller|555-960-1702|3525 Maple St, Franklin|CL
15017|Michael Jones|555-122-8677|532 Main St, Springfield|MX
15018|Michael Johnson|555-216-5397|3507 Pine St, Greenville|CO
15019|Michael Garcia|555-471-2880|252 Oak Ave, Franklin|PE
15020|Linda Smith|555-240-4614|462 Cedar Rd, Franklin|CL
15021|Robert Miller|555-627-5303|7889 Pine St, Madison|MX
15022|James Garcia|555-126-5878|8594 Main St, Riverside|CO
15023|Michael Smith|555-372-6399|5049 Oak Ave, Bristol|PE
15024|Linda Davis|555-138-8301|9316 Cedar Rd, Franklin|CL
15025|James Brown|555-963-3934|3051 Cedar Rd, Springfield|MX
15026|Jennifer Johnson|555-490-4596|3135 Maple St, Madison|CO
15027|Jennifer Johnson|555-526-7552|1856 Pine St, Greenville|PE
15028|Linda Smith|555-237-1991|5886 Pine St, Riverside|CL
15029|Mary Davis|555-761-3277|2295 Maple St, Madison|MX
15030|John Smith|555-459-8913|541 Main St, Bristol|CO
15031|James Johnson|555-711-2616|2555 Lakeview Dr, Franklin|PE
15032|Linda Garcia|555-552-9892|5463 Maple St, Greenville|CL
15033|Patricia Brown|555-842-2098|5468 Oak Ave, Greenville|MX
15034|Michael Davis|555-781-3075|5660 Main St, Bristol|CO
15035|Mary Johnson|555-690-6553|6240 Pine St, Springfield|PE
15036|Michael Jones|555-849-8169|5719 Oak Ave, Madison|CL
15037|John Johnson|555-945-7620|8988 Lakeview Dr, Springfield|MX
15038|Mary Johnson|555-799-6307|6460 Oak Ave, Franklin|CO
15039|Michael Davis|555-501-4572|1846 Cedar Rd, Springfield|PE
15040|James Johnson|555-564-5868|9755 Oak Ave, Madison|CL
15041|James Miller|555-887-1185|9536 Cedar Rd, Madison|MX
15042|John Brown|555-301-6827|502 Cedar Rd, Riverside|CO
15043|Jennifer Miller|555-253-2754|1875 Lakeview Dr, Franklin|PE
15044|Patricia Johnson|555-317-2024|9057 Cedar Rd, Riverside|CL
15045|James Smith|555-127-9846|4095 Lakeview Dr, Greenville|MX
15046|Linda Brown|555-207-1587|8811 Maple St, Franklin|CO
15047|Patricia Davis|555-730-8261|6670 Oak Ave, Franklin|PE
15048|John Garcia|555-289-7340|3259 Cedar Rd, Riverside|CL
15049|Linda Miller|555-904-2062|9837 Cedar Rd, Riverside|MX
15050|Jennifer Johnson|555-829-2390|3424 Lakeview Dr, Bristol|CO
15051|Michael Jones|555-350-3166|6296 Pine St, Madison|PE
15052|James Smith|555-296-7144|4779 Cedar Rd, Madison|CL
15053|Patricia Williams|555-495-6569|9118 Cedar Rd, Madison|MX
15054|Robert Garcia|555-467-2704|3188 Cedar Rd, Springfield|CO
15055|John Williams|555-589-8637|2343 Cedar Rd, Franklin|PE
15056|Patricia Miller|555-523-9043|1567 Main St, Riverside|CL
15057|Robert Smith|555-623-6403|4647 Maple St, Franklin|MX
15058|Jennifer Miller|555-700-7346|8948 Pine St, Greenville|CO
15059|Jennifer Brown|555-754-2578|5081 Main St, Madison|PE
15060|James Williams|555-708-2530|3026 Lakeview Dr, Franklin|CL
15061|Jennifer Jones|555-921-4453|4661 Main St, Franklin|MX
15062|Jennifer Brown|555-324-1466|477 Maple St, Riverside|CO
15063|Robert Garcia|555-679-3078|3027 Cedar Rd, Riverside|PE
15064|Mary Smith|555-361-6464|4337 Cedar Rd, Riverside|CL
15065|Robert Miller|555-666-7468|2088 Lakeview Dr, Springfield|MX
15066|James Garcia|555-246-5137|6244 Lakeview Dr, Bristol|CO
15067|James Jones|555-306-2397|1302 Main St, Bristol|PE
15068|Jennifer Johnson|555-114-9978|7266 Maple St, Bristol|CL
15069|John Jones|555-426-5898|2889 Oak Ave, Bristol|MX
15070|Jennifer Garcia|555-569-4090|9197 Lakeview Dr, Madison|CO
15071|Robert Davis|555-126-5063|1023 Pine St, Madison|PE
15072|James Williams|555-442-8391|6059 Cedar Rd, Franklin|CL
15073|Patricia Johnson|555-543-1975|3910 Oak Ave, Riverside|MX
15074|Jennifer Miller|555-239-6592|1010 Oak Ave, Bristol|CO
15075|James Williams|555-310-1740|9350 Oak Ave, Riverside|PE
15076|Robert Smith|555-309-3695|6131 Oak Ave, Riverside|CL
15077|Jennifer Brown|555-823-6966|7497 Oak Ave, Greenville|MX
15078|Robert Williams|555-970-5047|599 Cedar Rd, Riverside|CO
15079|John Jones|555-667-8092|6653 Maple St, Madison|PE
15080|James Garcia|555-400-1982|152 Main St, Franklin|CL
15081|Mary Brown|555-674-6539|1430 Cedar Rd, Bristol|MX
15082|James Jones|555-794-7070|4234 Oak Ave, Franklin|CO
15083|Linda Williams|555-681-7886|8819 Oak Ave, Riverside|PE
15084|Patricia Davis|555-144-5525|4619 Lakeview Dr, Bristol|CL
15085|Robert Johnson|555-723-8357|3781 Pine St, Riverside|MX
15086|Mary Smith|555-700-9022|2440 Cedar Rd, Greenville|CO
15087|Linda Davis|555-310-5636|473 Maple St, Riverside|PE
15088|Patricia Williams|555-461-7142|9684 Cedar Rd, Riverside|CL
15089|Michael Miller|555-935-3973|190 Cedar Rd, Greenville|MX
15090|Michael Jones|555-463-8407|3225 Pine St, Madison|CO
15091|Mary Johnson|555-301-6759|4285 Oak Ave, Springfield|PE
15092|Mary Miller|555-373-9318|8589 Main St, Bristol|CL
15093|Mary Williams|555-322-2642|669 Oak Ave, Franklin|MX
15094|Patricia Garcia|555-923-7943|1878 Lakeview Dr, Madison|CO
15095|Linda Williams|555-174-6648|2640 Oak Ave, Bristol|PE
15096|Mary Davis|555-421-4849|4547 Oak Ave, Madison|CL
15097|John Brown|555-162-5487|4724 Pine St, Madison|MX
15098|Robert Garcia|555-669-3459|6554 Lakeview Dr, Riverside|CO
15099|Patricia Miller|555-721-9509|9706 Main St, Springfield|PE
15100|Linda Brown|555-923-9628|5640 Main St, Franklin|CL
15101|Linda Garcia|555-486-9855|3514 Pine St, Springfield|MX
15102|Linda Davis|555-511-4041|5206 Maple St, Greenville|CO
15103|Jennifer Miller|555-669-7151|5799 Pine St, Greenville|PE
15104|John Miller|555-488-1304|4659 Pine St, Franklin|CL
15105|Jennifer Johnson|555-423-3007|6007 Maple St, Greenville|MX
15106|Patricia Miller|555-243-2286|5669 Maple St, Riverside|CO
15107|Mary Williams|555-822-5307|5418 Oak Ave, Bristol|PE
15108|Jennifer Davis|555-378-8836|5967 Pine St, Riverside|CL
15109|James Garcia|555-693-6332|9183 Pine St, Bristol|MX
15110|Mary Brown|555-744-6995|4821 Maple St, Springfield|CO
15111|Patricia Garcia|555-211-2281|6005 Lakeview Dr, Franklin|PE
15112|Linda Davis|555-199-4637|6091 Main St, Franklin|CL
15113|Patricia Davis|555-654-5378|4839 Oak Ave, Greenville|MX
15114|Patricia Miller|555-294-7029|4130 Lakeview Dr, Bristol|CO
15115|Jennifer Brown|555-265-7683|8721 Pine St, Madison|PE
15116|Michael Jones|555-483-8930|3253 Lakeview Dr, Springfield|CL
15117|Michael Davis|555-765-5853|3116 Pine St, Franklin|MX
15118|Michael Brown|555-175-6847|3746 Cedar Rd, Riverside|CO
15119|Linda Smith|555-721-3086|8999 Lakeview Dr, Bristol|PE
15120|Mary Miller|555-435-2346|5167 Main St, Madison|CL
15121|Michael Williams|555-945-7231|4658 Cedar Rd, Bristol|MX
15122|John Johnson|555-177-2590|146 Cedar Rd, Greenville|CO
15123|Michael Smith|555-576-7687|5524 Lakeview Dr, Greenville|PE
15124|Robert Davis|555-932-3096|6470 Oak Ave, Madison|CL
15125|Patricia Garcia|555-959-7504|1902 Oak Ave, Franklin|MX
15126|James Garcia|555-539-5613|4887 Maple St, Franklin|CO
15127|Patricia Brown|555-507-3468|6997 Main St, Riverside|PE
15128|James Davis|555-764-6810|636 Oak Ave, Franklin|CL
15129|Robert Garcia|555-431-2497|6709 Maple St, Springfield|MX
15130|Jennifer Davis|555-242-2211|9155 Oak Ave, Franklin|CO
15131|Jennifer Brown|555-537-5311|4691 Cedar Rd, Springfield|PE
15132|Mary Jones|555-947-7461|5845 Pine St, Madison|CL
15133|John Johnson|555-349-6862|2094 Main St, Bristol|MX
15134|Linda Johnson|555-666-7574|777 Cedar Rd, Franklin|CO
15135|Linda Jones|555-551-9753|6446 Maple St, Riverside|PE
15136|Patricia Brown|555-837-6483|5123 Cedar Rd, Bristol|CL
15137|Linda Davis|555-455-7595|129 Main St, Bristol|MX
15138|Robert Johnson|555-911-8141|6658 Oak Ave, Riverside|CO
15139|James Smith|555-459-6792|6765 Lakeview Dr, Riverside|PE
15140|Robert Smith|555-591-8283|4453 Main St, Madison|CL
15141|Mary Smith|555-299-4981|1018 Pine St, Madison|MX
15142|Jennifer Jones|555-732-3218|539 Pine St, Riverside|CO
15143|Jennifer Williams|555-783-1463|8438 Lakeview Dr, Springfield|PE
15144|Linda Johnson|555-893-5499|8987 Pine St, Madison|CL
15145|Linda Smith|555-366-4565|3516 Lakeview Dr, Bristol|MX
15146|Robert Jones|555-357-2066|690 Maple St, Madison|CO
15147|Jennifer Brown|555-986-6784|7085 Oak Ave, Franklin|PE
15148|Linda Brown|555-486-3211|6576 Cedar Rd, Springfield|CL
15149|Robert Williams|555-617-8630|4811 Cedar Rd, Springfield|MX
15150|Jennifer Smith|555-146-4874|3021 Cedar Rd, Franklin|CO
15151|Robert Smith|555-684-4915|1187 Main St, Franklin|PE
15152|Robert Johnson|555-128-8446|6482 Oak Ave, Madison|CL
15153|John Smith|555-748-8452|7092 Lakeview Dr, Greenville|MX
15154|Patricia Williams|555-929-8138|6404 Maple St, Bristol|CO
15155|Patricia Miller|555-332-8880|1520 Oak Ave, Bristol|PE
15156|John Johnson|555-680-4499|1904 Lakeview Dr, Madison|CL
15157|James Johnson|555-285-1114|4150 Maple St, Greenville|MX
15158|James Brown|555-401-7384|8192 Lakeview Dr, Bristol|CO
15159|Robert Garcia|555-138-1539|4267 Lakeview Dr, Riverside|PE
15160|Linda Smith|555-203-1191|2532 Maple St, Riverside|CL
15161|Robert Miller|555-507-3362|9816 Main St, Madison|MX
15162|Jennifer Smith|555-776-4016|310 Lakeview Dr, Greenville|CO
15163|John Garcia|555-962-8881|7893 Cedar Rd, Madison|PE
15164|Jennifer Johnson|555-294-4956|1273 Cedar Rd, Greenville|CL
15165|Linda Brown|555-919-3054|2305 Maple St, Bristol|MX
15166|Linda Davis|555-643-3975|6196 Pine St, Madison|CO
15167|Linda Miller|555-169-8517|6874 Pine St, Riverside|PE
15168|Jennifer Williams|555-704-3641|4032 Pine St, Springfield|CL
15169|Robert Miller|555-403-6847|7602 Cedar Rd, Springfield|MX
15170|James Garcia|555-747-5566|3699 Maple St, Springfield|CO
15171|Robert Williams|555-992-5452|5029 Main St, Madison|PE
15172|Michael Davis|555-939-4687|2515 Oak Ave, Madison|CL
15173|Mary Miller|555-641-4375|6255 Lakeview Dr, Riverside|MX
15174|Patricia Miller|555-869-5897|9877 Lakeview Dr, Bristol|CO
15175|Patricia Jones|555-941-1947|7351 Maple St, Bristol|PE
15176|Mary Garcia|555-891-8576|6911 Maple St, Madison|CL
15177|Patricia Miller|555-424-9555|9215 Main St, Springfield|MX
15178|John Johnson|555-364-7508|7295 Cedar Rd, Greenville|CO
15179|Robert Davis|555-660-4921|9285 Pine St, Greenville|PE
15180|Mary Johnson|555-362-1352|5477 Lakeview Dr, Franklin|CL
15181|John Garcia|555-702-5628|8640 Lakeview Dr, Bristol|MX
15182|Jennifer Davis|555-881-1928|9998 Lakeview Dr, Franklin|CO
15183|Michael Davis|555-230-7299|6785 Cedar Rd, Franklin|PE
15184|Jennifer Johnson|555-446-6217|2982 Maple St, Bristol|CL
15185|Robert Johnson|555-312-2024|7496 Cedar Rd, Springfield|MX
15186|James Williams|555-632-7842|5486 Maple St, Riverside|CO
15187|John Miller|555-827-8245|2334 Lakeview Dr, Bristol|PE
15188|Robert Garcia|555-662-6587|4831 Main St, Bristol|CL
15189|Michael Johnson|555-196-5567|6992 Pine St, Greenville|MX
15190|Mary Williams|555-204-8430|6248 Maple St, Riverside|CO
15191|Mary Brown|555-811-5720|5672 Maple St, Madison|PE
15192|Linda Miller|555-292-8649|5446 Pine St, Madison|CL
15193|John Jones|555-497-1105|2921 Main St, Riverside|MX
15194|John Brown|555-125-2043|6953 Cedar Rd, Greenville|CO
15195|Robert Smith|555-236-1517|6659 Lakeview Dr, Franklin|PE
15196|Linda Brown|555-280-9430|5886 Cedar Rd, Riverside|CL
15197|John Davis|555-250-2693|4784 Oak Ave, Bristol|MX
15198|Linda Davis|555-472-1717|1219 Main St, Riverside|CO
15199|Michael Williams|555-908-9795|6870 Main St, Riverside|PE
15200|Michael Johnson|555-413-8785|2847 Maple St, Franklin|CL
15201|Mary Garcia|555-544-4779|8651 Lakeview Dr, Greenville|MX
15202|Michael Williams|555-183-7587|2258 Oak Ave, Madison|CO
15203|Linda Jones|555-730-1624|5104 Maple St, Franklin|PE
15204|James Davis|555-492-8107|8215 Oak Ave, Bristol|CL
15205|James Johnson|555-194-7648|7829 Lakeview Dr, Springfield|MX
15206|Patricia Davis|555-353-8643|3059 Lakeview Dr, Bristol|CO
15207|John Brown|555-198-6552|5462 Maple St, Franklin|PE
15208|Robert Miller|555-192-7538|3334 Pine St, Madison|CL
15209|Mary Brown|555-976-5083|4607 Pine St, Riverside|MX
15210|Patricia Brown|555-212-3955|7402 Main St, Greenville|CO
15211|Linda Garcia|555-345-1963|3812 Cedar Rd, Bristol|PE
15212|John Johnson|555-522-8728|5525 Main St, Riverside|CL
15213|Robert Miller|555-760-4271|8859 Lakeview Dr, Springfield|MX
15214|Linda Johnson|555-596-8437|694 Pine St, Springfield|CO
15215|James Brown|555-440-9998|9942 Pine St, Bristol|PE
15216|Patricia Miller|555-129-9708|4302 Pine St, Springfield|CL
15217|Mary Brown|555-432-8988|8786 Cedar Rd, Bristol|MX
15218|John Jones|555-754-1596|7873 Maple St, Greenville|CO
15219|Jennifer Brown|555-608-7086|1098 Oak Ave, Franklin|PE
15220|Linda Brown|555-817-8991|6908 Lakeview Dr, Springfield|CL
15221|Robert Brown|555-829-2198|5567 Maple St, Franklin|MX
15222|Robert Smith|555-380-3958|8907 Maple St, Franklin|CO
15223|Mary Johnson|555-833-2780|2074 Pine St, Franklin|PE
15224|Michael Davis|555-634-2138|3389 Cedar Rd, Bristol|CL
15225|Michael Miller|555-427-6276|1364 Cedar Rd, Madison|MX
15226|Patricia Smith|555-783-1303|4718 Pine St, Bristol|CO
15227|Mary Johnson|555-872-8184|9500 Pine St, Franklin|PE
15228|Mary Jones|555-684-4855|5354 Pine St, Riverside|CL
15229|Patricia Williams|555-227-4178|8996 Cedar Rd, Riverside|MX
15230|James Garcia|555-221-6993|266 Main St, Greenville|CO
15231|Mary Davis|555-790-6672|4742 Cedar Rd, Greenville|PE
15232|Michael Brown|555-609-8238|207 Lakeview Dr, Franklin|CL
15233|John Miller|555-803-2821|6054 Oak Ave, Franklin|MX
15234|Jennifer Davis|555-874-4054|731 Main St, Riverside|CO
15235|Linda Garcia|555-935-5058|4646 Oak Ave, Franklin|PE
15236|Patricia Smith|555-655-2940|9251 Cedar Rd, Franklin|CL
15237|Linda Smith|555-899-4588|5089 Pine St, Riverside|MX
15238|James Davis|555-326-3188|8096 Main St, Bristol|CO
15239|James Williams|555-998-6171|2817 Oak Ave, Madison|PE
15240|Mary Smith|555-613-6405|2361 Main St, Springfield|CL
15241|Jennifer Jones|555-273-9408|5612 Pine St, Riverside|MX
15242|Linda Davis|555-850-3537|4288 Cedar Rd, Franklin|CO
15243|Linda Miller|555-534-2519|9961 Pine St, Franklin|PE
15244|Jennifer Williams|555-811-3849|9577 Pine St, Springfield|CL
15245|Robert Garcia|555-507-8314|6871 Oak Ave, Springfield|MX
15246|Michael Jones|555-212-7985|7038 Oak Ave, Franklin|CO
15247|Patricia Johnson|555-120-9071|9508 Cedar Rd, Riverside|PE
15248|Linda Williams|555-989-8711|1809 Main St, Madison|CL
15249|John Johnson|555-839-9763|3722 Oak Ave, Springfield|MX
15250|Jennifer Jones|555-629-4131|288 Main St, Springfield|CO
15251|John Garcia|555-710-2349|532 Maple St, Bristol|PE
15252|Jennifer Williams|555-828-3956|1910 Main St, Franklin|CL
15253|Linda Brown|555-876-8563|6045 Lakeview Dr, Riverside|MX
15254|John Miller|555-254-7430|8256 Pine St, Madison|CO
15255|Patricia Miller|555-388-1458|2012 Main St, Springfield|PE
15256|Mary Johnson|555-184-6889|6163 Main St, Franklin|CL
15257|Michael Garcia|555-782-8657|2550 Main St, Riverside|MX
15258|Mary Williams|555-448-3010|2943 Main St, Franklin|CO
15259|Robert Smith|555-389-7226|9543 Main St, Franklin|PE
15260|James Brown|555-603-5862|1434 Maple St, Madison|CL
15261|Jennifer Smith|555-251-9703|690 Pine St, Greenville|MX
15262|Robert Jones|555-591-2911|778 Pine St, Madison|CO
15263|Michael Garcia|555-295-1284|9374 Maple St, Riverside|PE
15264|Jennifer Johnson|555-790-4381|4132 Main St, Franklin|CL
15265|James Miller|555-764-2032|2551 Main St, Madison|MX
15266|Mary Johnson|555-432-1863|4399 Lakeview Dr, Madison|CO
15267|Robert Garcia|555-537-8394|4833 Cedar Rd, Riverside|PE
15268|Linda Jones|555-748-4245|9712 Lakeview Dr, Greenville|CL
15269|Jennifer Smith|555-880-4339|9909 Maple St, Bristol|MX
15270|Robert Miller|555-765-9540|9358 Oak Ave, Springfield|CO
15271|Michael Williams|555-802-4437|2983 Cedar Rd, Riverside|PE
15272|Robert Garcia|555-944-2620|2280 Lakeview Dr, Franklin|CL
15273|Michael Williams|555-823-9146|3850 Maple St, Bristol|MX
15274|John Williams|555-858-5029|6698 Cedar Rd, Franklin|CO
15275|Patricia Johnson|555-800-4808|6295 Cedar Rd, Riverside|PE
15276|Michael Williams|555-816-5650|8124 Maple St, Franklin|CL
15277|Robert Miller|555-576-7569|4990 Oak Ave, Franklin|MX
15278|John Jones|555-467-8772|7276 Pine St, Franklin|CO
15279|John Brown|555-153-6954|9051 Oak Ave, Madison|PE
15280|John Smith|555-332-9685|7013 Oak Ave, Bristol|CL
15281|Linda Garcia|555-740-6960|3488 Oak Ave, Bristol|MX
15282|Michael Johnson|555-522-2669|3668 Cedar Rd, Bristol|CO
15283|Linda Miller|555-699-8393|1349 Lakeview Dr, Greenville|PE
15284|Patricia Miller|555-890-2259|6840 Lakeview Dr, Franklin|CL
15285|Robert Jones|555-688-4411|6186 Main St, Madison|MX
15286|Linda Smith|555-754-5811|6581 Lakeview Dr, Riverside|CO
15287|Robert Williams|555-191-6996|3583 Maple St, Springfield|PE
15288|Michael Jones|555-381-5464|5803 Lakeview Dr, Madison|CL
15289|Linda Brown|555-117-2722|2931 Cedar Rd, Bristol|MX
15290|Patricia Johnson|555-870-2284|8197 Oak Ave, Riverside|CO
15291|Linda Garcia|555-586-8123|1654 Main St, Madison|PE
15292|Michael Davis|555-965-1815|1952 Pine St, Franklin|CL
15293|Patricia Jones|555-729-5156|6919 Lakeview Dr, Springfield|MX
15294|John Davis|555-881-5125|7212 Pine St, Springfield|CO
15295|Robert Garcia|555-463-4594|9247 Oak Ave, Springfield|PE
15296|Linda Smith|555-728-4860|1957 Oak Ave, Springfield|CL
15297|Jennifer Garcia|555-702-4899|8031 Oak Ave, Franklin|MX
15298|Patricia Jones|555-349-8189|3950 Oak Ave, Greenville|CO
15299|Robert Smith|555-802-4429|3229 Cedar Rd, Madison|PE
15300|John Jones|555-586-5749|2961 Maple St, Bristol|CL
15301|Mary Williams|555-760-8322|8919 Cedar Rd, Madison|MX
15302|Patricia Garcia|555-980-6372|6277 Main St, Riverside|CO
15303|Mary Williams|555-191-5858|8649 Lakeview Dr, Madison|PE
15304|Michael Jones|555-294-4230|4447 Lakeview Dr, Springfield|CL
15305|Michael Garcia|555-496-8258|8805 Main St, Madison|MX
15306|John Williams|555-584-9262|5113 Lakeview Dr, Madison|CO
15307|Linda Williams|555-923-3239|4710 Lakeview Dr, Madison|PE
15308|Michael Brown|555-331-1114|6602 Oak Ave, Riverside|CL
15309|Michael Smith|555-786-1213|8511 Pine St, Greenville|MX
15310|James Garcia|555-472-4957|2633 Pine St, Riverside|CO
15311|Michael Brown|555-734-6396|8237 Lakeview Dr, Riverside|PE
15312|Jennifer Williams|555-835-6655|9647 Pine St, Springfield|CL
15313|Robert Brown|555-751-7267|1093 Main St, Riverside|MX
15314|John Garcia|555-254-7479|6096 Pine St, Bristol|CO
15315|Michael Davis|555-975-1026|8169 Lakeview Dr, Madison|PE
15316|Mary Davis|555-246-2444|8739 Lakeview Dr, Bristol|CL
15317|Robert Davis|555-682-2589|1562 Lakeview Dr, Riverside|MX
15318|Robert Johnson|555-419-2276|4588 Maple St, Franklin|CO
15319|Jennifer Davis|555-352-8513|1181 Lakeview Dr, Franklin|PE
15320|Robert Williams|555-516-3327|6533 Main St, Springfield|CL
15321|John Miller|555-695-5545|4418 Lakeview Dr, Madison|MX
15322|Jennifer Garcia|555-141-9010|6280 Pine St, Greenville|CO
15323|James Smith|555-952-1569|6643 Maple St, Madison|PE
15324|John Jones|555-604-3782|323 Lakeview Dr, Riverside|CL
15325|Patricia Smith|555-276-8480|333 Main St, Franklin|MX
15326|Jennifer Davis|555-670-6168|2905 Main St, Springfield|CO
15327|Mary Davis|555-421-4834|8672 Maple St, Bristol|PE
15328|John Davis|555-251-5441|921 Maple St, Madison|CL
15329|Robert Miller|555-609-4355|645 Lakeview Dr, Madison|MX
15330|John Brown|555-594-2581|6645 Main St, Madison|CO
15331|Patricia Miller|555-918-1789|3708 Oak Ave, Greenville|PE
15332|Jennifer Jones|555-860-3362|2494 Main St, Franklin|CL
15333|Linda Jones|555-427-5510|4370 Maple St, Madison|MX
15334|James Brown|555-849-5097|2489 Lakeview Dr, Franklin|CO
15335|Michael Johnson|555-632-3168|4473 Lakeview Dr, Riverside|PE
15336|Jennifer Johnson|555-796-6656|9178 Lakeview Dr, Riverside|CL
15337|Michael Miller|555-592-3825|4331 Cedar Rd, Franklin|MX
15338|James Williams|555-284-6523|5534 Oak Ave, Franklin|CO
15339|John Jones|555-663-5138|8849 Cedar Rd, Riverside|PE
15340|Jennifer Garcia|555-883-4483|7615 Maple St, Madison|CL
15341|John Johnson|555-281-9312|8309 Lakeview Dr, Springfield|MX
15342|Michael Jones|555-273-9936|863 Oak Ave, Franklin|CO
15343|Linda Garcia|555-576-8238|612 Main St, Madison|PE
15344|Robert Johnson|555-578-4877|7418 Lakeview Dr, Bristol|CL
15345|Patricia Johnson|555-246-4212|8716 Cedar Rd, Springfield|MX
15346|John Smith|555-913-8102|713 Oak Ave, Madison|CO
15347|Jennifer Williams|555-614-2231|5803 Pine St, Franklin|PE
15348|Linda Miller|555-421-8239|8685 Maple St, Riverside|CL
15349|James Johnson|555-131-1177|6001 Cedar Rd, Bristol|MX
15350|Patricia Johnson|555-342-1270|4915 Main St, Madison|CO
15351|Linda Miller|555-166-9302|8474 Main St, Springfield|PE
15352|Robert Williams|555-546-4471|5235 Maple St, Riverside|CL
15353|Mary Davis|555-915-8826|2455 Main St, Madison|MX
15354|Patricia Jones|555-449-5014|2095 Cedar Rd, Riverside|CO
15355|Linda Jones|555-173-5858|8467 Main St, Greenville|PE
15356|Jennifer Garcia|555-462-7316|9405 Pine St, Greenville|CL
15357|Michael Jones|555-285-1492|8993 Lakeview Dr, Riverside|MX
15358|James Smith|555-983-1032|5629 Maple St, Franklin|CO
15359|Patricia Jones|555-491-1303|3472 Oak Ave, Madison|PE
15360|Robert Brown|555-108-8803|1851 Maple St, Greenville|CL
15361|John Miller|555-412-5353|9220 Main St, Springfield|MX
15362|James Davis|555-254-8926|6837 Lakeview Dr, Madison|CO
15363|James Garcia|555-622-7118|8860 Main St, Springfield|PE
15364|John Jones|555-908-4958|5959 Lakeview Dr, Greenville|CL
15365|Mary Brown|555-782-8884|1628 Pine St, Franklin|MX
15366|Patricia Williams|555-964-3196|6969 Main St, Franklin|CO
15367|Linda Davis|555-730-4061|9688 Main St, Franklin|PE
15368|Mary Smith|555-897-9133|2806 Main St, Franklin|CL
15369|Mary Brown|555-201-8102|3502 Pine St, Franklin|MX
15370|Linda Jones|555-375-3757|6868 Maple St, Bristol|CO
15371|Linda Garcia|555-832-9903|8561 Pine St, Bristol|PE
15372|John Garcia|555-164-3643|7045 Cedar Rd, Bristol|CL
15373|Patricia Smith|555-360-8962|2669 Maple St, Madison|MX
15374|Robert Brown|555-185-5107|9787 Maple St, Bristol|CO
15375|Michael Williams|555-223-1897|2866 Main St, Springfield|PE
15376|Patricia Smith|555-296-4568|2549 Main St, Riverside|CL
15377|Robert Johnson|555-948-7661|9143 Pine St, Riverside|MX
15378|John Williams|555-786-9408|9562 Oak Ave, Madison|CO
15379|Linda Garcia|555-473-5392|6555 Cedar Rd, Franklin|PE
15380|Michael Garcia|555-313-4931|2665 Cedar Rd, Springfield|CL
15381|Linda Williams|555-155-6172|8776 Lakeview Dr, Springfield|MX
15382|Mary Smith|555-930-7019|9477 Main St, Springfield|CO
15383|Jennifer Smith|555-891-8964|9288 Lakeview Dr, Riverside|PE
15384|Robert Davis|555-468-5312|5484 Cedar Rd, Riverside|CL
15385|Michael Davis|555-398-9953|2739 Cedar Rd, Bristol|MX
15386|James Garcia|555-439-1184|6195 Oak Ave, Riverside|CO
15387|John Johnson|555-701-4322|4653 Lakeview Dr, Bristol|PE
15388|John Smith|555-809-2657|3961 Cedar Rd, Franklin|CL
15389|Mary Johnson|555-406-9621|871 Cedar Rd, Madison|MX
15390|James Johnson|555-148-5090|4142 Pine St, Greenville|CO
15391|Jennifer Garcia|555-520-8919|2127 Main St, Springfield|PE
15392|Jennifer Smith|555-939-7693|5810 Maple St, Greenville|CL
15393|John Johnson|555-955-9573|1121 Lakeview Dr, Bristol|MX
15394|John Brown|555-893-9573|8795 Cedar Rd, Greenville|CO
15395|Patricia Miller|555-554-5590|6026 Cedar Rd, Bristol|PE
15396|Mary Garcia|555-492-9214|3194 Main St, Bristol|CL
15397|Jennifer Johnson|555-260-4677|1140 Cedar Rd, Springfield|MX
15398|Robert Davis|555-162-3822|6794 Maple St, Franklin|CO
15399|Jennifer Miller|555-541-3912|1594 Maple St, Franklin|PE
15400|Robert Brown|555-368-4251|9572 Oak Ave, Bristol|CL
15401|Mary Johnson|555-224-7273|9882 Pine St, Bristol|MX
15402|Patricia Miller|555-459-3231|2039 Cedar Rd, Franklin|CO
15403|Michael Davis|555-502-1891|5564 Pine St, Bristol|PE
15404|Michael Johnson|555-356-9628|9600 Lakeview Dr, Riverside|CL
15405|Robert Johnson|555-541-2878|3475 Lakeview Dr, Franklin|MX
15406|Mary Smith|555-510-9002|4472 Maple St, Madison|CO
15407|Mary Smith|555-148-8500|787 Lakeview Dr, Springfield|PE
15408|Jennifer Miller|555-534-7932|4547 Pine St, Riverside|CL
15409|Patricia Miller|555-485-3497|7825 Main St, Franklin|MX
15410|Robert Davis|555-214-6595|1810 Main St, Bristol|CO
15411|Patricia Smith|555-679-8144|5220 Pine St, Riverside|PE
15412|Robert Johnson|555-937-2162|5252 Lakeview Dr, Riverside|CL
15413|James Miller|555-313-6708|5164 Oak Ave, Franklin|MX
15414|John Garcia|555-552-6646|3521 Lakeview Dr, Greenville|CO
15415|Robert Johnson|555-260-5204|5624 Pine St, Greenville|PE
15416|John Garcia|555-837-6756|4168 Maple St, Madison|CL
15417|Linda Williams|555-905-6076|262 Main St, Bristol|MX
15418|Jennifer Williams|555-682-6799|1509 Oak Ave, Greenville|CO
15419|Robert Miller|555-573-1516|3309 Main St, Greenville|PE
15420|Linda Brown|555-887-3789|7887 Lakeview Dr, Franklin|CL
15421|John Williams|555-163-2647|9704 Cedar Rd, Riverside|MX
15422|Linda Brown|555-443-9220|6938 Lakeview Dr, Springfield|CO
15423|Mary Williams|555-488-1369|5669 Lakeview Dr, Madison|PE
15424|Linda Brown|555-894-7688|9817 Oak Ave, Springfield|CL
15425|Robert Miller|555-433-1642|5065 Lakeview Dr, Riverside|MX
15426|James Williams|555-721-5004|4430 Cedar Rd, Bristol|CO
15427|Robert Smith|555-939-2150|1614 Maple St, Bristol|PE
15428|John Johnson|555-722-8527|6996 Oak Ave, Greenville|CL
15429|Patricia Garcia|555-426-9066|5295 Cedar Rd, Franklin|MX
15430|John Williams|555-227-6366|8801 Lakeview Dr, Greenville|CO
15431|Linda Williams|555-341-3041|5963 Pine St, Bristol|PE
15432|John Johnson|555-889-1842|539 Cedar Rd, Franklin|CL
15433|Michael Smith|555-573-2547|4868 Pine St, Franklin|MX
15434|James Williams|555-984-1494|8376 Oak Ave, Bristol|CO
15435|Robert Smith|555-606-4971|1190 Lakeview Dr, Springfield|PE
15436|James Williams|555-771-3089|1466 Oak Ave, Bristol|CL
15437|Michael Williams|555-801-4838|5091 Cedar Rd, Franklin|MX
15438|Mary Jones|555-970-8467|2314 Cedar Rd, Franklin|CO
15439|Robert Jones|555-298-3464|1315 Pine St, Madison|PE
15440|Mary Smith|555-385-7275|3441 Pine St, Bristol|CL
15441|Jennifer Garcia|555-935-3776|3454 Pine St, Riverside|MX
15442|James Brown|555-422-8200|8213 Main St, Springfield|CO
15443|Patricia Garcia|555-747-4237|8336 Cedar Rd, Greenville|PE
15444|Jennifer Williams|555-991-8752|2650 Pine St, Franklin|CL
15445|Michael Smith|555-431-6533|8332 Main St, Bristol|MX
15446|Robert Davis|555-330-2389|7560 Lakeview Dr, Riverside|CO
15447|Linda Smith|555-771-4599|5807 Pine St, Franklin|PE
15448|Mary Garcia|555-132-8998|8937 Oak Ave, Madison|CL
15449|Patricia Williams|555-768-8708|9778 Lakeview Dr, Riverside|MX
15450|Jennifer Miller|555-104-7310|5682 Cedar Rd, Bristol|CO
15451|Michael Garcia|555-508-4561|5301 Main St, Springfield|PE
15452|Robert Jones|555-157-9159|3879 Main St, Franklin|CL
15453|Jennifer Miller|555-932-4155|5259 Cedar Rd, Riverside|MX
15454|Michael Miller|555-910-1760|1678 Main St, Greenville|CO
15455|Patricia Brown|555-774-7748|8974 Oak Ave, Riverside|PE
15456|John Garcia|555-266-5150|9229 Maple St, Bristol|CL
15457|Patricia Smith|555-310-3810|6697 Lakeview Dr, Franklin|MX
15458|John Johnson|555-254-6825|4004 Main St, Bristol|CO
15459|Michael Brown|555-519-3787|1716 Pine St, Madison|PE
15460|Michael Davis|555-320-7444|6853 Lakeview Dr, Bristol|CL
15461|James Jones|555-151-8852|4464 Maple St, Springfield|MX
15462|Mary Williams|555-556-8342|8889 Pine St, Riverside|CO
15463|Linda Garcia|555-956-8065|5439 Oak Ave, Springfield|PE
15464|John Davis|555-779-3744|1762 Oak Ave, Riverside|CL
15465|Mary Brown|555-512-4340|4496 Main St, Springfield|MX
15466|Robert Miller|555-555-7902|8662 Pine St, Springfield|CO
15467|Linda Smith|555-967-4253|6043 Main St, Bristol|PE
15468|Mary Garcia|555-795-2045|9585 Main St, Springfield|CL
15469|John Davis|555-936-3757|2782 Cedar Rd, Springfield|MX
15470|Linda Williams|555-307-2692|3795 Pine St, Riverside|CO
15471|Linda Garcia|555-346-4645|4958 Main St, Madison|PE
15472|Michael Williams|555-317-6759|2353 Lakeview Dr, Springfield|CL
15473|Robert Miller|555-276-2581|9210 Maple St, Madison|MX
15474|John Johnson|555-183-4627|2383 Lakeview Dr, Bristol|CO
15475|John Brown|555-275-3543|735 Cedar Rd, Springfield|PE
15476|James Brown|555-121-3447|7732 Maple St, Madison|CL
15477|Robert Brown|555-169-5399|4196 Pine St, Riverside|MX
15478|Patricia Smith|555-623-8825|300 Cedar Rd, Greenville|CO
15479|Jennifer Garcia|555-899-6019|4166 Oak Ave, Springfield|PE
15480|Linda Williams|555-497-1899|8507 Main St, Madison|CL
15481|Jennifer Williams|555-139-8440|553 Pine St, Greenville|MX
15482|Robert Smith|555-782-6166|5605 Lakeview Dr, Springfield|CO
15483|James Jones|555-367-2274|7845 Main St, Madison|PE
15484|Linda Brown|555-244-7025|7172 Cedar Rd, Madison|CL
15485|John Jones|555-785-1351|2191 Pine St, Springfield|MX
15486|James Miller|555-950-5005|8725 Cedar Rd, Riverside|CO
15487|James Jones|555-693-1007|4358 Main St, Riverside|PE
15488|John Garcia|555-953-4039|4953 Maple St, Franklin|CL
15489|Robert Davis|555-607-1745|5641 Lakeview Dr, Madison|MX
15490|Mary Smith|555-166-3954|2165 Lakeview Dr, Madison|CO
15491|Jennifer Williams|555-718-9926|4296 Maple St, Franklin|PE
15492|Jennifer Jones|555-938-4067|3710 Maple St, Springfield|CL
15493|Michael Jones|555-222-7600|8343 Pine St, Riverside|MX
15494|James Miller|555-827-2269|3582 Maple St, Springfield|CO
15495|James Miller|555-195-6269|6820 Oak Ave, Greenville|PE
15496|John Williams|555-138-3020|8157 Cedar Rd, Springfield|CL
15497|Linda Davis|555-869-9174|2137 Cedar Rd, Springfield|MX
15498|John Garcia|555-236-6326|8224 Oak Ave, Madison|CO
15499|Michael Miller|555-409-5312|8197 Pine St, Greenville|PE
15500|Jennifer Johnson|555-307-4758|162 Oak Ave, Franklin|CL
15501|Mary Miller|555-340-2301|3583 Oak Ave, Greenville|MX
15502|Michael Johnson|555-548-2503|7522 Maple St, Riverside|CO
15503|Linda Davis|555-873-3189|7808 Main St, Bristol|PE
15504|James Garcia|555-452-5629|1432 Lakeview Dr, Springfield|CL
15505|Michael Miller|555-257-9106|7468 Main St, Greenville|MX
15506|Patricia Smith|555-271-8468|3307 Main St, Springfield|CO
15507|Mary Brown|555-878-3352|6595 Cedar Rd, Greenville|PE
15508|Robert Garcia|555-626-9396|4015 Maple St, Springfield|CL
15509|Linda Brown|555-695-7654|3658 Pine St, Madison|MX
15510|James Brown|555-656-1155|1878 Oak Ave, Riverside|CO
15511|John Jones|555-356-2845|7800 Main St, Bristol|PE
15512|Jennifer Smith|555-531-3477|6721 Cedar Rd, Bristol|CL
15513|Michael Brown|555-487-6156|9299 Main St, Franklin|MX
15514|Jennifer Smith|555-994-6996|6334 Main St, Bristol|CO
15515|Michael Williams|555-365-4422|273 Main St, Springfield|PE
15516|John Johnson|555-552-8373|1626 Pine St, Bristol|CL
15517|Patricia Miller|555-541-8999|1413 Lakeview Dr, Greenville|MX
15518|Mary Davis|555-599-5156|8021 Oak Ave, Greenville|CO
15519|Michael Jones|555-183-6008|8438 Pine St, Madison|PE
15520|Linda Miller|555-655-7645|3891 Cedar Rd, Madison|CL
15521|Mary Miller|555-385-5495|6586 Maple St, Riverside|MX
15522|James Brown|555-699-6138|8744 Main St, Riverside|CO
15523|Patricia Garcia|555-811-2411|7302 Maple St, Springfield|PE
15524|James Brown|555-646-7056|5862 Cedar Rd, Riverside|CL
15525|James Garcia|555-695-6945|3502 Lakeview Dr, Springfield|MX
15526|Jennifer Williams|555-923-1198|4745 Lakeview Dr, Riverside|CO
15527|Michael Williams|555-833-4235|7862 Pine St, Riverside|PE
15528|Patricia Garcia|555-523-8104|1662 Lakeview Dr, Bristol|CL
15529|Patricia Miller|555-319-6468|4652 Cedar Rd, Riverside|MX
15530|Robert Jones|555-966-1894|3486 Cedar Rd, Riverside|CO
15531|Michael Brown|555-246-8198|1031 Main St, Bristol|PE
15532|Robert Williams|555-357-8723|446 Maple St, Madison|CL
15533|Patricia Davis|555-786-9740|9304 Main St, Springfield|MX
15534|James Jones|555-652-5812|9714 Main St, Madison|CO
15535|Robert Williams|555-735-8969|7769 Main St, Franklin|PE
15536|James Davis|555-203-3483|2085 Oak Ave, Madison|CL
15537|Patricia Johnson|555-480-9902|844 Cedar Rd, Greenville|MX
15538|Jennifer Garcia|555-893-5984|4726 Lakeview Dr, Riverside|CO
15539|John Garcia|555-267-9947|8763 Oak Ave, Springfield|PE
15540|Patricia Miller|555-586-8239|7104 Main St, Riverside|CL
15541|Patricia Williams|555-820-8294|6910 Main St, Bristol|MX
15542|Mary Jones|555-678-5473|6032 Main St, Springfield|CO
15543|Patricia Jones|555-243-5153|2933 Lakeview Dr, Riverside|PE
15544|Jennifer Davis|555-913-7789|1613 Lakeview Dr, Riverside|CL
15545|Robert Jones|555-393-7058|1821 Pine St, Springfield|MX
15546|John Garcia|555-898-5459|7467 Main St, Franklin|CO
15547|Linda Davis|555-498-9246|7769 Main St, Greenville|PE
15548|Patricia Miller|555-804-1507|3991 Main St, Madison|CL
15549|Mary Williams|555-185-6244|3741 Pine St, Bristol|MX
15550|Linda Garcia|555-552-9698|8973 Pine St, Franklin|CO
15551|Patricia Johnson|555-806-7467|7398 Main St, Bristol|PE
15552|Linda Smith|555-325-1212|8909 Maple St, Riverside|CL
15553|James Davis|555-159-8312|2150 Lakeview Dr, Riverside|MX
15554|Jennifer Miller|555-463-6897|3829 Oak Ave, Madison|CO
15555|Mary Smith|555-298-9839|7056 Oak Ave, Madison|PE
15556|John Smith|555-605-5042|6837 Pine St, Springfield|CL
15557|James Jones|555-656-5667|1636 Oak Ave, Bristol|MX
15558|Michael Johnson|555-394-3924|2648 Pine St, Bristol|CO
15559|Michael Davis|555-274-7197|871 Lakeview Dr, Springfield|PE
15560|John Brown|555-118-1514|2852 Cedar Rd, Springfield|CL
15561|Linda Jones|555-490-4887|3347 Lakeview Dr, Madison|MX
15562|John Johnson|555-619-9346|3462 Maple St, Franklin|CO
15563|John Smith|555-680-3335|4751 Oak Ave, Franklin|PE
15564|Michael Brown|555-450-7685|8922 Main St, Springfield|CL
15565|Michael Brown|555-443-2002|9451 Main St, Bristol|MX
15566|Patricia Jones|555-843-9686|710 Oak Ave, Springfield|CO
15567|John Garcia|555-252-3558|3415 Maple St, Springfield|PE
15568|Jennifer Williams|555-475-3297|9617 Oak Ave, Riverside|CL
15569|Mary Johnson|555-663-9430|2715 Cedar Rd, Franklin|MX
15570|Michael Williams|555-469-4084|1382 Pine St, Bristol|CO
15571|Jennifer Brown|555-349-4295|201 Lakeview Dr, Greenville|PE
15572|Michael Smith|555-875-8349|4766 Cedar Rd, Riverside|CL
15573|Mary Garcia|555-715-4537|423 Main St, Bristol|MX
15574|Linda Williams|555-166-1468|8032 Pine St, Greenville|CO
15575|Patricia Davis|555-980-2690|2675 Oak Ave, Madison|PE
15576|Patricia Johnson|555-280-6613|3296 Lakeview Dr, Riverside|CL
15577|Michael Brown|555-553-1548|2674 Cedar Rd, Riverside|MX
15578|James Brown|555-313-2167|2861 Main St, Greenville|CO
15579|Michael Davis|555-879-8350|9845 Cedar Rd, Madison|PE
15580|Linda Davis|555-216-3596|793 Lakeview Dr, Greenville|CL
15581|Michael Garcia|555-896-8516|3902 Lakeview Dr, Springfield|MX
15582|John Davis|555-991-3590|9604 Lakeview Dr, Riverside|CO
15583|Mary Smith|555-113-8596|7085 Oak Ave, Franklin|PE
15584|Jennifer Johnson|555-931-3604|4492 Pine St, Bristol|CL
15585|Robert Jones|555-799-1298|6982 Pine St, Madison|MX
15586|John Brown|555-255-7154|2302 Main St, Greenville|CO
15587|Linda Brown|555-941-9596|1361 Pine St, Madison|PE
15588|Robert Miller|555-219-7046|4448 Cedar Rd, Riverside|CL
15589|John Garcia|555-110-9238|265 Oak Ave, Springfield|MX
15590|James Miller|555-296-9324|3030 Oak Ave, Greenville|CO
15591|Michael Davis|555-512-2967|4934 Main St, Greenville|PE
15592|John Smith|555-746-3072|8839 Pine St, Bristol|CL
15593|John Johnson|555-654-7080|9993 Pine St, Bristol|MX
15594|Michael Davis|555-888-7460|1312 Pine St, Franklin|CO
15595|John Smith|555-838-6915|3884 Maple St, Madison|PE
15596|Robert Garcia|555-386-8473|4070 Cedar Rd, Bristol|CL
15597|Robert Davis|555-510-7364|3758 Cedar Rd, Springfield|MX
15598|Jennifer Davis|555-242-8832|736 Cedar Rd, Franklin|CO
15599|John Johnson|555-767-1346|5026 Lakeview Dr, Greenville|PE
15600|Robert Brown|555-919-5011|1053 Oak Ave, Riverside|CL
15601|Jennifer Garcia|555-187-1620|6844 Oak Ave, Madison|MX
15602|Mary Garcia|555-110-9826|9981 Maple St, Bristol|CO
15603|John Brown|555-841-4997|396 Pine St, Springfield|PE
15604|Mary Davis|555-994-8122|2829 Oak Ave, Bristol|CL
15605|Linda Garcia|555-977-9218|7307 Cedar Rd, Madison|MX
15606|Linda Jones|555-968-1859|7946 Oak Ave, Springfield|CO
15607|Linda Garcia|555-109-8524|3358 Lakeview Dr, Franklin|PE
15608|Michael Miller|555-857-6015|5363 Maple St, Madison|CL
15609|Jennifer Jones|555-133-8772|1916 Cedar Rd, Greenville|MX
15610|James Davis|555-380-8057|5774 Oak Ave, Springfield|CO
15611|Linda Smith|555-748-9489|4824 Cedar Rd, Riverside|PE
15612|Robert Miller|555-880-1678|6421 Lakeview Dr, Riverside|CL
15613|James Davis|555-914-3335|737 Main St, Madison|MX
15614|John Garcia|555-134-5804|3908 Lakeview Dr, Riverside|CO
15615|James Williams|555-801-1352|8531 Pine St, Riverside|PE
15616|Linda Davis|555-292-6163|2522 Maple St, Riverside|CL
15617|Patricia Jones|555-904-7692|7977 Lakeview Dr, Greenville|MX
15618|Linda Jones|555-653-5147|5449 Pine St, Bristol|CO
15619|John Jones|555-876-9282|9364 Oak Ave, Bristol|PE
15620|James Jones|555-429-5279|1444 Main St, Bristol|CL
15621|John Brown|555-302-1244|8046 Maple St, Greenville|MX
15622|Patricia Brown|555-575-6213|1442 Main St, Riverside|CO
15623|John Jones|555-344-2482|1627 Maple St, Greenville|PE
15624|John Jones|555-403-5561|6569 Pine St, Springfield|CL
15625|Michael Garcia|555-944-8941|9777 Main St, Bristol|MX
15626|Mary Miller|555-270-2366|2117 Oak Ave, Madison|CO
15627|James Garcia|555-629-3906|7924 Cedar Rd, Riverside|PE
15628|Jennifer Smith|555-767-5348|5767 Main St, Franklin|CL
15629|Michael Williams|555-272-2350|5558 Oak Ave, Madison|MX
15630|Mary Garcia|555-719-4790|5666 Main St, Greenville|CO
15631|Linda Williams|555-814-2979|3506 Lakeview Dr, Franklin|PE
15632|Mary Garcia|555-373-2082|9668 Main St, Greenville|CL
15633|Linda Davis|555-674-6687|5664 Main St, Greenville|MX
15634|Linda Smith|555-329-7288|3856 Pine St, Springfield|CO
15635|Patricia Smith|555-457-1274|5247 Pine St, Franklin|PE
15636|Robert Miller|555-334-4299|8914 Lakeview Dr, Madison|CL
15637|Linda Williams|555-529-4415|9716 Maple St, Franklin|MX
15638|James Brown|555-494-6763|7875 Lakeview Dr, Franklin|CO
15639|Michael Brown|555-304-8605|6269 Pine St, Greenville|PE
15640|Robert Miller|555-467-6900|310 Lakeview Dr, Greenville|CL
15641|Patricia Smith|555-259-2960|3352 Main St, Madison|MX
15642|John Brown|555-930-9931|6021 Cedar Rd, Springfield|CO
15643|John Jones|555-551-8087|6910 Pine St, Madison|PE
15644|James Miller|555-478-4909|2189 Lakeview Dr, Springfield|CL
15645|Mary Davis|555-162-4122|6111 Lakeview Dr, Greenville|MX
15646|Patricia Williams|555-958-3651|5886 Oak Ave, Bristol|CO
15647|Linda Brown|555-360-6148|5349 Maple St, Riverside|PE
15648|Michael Jones|555-295-4117|1178 Main St, Madison|CL
15649|Linda Davis|555-759-8781|7258 Main St, Madison|MX
15650|Linda Williams|555-297-8288|6028 Oak Ave, Franklin|CO
15651|Michael Jones|555-808-2106|7908 Oak Ave, Franklin|PE
15652|Michael Davis|555-434-1506|804 Cedar Rd, Bristol|CL
15653|Linda Smith|555-856-8803|9204 Lakeview Dr, Franklin|MX
15654|Robert Garcia|555-680-1491|6955 Oak Ave, Greenville|CO
15655|James Smith|555-650-3881|4331 Oak Ave, Springfield|PE
15656|Michael Garcia|555-937-6989|6622 Cedar Rd, Riverside|CL
15657|John Miller|555-678-5766|3988 Maple St, Greenville|MX
15658|Mary Miller|555-561-3217|8879 Oak Ave, Greenville|CO
15659|Mary Smith|555-742-1901|8019 Main St, Madison|PE
15660|Robert Jones|555-930-2835|8515 Maple St, Springfield|CL
15661|John Brown|555-530-8998|2708 Main St, Springfield|MX
15662|John Jones|555-454-9484|8379 Maple St, Franklin|CO
15663|Mary Miller|555-826-1285|1586 Main St, Bristol|PE
15664|Michael Brown|555-313-9755|5214 Oak Ave, Franklin|CL
15665|James Jones|555-794-8568|9219 Lakeview Dr, Springfield|MX
15666|Robert Williams|555-875-8718|3884 Maple St, Bristol|CO
15667|Jennifer Garcia|555-342-8495|7274 Oak Ave, Riverside|PE
15668|Mary Garcia|555-828-2080|1769 Cedar Rd, Franklin|CL
15669|James Smith|555-312-2674|1373 Maple St, Franklin|MX
15670|Michael Smith|555-234-4847|4216 Pine St, Springfield|CO
15671|Linda Johnson|555-881-6048|8354 Cedar Rd, Franklin|PE
15672|John Garcia|555-414-6082|5483 Lakeview Dr, Riverside|CL
15673|Linda Johnson|555-752-2377|3774 Cedar Rd, Franklin|MX
15674|Michael Johnson|555-683-9010|4296 Lakeview Dr, Franklin|CO
15675|Linda Brown|555-813-8047|3371 Oak Ave, Greenville|PE
15676|Patricia Smith|555-884-2538|1104 Maple St, Riverside|CL
15677|Linda Garcia|555-884-5447|9269 Maple St, Madison|MX
15678|Robert Smith|555-168-8854|231 Main St, Riverside|CO
15679|Michael Brown|555-849-4676|8874 Cedar Rd, Franklin|PE
15680|Mary Jones|555-183-8619|5514 Main St, Springfield|CL
15681|Patricia Brown|555-622-7541|516 Lakeview Dr, Franklin|MX
15682|James Jones|555-155-1986|675 Lakeview Dr, Bristol|CO
15683|Mary Miller|555-624-4057|7359 Pine St, Madison|PE
15684|John Smith|555-844-9122|5302 Cedar Rd, Franklin|CL
15685|Robert Jones|555-185-2801|1077 Main St, Bristol|MX
15686|Michael Davis|555-813-9153|1854 Cedar Rd, Madison|CO
15687|Patricia Smith|555-140-9893|3393 Oak Ave, Bristol|PE
15688|Michael Johnson|555-293-1707|6691 Cedar Rd, Springfield|CL
15689|Mary Davis|555-783-6971|1484 Maple St, Bristol|MX
15690|John Miller|555-644-3585|5824 Oak Ave, Greenville|CO
15691|Patricia Johnson|555-503-6954|910 Cedar Rd, Franklin|PE
15692|John Miller|555-826-9998|3873 Maple St, Springfield|CL
15693|Michael Williams|555-199-5433|8023 Cedar Rd, Riverside|MX
15694|John Williams|555-466-4956|6732 Cedar Rd, Springfield|CO
15695|John Brown|555-595-6346|1152 Oak Ave, Springfield|PE
15696|James Smith|555-564-2586|8712 Lakeview Dr, Greenville|CL
15697|John Johnson|555-848-1256|4591 Oak Ave, Riverside|MX
15698|Patricia Johnson|555-177-3173|948 Pine St, Riverside|CO
15699|Jennifer Miller|555-918-8823|4901 Main St, Riverside|PE
15700|Robert Garcia|555-433-4235|3475 Cedar Rd, Franklin|CL
15701|John Smith|555-704-7490|5710 Oak Ave, Madison|MX
15702|James Williams|555-123-6287|6156 Pine St, Franklin|CO
15703|Jennifer Brown|555-233-9172|8722 Cedar Rd, Greenville|PE
15704|Robert Jones|555-333-2990|9637 Pine St, Greenville|CL
15705|Linda Brown|555-648-8910|1627 Lakeview Dr, Madison|MX
15706|Linda Brown|555-275-8733|3881 Lakeview Dr, Greenville|CO
15707|Michael Brown|555-197-7782|2160 Main St, Franklin|PE
15708|Mary Davis|555-836-5068|6030 Lakeview Dr, Madison|CL
15709|Linda Williams|555-713-6489|7205 Oak Ave, Madison|MX
15710|Robert Garcia|555-233-9410|8559 Cedar Rd, Madison|CO
15711|Michael Davis|555-842-6528|4904 Oak Ave, Springfield|PE
15712|Linda Brown|555-571-2639|6790 Cedar Rd, Springfield|CL
15713|Patricia Williams|555-489-4289|6676 Oak Ave, Springfield|MX
15714|James Davis|555-960-1288|5886 Main St, Riverside|CO
15715|Jennifer Smith|555-165-9142|2606 Main St, Springfield|PE
15716|Michael Miller|555-194-9251|8383 Cedar Rd, Greenville|CL
15717|Mary Garcia|555-177-1624|1662 Lakeview Dr, Bristol|MX
15718|Patricia Miller|555-594-5018|688 Pine St, Franklin|CO
15719|Patricia Davis|555-846-9400|7734 Cedar Rd, Springfield|PE
15720|John Garcia|555-504-5883|6419 Cedar Rd, Madison|CL
15721|Patricia Smith|555-978-4067|1110 Main St, Springfield|MX
15722|Jennifer Garcia|555-744-7158|8149 Main St, Madison|CO
15723|James Davis|555-369-8940|7281 Pine St, Madison|PE
15724|Michael Brown|555-189-6205|3737 Maple St, Bristol|CL
15725|John Davis|555-894-8938|6778 Pine St, Franklin|MX
15726|Linda Jones|555-393-2737|2841 Maple St, Springfield|CO
15727|Mary Smith|555-509-2212|8923 Lakeview Dr, Riverside|PE
15728|Michael Johnson|555-281-2272|8562 Oak Ave, Greenville|CL
15729|Jennifer Garcia|555-163-5941|3223 Main St, Bristol|MX
15730|Robert Brown|555-276-8388|9424 Main St, Bristol|CO
15731|Mary Jones|555-165-4937|3939 Oak Ave, Riverside|PE
15732|James Johnson|555-484-2884|3519 Pine St, Riverside|CL
15733|Robert Jones|555-236-8400|6031 Lakeview Dr, Greenville|MX
15734|Mary Smith|555-193-6915|477 Maple St, Franklin|CO
15735|Robert Williams|555-521-5187|8232 Maple St, Franklin|PE
15736|Robert Johnson|555-841-9540|4061 Oak Ave, Madison|CL
15737|Michael Miller|555-859-1753|6371 Cedar Rd, Madison|MX
15738|Patricia Jones|555-668-2562|4805 Cedar Rd, Franklin|CO
15739|James Miller|555-121-2672|354 Oak Ave, Bristol|PE
15740|James Brown|555-653-2879|2643 Maple St, Bristol|CL
15741|Michael Brown|555-818-2877|6499 Lakeview Dr, Bristol|MX
15742|Mary Smith|555-625-7100|9714 Pine St, Riverside|CO
15743|Jennifer Smith|555-594-5638|9577 Main St, Madison|PE
15744|Jennifer Davis|555-818-1616|235 Main St, Springfield|CL
15745|James Brown|555-194-8929|9294 Lakeview Dr, Franklin|MX
15746|Patricia Miller|555-646-2576|4205 Oak Ave, Riverside|CO
15747|Patricia Brown|555-228-7443|3055 Pine St, Franklin|PE
15748|Linda Davis|555-904-6050|5500 Lakeview Dr, Bristol|CL
15749|Mary Johnson|555-495-5757|6605 Oak Ave, Springfield|MX
15750|Mary Miller|555-708-9846|8711 Lakeview Dr, Bristol|CO
15751|Linda Davis|555-355-5128|1006 Pine St, Bristol|PE
15752|Michael Davis|555-526-2910|114 Pine St, Greenville|CL
15753|Michael Jones|555-347-9083|3469 Lakeview Dr, Bristol|MX
15754|Patricia Johnson|555-353-1555|6616 Main St, Riverside|CO
15755|James Davis|555-668-1240|1345 Pine St, Madison|PE
15756|Patricia Jones|555-677-2796|721 Cedar Rd, Madison|CL
15757|Linda Davis|555-297-2682|3612 Oak Ave, Bristol|MX
15758|Mary Smith|555-931-7041|5840 Cedar Rd, Greenville|CO
15759|Jennifer Davis|555-757-4200|4577 Lakeview Dr, Madison|PE
15760|Jennifer Brown|555-953-2038|9489 Main St, Greenville|CL
15761|Patricia Brown|555-348-5336|190 Lakeview Dr, Riverside|MX
15762|John Brown|555-483-2772|926 Lakeview Dr, Greenville|CO
15763|Linda Johnson|555-310-1493|7442 Main St, Madison|PE
15764|Jennifer Brown|555-191-5964|8607 Pine St, Springfield|CL
15765|Patricia Miller|555-850-5749|6693 Maple St, Madison|MX
15766|Linda Jones|555-161-7657|3879 Maple St, Madison|CO
15767|Robert Davis|555-730-6671|4202 Oak Ave, Springfield|PE
15768|Robert Williams|555-897-3320|980 Maple St, Riverside|CL
15769|James Brown|555-331-4301|9796 Maple St, Franklin|MX
15770|Michael Jones|555-490-5764|7877 Oak Ave, Springfield|CO
15771|Michael Johnson|555-519-5956|3589 Oak Ave, Springfield|PE
15772|James Brown|555-584-4366|2500 Main St, Riverside|CL
15773|Patricia Johnson|555-542-4677|5155 Pine St, Riverside|MX
15774|Jennifer Garcia|555-668-4300|1573 Maple St, Bristol|CO
15775|Michael Davis|555-768-1676|9423 Oak Ave, Franklin|PE
15776|Mary Brown|555-627-9481|8125 Main St, Springfield|CL
15777|Linda Brown|555-688-9314|9612 Main St, Madison|MX
15778|Mary Garcia|555-517-7606|624 Maple St, Springfield|CO
15779|Robert Brown|555-133-4743|8477 Oak Ave, Riverside|PE
15780|John Brown|555-220-5073|4915 Main St, Springfield|CL
15781|Jennifer Davis|555-466-9761|4384 Oak Ave, Riverside|MX
15782|Michael Miller|555-200-5027|8365 Maple St, Franklin|CO
15783|Robert Johnson|555-231-4527|8300 Pine St, Franklin|PE
15784|Linda Miller|555-258-5206|9930 Lakeview Dr, Greenville|CL
15785|Mary Jones|555-457-6106|4239 Lakeview Dr, Madison|MX
15786|Jennifer Miller|555-580-3676|4483 Maple St, Madison|CO
15787|Linda Garcia|555-628-2938|8287 Cedar Rd, Springfield|PE
15788|James Johnson|555-461-1886|8363 Main St, Franklin|CL
15789|James Garcia|555-462-9998|5275 Lakeview Dr, Greenville|MX
15790|Linda Johnson|555-911-4739|4644 Maple St, Greenville|CO
15791|Robert Davis|555-628-2268|9413 Cedar Rd, Springfield|PE
15792|Linda Williams|555-529-6060|2623 Pine St, Madison|CL
15793|Mary Miller|555-854-9287|1485 Maple St, Springfield|MX
15794|Linda Williams|555-126-8167|1590 Oak Ave, Riverside|CO
15795|Robert Garcia|555-750-2916|4941 Cedar Rd, Riverside|PE
15796|John Johnson|555-587-5413|2548 Oak Ave, Franklin|CL
15797|Jennifer Johnson|555-927-2143|1414 Oak Ave, Franklin|MX
15798|Patricia Miller|555-604-3874|4995 Cedar Rd, Greenville|CO
15799|Patricia Williams|555-665-2499|9311 Cedar Rd, Bristol|PE
15800|Linda Davis|555-252-9409|2037 Oak Ave, Madison|CL
15801|Patricia Miller|555-306-9709|3607 Pine St, Greenville|MX
15802|John Johnson|555-580-4647|1312 Pine St, Greenville|CO
15803|Patricia Brown|555-306-7791|6502 Cedar Rd, Madison|PE
15804|Patricia Garcia|555-719-3708|9441 Main St, Madison|CL
15805|Linda Williams|555-494-1202|1159 Maple St, Bristol|MX
15806|Michael Garcia|555-607-1450|3908 Pine St, Riverside|CO
15807|Robert Johnson|555-516-8166|6540 Pine St, Greenville|PE
15808|Mary Davis|555-235-2987|2240 Main St, Madison|CL
15809|Mary Williams|555-715-7329|2710 Pine St, Springfield|MX
15810|Jennifer Jones|555-730-5904|2402 Oak Ave, Madison|CO
15811|Michael Brown|555-746-4764|6977 Maple St, Madison|PE
15812|Jennifer Williams|555-539-8482|7116 Main St, Madison|CL
15813|Mary Davis|555-785-5757|9483 Main St, Madison|MX
15814|Patricia Jones|555-600-4498|6307 Lakeview Dr, Springfield|CO
15815|Jennifer Garcia|555-334-6141|8754 Main St, Riverside|PE
15816|Michael Brown|555-400-7581|9899 Main St, Franklin|CL
15817|James Brown|555-982-3097|5010 Cedar Rd, Springfield|MX
15818|Mary Williams|555-896-7610|3429 Oak Ave, Greenville|CO
15819|James Garcia|555-634-5896|9561 Cedar Rd, Springfield|PE
15820|James Davis|555-491-6363|1983 Lakeview Dr, Madison|CL
15821|Patricia Williams|555-914-2803|1580 Lakeview Dr, Bristol|MX
15822|John Miller|555-318-3340|2473 Cedar Rd, Franklin|CO
15823|Michael Jones|555-202-2641|1369 Main St, Madison|PE
15824|Michael Garcia|555-444-1123|5727 Pine St, Greenville|CL
15825|Patricia Miller|555-235-8448|6038 Cedar Rd, Greenville|MX
15826|Mary Garcia|555-228-5381|5809 Maple St, Greenville|CO
15827|Jennifer Smith|555-136-9052|3712 Pine St, Franklin|PE
15828|Jennifer Smith|555-842-1433|8426 Cedar Rd, Greenville|CL
15829|Linda Jones|555-290-9448|6492 Main St, Bristol|MX
15830|Linda Smith|555-297-8669|539 Pine St, Bristol|CO
15831|Robert Williams|555-328-8288|9136 Pine St, Franklin|PE
15832|Robert Johnson|555-476-5285|6871 Oak Ave, Franklin|CL
15833|Michael Garcia|555-340-8089|3236 Main St, Greenville|MX
15834|Mary Garcia|555-556-7019|1688 Main St, Springfield|CO
15835|Michael Davis|555-420-3026|2180 Pine St, Riverside|PE
15836|John Miller|555-912-4270|601 Cedar Rd, Franklin|CL
15837|Mary Brown|555-378-1479|8606 Lakeview Dr, Greenville|MX
15838|Patricia Johnson|555-418-9887|2808 Lakeview Dr, Riverside|CO
15839|Jennifer Smith|555-776-1144|2968 Oak Ave, Riverside|PE
15840|John Smith|555-692-7830|8095 Lakeview Dr, Madison|CL
15841|Jennifer Miller|555-677-6348|3621 Pine St, Springfield|MX
15842|Jennifer Johnson|555-684-1052|4040 Pine St, Madison|CO
15843|Linda Johnson|555-828-6540|7134 Main St, Franklin|PE
15844|Patricia Williams|555-841-4328|4827 Main St, Riverside|CL
15845|Patricia Davis|555-517-3686|2427 Cedar Rd, Springfield|MX
15846|James Miller|555-414-2071|9292 Main St, Madison|CO
15847|James Jones|555-907-4704|567 Oak Ave, Franklin|PE
15848|Jennifer Miller|555-286-9416|2403 Oak Ave, Bristol|CL
15849|James Davis|555-299-6401|4706 Maple St, Riverside|MX
15850|Linda Jones|555-940-8480|8671 Pine St, Springfield|CO
15851|Michael Jones|555-256-9163|2669 Main St, Madison|PE
15852|Jennifer Miller|555-325-8643|5855 Cedar Rd, Franklin|CL
15853|James Brown|555-768-7464|9873 Maple St, Riverside|MX
15854|John Jones|555-904-5487|8417 Pine St, Springfield|CO
15855|Michael Jones|555-819-5795|8772 Main St, Springfield|PE
15856|Mary Jones|555-229-6576|3686 Lakeview Dr, Riverside|CL
15857|Jennifer Garcia|555-849-3864|5069 Main St, Greenville|MX
15858|Patricia Williams|555-750-8680|8482 Maple St, Springfield|CO
15859|Michael Jones|555-797-5333|6942 Lakeview Dr, Greenville|PE
15860|Robert Jones|555-442-1117|8399 Maple St, Franklin|CL
15861|Jennifer Smith|555-238-7401|2410 Cedar Rd, Springfield|MX
15862|Jennifer Williams|555-752-8633|3186 Oak Ave, Franklin|CO
15863|James Jones|555-948-2742|392 Pine St, Springfield|PE
15864|Patricia Smith|555-564-9270|7817 Maple St, Riverside|CL
15865|Jennifer Garcia|555-272-2053|5065 Maple St, Springfield|MX
15866|Linda Jones|555-589-2388|5534 Main St, Madison|CO
15867|John Williams|555-682-6234|8818 Main St, Riverside|PE
15868|James Williams|555-558-7058|6444 Maple St, Greenville|CL
15869|Jennifer Miller|555-852-2505|1262 Oak Ave, Greenville|MX
15870|Patricia Davis|555-655-1196|3275 Maple St, Madison|CO
15871|Jennifer Garcia|555-557-7828|1472 Maple St, Springfield|PE
15872|Michael Miller|555-256-1230|9608 Main St, Bristol|CL
15873|Linda Jones|555-910-1182|522 Maple St, Riverside|MX
15874|Patricia Brown|555-163-7831|5655 Main St, Bristol|CO
15875|Robert Smith|555-284-9372|2391 Oak Ave, Springfield|PE
15876|John Smith|555-291-7690|6772 Lakeview Dr, Greenville|CL
15877|James Williams|555-227-3431|6369 Maple St, Greenville|MX
15878|Patricia Jones|555-134-8725|9297 Pine St, Springfield|CO
15879|Michael Brown|555-610-1579|7111 Main St, Bristol|PE
15880|Jennifer Smith|555-267-7580|8655 Pine St, Riverside|CL
15881|John Brown|555-868-2722|5157 Pine St, Franklin|MX
15882|Patricia Brown|555-233-8177|846 Pine St, Greenville|CO
15883|Mary Davis|555-844-2181|9493 Maple St, Springfield|PE
15884|Jennifer Garcia|555-582-8521|2654 Main St, Greenville|CL
15885|John Smith|555-647-3398|3512 Main St, Springfield|MX
15886|John Jones|555-774-1549|4083 Oak Ave, Springfield|CO
15887|James Davis|555-561-2724|3907 Pine St, Springfield|PE
15888|Patricia Smith|555-970-1829|8467 Pine St, Springfield|CL
15889|Mary Williams|555-918-2061|4908 Maple St, Madison|MX
15890|James Garcia|555-844-3251|4232 Main St, Springfield|CO
15891|James Davis|555-944-5668|7683 Main St, Madison|PE
15892|Robert Jones|555-561-6050|3244 Cedar Rd, Riverside|CL
15893|Linda Garcia|555-499-8018|5667 Oak Ave, Franklin|MX
15894|Mary Miller|555-324-6814|1100 Cedar Rd, Franklin|CO
15895|Linda Garcia|555-496-6043|8796 Pine St, Greenville|PE
15896|Linda Williams|555-250-9007|3960 Oak Ave, Riverside|CL
15897|John Johnson|555-482-8872|1804 Maple St, Franklin|MX
15898|Michael Williams|555-197-5400|6577 Oak Ave, Riverside|CO
15899|Jennifer Garcia|555-458-9237|2538 Pine St, Madison|PE
15900|John Garcia|555-601-1211|2783 Oak Ave, Riverside|CL
15901|Jennifer Smith|555-576-8600|5443 Lakeview Dr, Franklin|MX
15902|Mary Garcia|555-801-8581|9449 Main St, Springfield|CO
15903|John Miller|555-951-3933|6003 Pine St, Greenville|PE
15904|Mary Miller|555-991-5760|2975 Maple St, Franklin|CL
15905|James Brown|555-718-9750|1867 Oak Ave, Franklin|MX
15906|Jennifer Brown|555-606-7493|7214 Main St, Madison|CO
15907|Patricia Miller|555-962-2608|1237 Lakeview Dr, Greenville|PE
15908|Jennifer Davis|555-829-2460|7588 Main St, Springfield|CL
15909|Mary Williams|555-154-7326|7149 Main St, Greenville|MX
15910|John Miller|555-730-5489|8431 Maple St, Greenville|CO
15911|Mary Smith|555-547-1274|8676 Oak Ave, Riverside|PE
15912|James Smith|555-814-7919|9999 Maple St, Madison|CL
15913|Linda Davis|555-429-4274|3538 Cedar Rd, Franklin|MX
15914|Michael Smith|555-451-6383|9735 Cedar Rd, Franklin|CO
15915|Robert Johnson|555-328-3058|5903 Main St, Madison|PE
15916|Patricia Williams|555-221-4721|6456 Cedar Rd, Franklin|CL
15917|Jennifer Williams|555-178-5077|1496 Lakeview Dr, Riverside|MX
15918|Robert Johnson|555-601-2782|403 Main St, Madison|CO
15919|Patricia Jones|555-320-1369|2494 Lakeview Dr, Springfield|PE
15920|Linda Garcia|555-499-7913|8989 Maple St, Bristol|CL
15921|Robert Brown|555-467-2298|4358 Pine St, Greenville|MX
15922|Michael Miller|555-203-3073|6343 Cedar Rd, Madison|CO
15923|Robert Brown|555-768-6983|629 Lakeview Dr, Madison|PE
15924|James Brown|555-723-7645|2276 Pine St, Madison|CL
15925|James Miller|555-512-1528|8335 Pine St, Springfield|MX
15926|Linda Garcia|555-166-6315|984 Lakeview Dr, Franklin|CO
15927|John Miller|555-319-7582|7911 Lakeview Dr, Franklin|PE
15928|John Johnson|555-346-3419|6358 Cedar Rd, Springfield|CL
15929|Patricia Williams|555-984-5620|2949 Pine St, Springfield|MX
15930|Mary Davis|555-128-2541|3605 Main St, Franklin|CO
15931|Patricia Smith|555-730-8642|4665 Oak Ave, Riverside|PE
15932|James Johnson|555-230-5516|8137 Lakeview Dr, Riverside|CL
15933|James Garcia|555-141-2808|4904 Cedar Rd, Madison|MX
15934|Robert Smith|555-394-6138|2407 Cedar Rd, Bristol|CO
15935|Jennifer Jones|555-580-7121|3814 Cedar Rd, Springfield|PE
15936|Jennifer Williams|555-804-6700|2490 Main St, Madison|CL
15937|Jennifer Brown|555-777-9035|8153 Oak Ave, Greenville|MX
15938|James Davis|555-487-8492|708 Oak Ave, Riverside|CO
15939|Linda Miller|555-422-7142|3230 Oak Ave, Franklin|PE
15940|James Miller|555-961-9411|3556 Maple St, Bristol|CL
15941|John Miller|555-712-5726|7437 Lakeview Dr, Springfield|MX
15942|Patricia Brown|555-764-9290|9308 Cedar Rd, Greenville|CO
15943|Linda Brown|555-114-6956|1199 Oak Ave, Springfield|PE
15944|Mary Brown|555-654-8978|3053 Maple St, Springfield|CL
15945|Linda Miller|555-614-4309|9665 Main St, Madison|MX
15946|Robert Miller|555-664-1860|4477 Pine St, Bristol|CO
15947|Robert Garcia|555-771-5091|7340 Lakeview Dr, Springfield|PE
15948|Robert Davis|555-546-8367|9764 Maple St, Franklin|CL
15949|Michael Garcia|555-331-4843|2589 Pine St, Madison|MX
15950|Robert Garcia|555-116-3832|1299 Maple St, Springfield|CO
15951|Michael Williams|555-853-8844|4848 Maple St, Greenville|PE
15952|Michael Smith|555-638-3439|7623 Maple St, Bristol|CL
15953|Linda Garcia|555-751-7070|7688 Lakeview Dr, Bristol|MX
15954|Michael Garcia|555-132-9656|4894 Main St, Franklin|CO
15955|Robert Davis|555-166-7841|9389 Cedar Rd, Bristol|PE
15956|John Brown|555-396-2729|8245 Oak Ave, Madison|CL
15957|Michael Brown|555-845-3998|4618 Pine St, Springfield|MX
15958|Mary Williams|555-811-9820|9992 Main St, Franklin|CO
15959|James Miller|555-242-9235|7318 Lakeview Dr, Riverside|PE
15960|Michael Smith|555-998-2593|8034 Main St, Bristol|CL
15961|Patricia Garcia|555-225-2764|8578 Oak Ave, Franklin|MX
15962|John Smith|555-359-8649|9427 Oak Ave, Riverside|CO
15963|James Smith|555-600-2853|4688 Oak Ave, Franklin|PE
15964|James Smith|555-859-5970|7837 Oak Ave, Bristol|CL
15965|John Garcia|555-892-6996|647 Lakeview Dr, Riverside|MX
15966|Robert Davis|555-734-6664|1201 Main St, Springfield|CO
15967|Patricia Smith|555-924-4602|1287 Oak Ave, Franklin|PE
15968|Jennifer Johnson|555-606-6079|6837 Oak Ave, Madison|CL
15969|Patricia Brown|555-996-9750|7631 Maple St, Springfield|MX
15970|Michael Williams|555-510-6859|4405 Oak Ave, Springfield|CO
15971|Michael Smith|555-284-4917|6586 Oak Ave, Bristol|PE
15972|Michael Miller|555-796-7500|4310 Oak Ave, Greenville|CL
15973|Jennifer Davis|555-425-7379|3888 Oak Ave, Springfield|MX
15974|John Brown|555-254-5453|2761 Main St, Bristol|CO
15975|John Brown|555-137-3483|7720 Maple St, Springfield|PE
15976|Robert Brown|555-772-6752|3079 Lakeview Dr, Greenville|CL
15977|Linda Williams|555-486-3048|5698 Lakeview Dr, Greenville|MX
15978|James Davis|555-914-7963|4893 Main St, Greenville|CO
15979|John Johnson|555-784-1398|2754 Maple St, Bristol|PE
15980|Robert Jones|555-228-2881|5567 Oak Ave, Greenville|CL
15981|James Williams|555-762-6430|6848 Cedar Rd, Springfield|MX
15982|Michael Johnson|555-284-9663|241 Lakeview Dr, Riverside|CO
15983|Michael Garcia|555-131-1611|6054 Lakeview Dr, Franklin|PE
15984|James Williams|555-586-3048|2178 Oak Ave, Springfield|CL
15985|Jennifer Davis|555-200-7641|5782 Main St, Franklin|MX
15986|Michael Williams|555-550-4308|8021 Main St, Riverside|CO
15987|Mary Johnson|555-981-3336|2283 Pine St, Greenville|PE
15988|James Jones|555-822-9947|5043 Pine St, Greenville|CL
15989|Michael Johnson|555-849-5473|1271 Pine St, Bristol|MX
15990|Patricia Garcia|555-872-8735|4811 Lakeview Dr, Riverside|CO
15991|John Williams|555-333-3842|8991 Main St, Bristol|PE
15992|John Smith|555-639-1863|9504 Lakeview Dr, Franklin|CL
15993|John Smith|555-408-9034|6560 Cedar Rd, Springfield|MX
15994|Michael Smith|555-868-6333|6919 Cedar Rd, Riverside|CO
15995|Jennifer Davis|555-341-8242|5809 Cedar Rd, Franklin|PE
15996|John Williams|555-996-7901|5015 Oak Ave, Madison|CL
15997|Robert Brown|555-923-1871|2126 Cedar Rd, Bristol|MX
15998|Linda Brown|555-603-5731|9742 Maple St, Greenville|CO
15999|Patricia Miller|555-658-3653|5216 Lakeview Dr, Madison|PE
16000|Robert Miller|555-200-2965|6691 Maple St, Franklin|CL
16001|Patricia Johnson|555-631-1803|7018 Main St, Springfield|MX
16002|Robert Jones|555-881-2455|9338 Maple St, Riverside|CO
16003|Michael Johnson|555-177-7574|8329 Main St, Springfield|PE
16004|Mary Miller|555-165-7767|4984 Oak Ave, Franklin|CL
16005|Robert Jones|555-795-1437|6950 Main St, Riverside|MX
16006|Linda Smith|555-928-6155|7057 Oak Ave, Franklin|CO
16007|Michael Jones|555-748-9331|7376 Lakeview Dr, Greenville|PE
16008|Linda Jones|555-397-5402|7361 Main St, Madison|CL
16009|Jennifer Davis|555-104-2527|5437 Oak Ave, Springfield|MX
16010|Patricia Smith|555-357-1490|1727 Cedar Rd, Franklin|CO
16011|Robert Brown|555-519-7283|1993 Oak Ave, Riverside|PE
16012|Jennifer Garcia|555-568-5663|819 Oak Ave, Riverside|CL
16013|Michael Johnson|555-510-8838|5183 Pine St, Bristol|MX
16014|Linda Williams|555-574-4229|8382 Pine St, Madison|CO
16015|James Jones|555-758-7711|8602 Maple St, Franklin|PE
16016|Linda Davis|555-160-1779|1701 Oak Ave, Riverside|CL
16017|James Garcia|555-506-8981|3137 Cedar Rd, Franklin|MX
16018|Jennifer Garcia|555-946-5056|3990 Main St, Riverside|CO
16019|Jennifer Brown|555-120-5361|7976 Lakeview Dr, Franklin|PE
16020|Robert Garcia|555-950-6727|2967 Main St, Bristol|CL
16021|John Davis|555-109-4655|4204 Main St, Franklin|MX
16022|James Jones|555-940-5285|4604 Main St, Madison|CO
16023|Patricia Brown|555-583-6893|4747 Main St, Madison|PE
16024|Patricia Brown|555-169-4322|9939 Main St, Greenville|CL
16025|Patricia Garcia|555-285-5830|4368 Pine St, Bristol|MX
16026|Linda Brown|555-105-3902|5536 Pine St, Springfield|CO
16027|Linda Smith|555-912-2120|9956 Main St, Riverside|PE
16028|Michael Brown|555-611-3382|9006 Oak Ave, Franklin|CL
16029|Mary Garcia|555-367-7680|5249 Maple St, Bristol|MX
16030|Patricia Smith|555-596-6196|2050 Oak Ave, Springfield|CO
16031|John Johnson|555-142-7931|6718 Maple St, Franklin|PE
16032|Robert Williams|555-418-2521|9245 Pine St, Greenville|CL
16033|Robert Brown|555-160-7261|8137 Main St, Bristol|MX
16034|Mary Smith|555-401-9024|4416 Oak Ave, Madison|CO
16035|John Williams|555-774-3911|7570 Main St, Franklin|PE
16036|Jennifer Garcia|555-677-1885|2934 Lakeview Dr, Bristol|CL
16037|John Johnson|555-990-1660|1951 Lakeview Dr, Greenville|MX
16038|John Davis|555-643-3004|3237 Maple St, Springfield|CO
16039|John Johnson|555-366-3278|9543 Lakeview Dr, Riverside|PE
16040|James Jones|555-628-6440|7944 Maple St, Riverside|CL
16041|Mary Garcia|555-773-3225|3821 Lakeview Dr, Riverside|MX
16042|Linda Williams|555-100-3038|6228 Maple St, Greenville|CO
16043|John Johnson|555-110-7019|9110 Main St, Riverside|PE
16044|Patricia Garcia|555-972-5622|6633 Cedar Rd, Franklin|CL
16045|Linda Smith|555-798-7425|7209 Main St, Riverside|MX
16046|Mary Williams|555-434-2324|3292 Maple St, Springfield|CO
16047|Mary Williams|555-506-2040|2677 Cedar Rd, Springfield|PE
16048|Patricia Miller|555-205-1797|392 Main St, Springfield|CL
16049|John Smith|555-119-3231|305 Pine St, Franklin|MX
16050|Robert Brown|555-822-5955|5898 Cedar Rd, Springfield|CO
16051|Robert Miller|555-891-8726|730 Lakeview Dr, Springfield|PE
16052|Robert Brown|555-139-5230|845 Main St, Madison|CL
16053|Mary Brown|555-645-6982|5843 Cedar Rd, Springfield|MX
16054|James Davis|555-666-2456|452 Cedar Rd, Riverside|CO
16055|Patricia Davis|555-491-7368|2207 Pine St, Bristol|PE
16056|John Davis|555-439-1368|2532 Maple St, Franklin|CL
16057|Mary Garcia|555-450-6198|1828 Maple St, Springfield|MX
16058|John Garcia|555-598-4471|846 Lakeview Dr, Greenville|CO
16059|James Miller|555-592-4952|9319 Pine St, Bristol|PE
16060|Patricia Jones|555-504-4804|2211 Maple St, Riverside|CL
16061|James Miller|555-116-9016|5017 Oak Ave, Riverside|MX
16062|Patricia Miller|555-370-9024|4237 Main St, Madison|CO
16063|James Davis|555-200-3658|8991 Lakeview Dr, Riverside|PE
16064|Mary Jones|555-756-9974|8542 Oak Ave, Madison|CL
16065|Jennifer Williams|555-565-6543|6311 Pine St, Madison|MX
16066|Robert Williams|555-327-7020|4813 Main St, Greenville|CO
16067|Robert Davis|555-310-5048|9277 Cedar Rd, Franklin|PE
16068|Jennifer Garcia|555-517-7478|7845 Pine St, Greenville|CL
16069|Robert Smith|555-194-6187|9174 Lakeview Dr, Greenville|MX
16070|Mary Jones|555-335-7747|5056 Pine St, Madison|CO
16071|Robert Johnson|555-239-2115|9188 Oak Ave, Franklin|PE
16072|Michael Davis|555-536-9600|5203 Cedar Rd, Franklin|CL
16073|John Johnson|555-412-4184|5792 Oak Ave, Springfield|MX
16074|Michael Johnson|555-950-5881|4202 Cedar Rd, Franklin|CO
16075|Linda Johnson|555-664-3425|7892 Oak Ave, Greenville|PE
16076|James Williams|555-189-1767|378 Oak Ave, Madison|CL
16077|Mary Smith|555-590-7057|6811 Cedar Rd, Bristol|MX
16078|Mary Davis|555-638-6741|4786 Maple St, Bristol|CO
16079|Jennifer Jones|555-908-4442|2157 Lakeview Dr, Bristol|PE
16080|Michael Jones|555-478-5972|1712 Main St, Greenville|CL
16081|Robert Williams|555-585-1341|4826 Cedar Rd, Madison|MX
16082|James Williams|555-888-6669|1042 Maple St, Madison|CO
16083|Mary Johnson|555-336-2192|3935 Maple St, Franklin|PE
16084|Linda Brown|555-861-7395|9580 Lakeview Dr, Franklin|CL
16085|Jennifer Jones|555-277-8760|3215 Pine St, Springfield|MX
16086|Patricia Jones|555-264-1115|7560 Oak Ave, Madison|CO
16087|Linda Johnson|555-591-8182|5669 Oak Ave, Riverside|PE
16088|Michael Miller|555-164-1957|3496 Cedar Rd, Greenville|CL
16089|Mary Garcia|555-657-5527|8823 Cedar Rd, Bristol|MX
16090|John Williams|555-864-2283|2599 Cedar Rd, Riverside|CO
16091|Linda Miller|555-663-2934|9139 Oak Ave, Madison|PE
16092|Jennifer Smith|555-339-6205|4003 Cedar Rd, Springfield|CL
16093|Mary Johnson|555-291-3609|8360 Maple St, Franklin|MX
16094|Patricia Brown|555-190-9331|167 Cedar Rd, Springfield|CO
16095|Patricia Williams|555-765-6364|7874 Main St, Greenville|PE
16096|Mary Williams|555-225-5968|6031 Main St, Springfield|CL
16097|Linda Davis|555-485-8033|9225 Maple St, Franklin|MX
16098|Linda Davis|555-176-6858|5112 Cedar Rd, Riverside|CO
16099|Mary Garcia|555-806-8470|3808 Lakeview Dr, Madison|PE
16100|James Jones|555-870-6459|1597 Lakeview Dr, Riverside|CL
16101|John Davis|555-885-4553|8850 Cedar Rd, Madison|MX
16102|James Williams|555-886-3270|9571 Maple St, Greenville|CO
16103|Patricia Brown|555-789-2550|2973 Main St, Bristol|PE
16104|Jennifer Davis|555-264-9309|1128 Cedar Rd, Riverside|CL
16105|John Brown|555-913-9084|1536 Maple St, Springfield|MX
16106|Mary Johnson|555-960-4826|9361 Oak Ave, Franklin|CO
16107|Patricia Garcia|555-458-6560|2145 Main St, Springfield|PE
16108|Linda Williams|555-527-1885|3581 Lakeview Dr, Madison|CL
16109|Jennifer Jones|555-381-6261|6582 Lakeview Dr, Greenville|MX
16110|Mary Williams|555-680-1224|3092 Cedar Rd, Springfield|CO
16111|Robert Brown|555-670-6899|8478 Lakeview Dr, Springfield|PE
16112|Mary Williams|555-407-9728|838 Lakeview Dr, Madison|CL
16113|Robert Brown|555-549-5575|6045 Cedar Rd, Madison|MX
16114|Linda Smith|555-798-6538|8887 Pine St, Riverside|CO
16115|Michael Williams|555-745-5436|9836 Main St, Bristol|PE
16116|Linda Brown|555-145-2200|559 Lakeview Dr, Madison|CL
16117|Linda Davis|555-398-8826|6334 Lakeview Dr, Riverside|MX
16118|James Garcia|555-431-9828|374 Pine St, Franklin|CO
16119|Linda Brown|555-540-4610|1877 Pine St, Springfield|PE
16120|John Smith|555-105-2841|6864 Main St, Riverside|CL
16121|Patricia Miller|555-936-1339|2534 Main St, Franklin|MX
16122|Linda Miller|555-755-4497|9641 Cedar Rd, Bristol|CO
16123|Jennifer Smith|555-636-8045|2577 Main St, Springfield|PE
16124|Patricia Davis|555-304-5600|2336 Cedar Rd, Springfield|CL
16125|Robert Davis|555-116-8313|5849 Pine St, Greenville|MX
16126|Robert Miller|555-582-9640|6889 Maple St, Springfield|CO
16127|Mary Davis|555-634-1661|3461 Oak Ave, Greenville|PE
16128|Mary Brown|555-449-6303|2727 Pine St, Bristol|CL
16129|Mary Miller|555-406-8122|2809 Maple St, Greenville|MX
16130|Patricia Brown|555-906-6040|2100 Oak Ave, Riverside|CO
16131|Jennifer Williams|555-698-4971|5422 Main St, Greenville|PE
16132|Michael Garcia|555-391-3825|4355 Oak Ave, Franklin|CL
16133|Michael Brown|555-617-9971|6157 Oak Ave, Franklin|MX
16134|Robert Garcia|555-948-3790|5167 Main St, Springfield|CO
16135|Mary Brown|555-374-2933|1725 Oak Ave, Madison|PE
16136|James Davis|555-919-7364|5365 Pine St, Riverside|CL
16137|Mary Miller|555-235-3374|5219 Maple St, Riverside|MX
16138|John Miller|555-698-9029|8599 Main St, Riverside|CO
16139|John Johnson|555-465-9017|2581 Pine St, Bristol|PE
16140|Jennifer Garcia|555-811-1170|9281 Pine St, Springfield|CL
16141|Robert Jones|555-330-9974|5099 Maple St, Madison|MX
16142|Robert Brown|555-524-9010|2402 Pine St, Madison|CO
16143|Jennifer Davis|555-208-2336|1455 Pine St, Bristol|PE
16144|John Davis|555-152-7429|7949 Lakeview Dr, Bristol|CL
16145|Patricia Jones|555-805-3421|9016 Cedar Rd, Springfield|MX
16146|Patricia Garcia|555-722-7331|7654 Oak Ave, Riverside|CO
16147|Robert Johnson|555-934-4457|4999 Oak Ave, Riverside|PE
16148|Jennifer Miller|555-507-3870|3701 Pine St, Greenville|CL
16149|Patricia Smith|555-400-6952|885 Pine St, Bristol|MX
16150|John Brown|555-360-2529|1251 Main St, Madison|CO
16151|Mary Jones|555-793-6896|9828 Cedar Rd, Madison|PE
16152|Patricia Johnson|555-309-8465|6772 Cedar Rd, Greenville|CL
16153|James Miller|555-173-5316|5071 Oak Ave, Riverside|MX
16154|Linda Miller|555-327-9559|1576 Lakeview Dr, Bristol|CO
16155|Mary Garcia|555-746-7007|2384 Main St, Greenville|PE
16156|John Jones|555-199-1615|9233 Pine St, Franklin|CL
16157|John Garcia|555-309-2936|3342 Pine St, Riverside|MX
16158|Mary Williams|555-859-2389|9878 Oak Ave, Greenville|CO
16159|Michael Jones|555-389-5597|2620 Cedar Rd, Riverside|PE
16160|Mary Miller|555-441-1233|3945 Main St, Riverside|CL
16161|Jennifer Jones|555-630-3754|2383 Lakeview Dr, Franklin|MX
16162|Michael Jones|555-705-1287|3955 Oak Ave, Riverside|CO
16163|Linda Smith|555-900-5825|3812 Cedar Rd, Franklin|PE
16164|James Davis|555-683-5995|6385 Main St, Madison|CL
16165|John Johnson|555-293-7492|6555 Oak Ave, Springfield|MX
16166|James Davis|555-894-6806|1636 Oak Ave, Franklin|CO
16167|Robert Smith|555-126-7346|6898 Maple St, Madison|PE
16168|Jennifer Garcia|555-799-1754|8135 Lakeview Dr, Madison|CL
16169|John Williams|555-280-5137|7618 Pine St, Franklin|MX
16170|John Miller|555-249-4593|619 Cedar Rd, Greenville|CO
16171|Mary Johnson|555-482-9563|3163 Cedar Rd, Madison|PE
16172|Patricia Davis|555-639-4908|5512 Maple St, Franklin|CL
16173|James Garcia|555-278-4047|9541 Cedar Rd, Franklin|MX
16174|Robert Johnson|555-204-7279|5717 Oak Ave, Franklin|CO
16175|Linda Brown|555-481-2058|8712 Pine St, Springfield|PE
16176|Mary Brown|555-944-9422|5733 Lakeview Dr, Bristol|CL
16177|Michael Miller|555-201-1193|4845 Lakeview Dr, Springfield|MX
16178|Patricia Williams|555-211-7726|9479 Main St, Riverside|CO
16179|John Miller|555-307-9914|2638 Cedar Rd, Springfield|PE
16180|Mary Johnson|555-240-4691|8698 Lakeview Dr, Greenville|CL
16181|Robert Davis|555-724-5292|621 Pine St, Madison|MX
16182|Michael Garcia|555-870-3725|1489 Pine St, Bristol|CO
16183|James Williams|555-192-3042|7968 Pine St, Riverside|PE
16184|Jennifer Williams|555-998-1257|9739 Main St, Greenville|CL
16185|James Smith|555-166-8050|1233 Cedar Rd, Madison|MX
16186|Patricia Davis|555-534-1177|3127 Oak Ave, Greenville|CO
16187|Patricia Garcia|555-349-7290|3745 Pine St, Greenville|PE
16188|James Smith|555-384-1660|4875 Oak Ave, Springfield|CL
16189|Linda Smith|555-585-2577|1495 Main St, Franklin|MX
16190|Michael Smith|555-955-4794|9480 Oak Ave, Greenville|CO
16191|Linda Smith|555-434-5174|7418 Oak Ave, Madison|PE
16192|Patricia Brown|555-115-4662|3385 Oak Ave, Madison|CL
16193|Mary Williams|555-146-2113|144 Oak Ave, Bristol|MX
16194|Mary Smith|555-853-6086|5289 Maple St, Bristol|CO
16195|Linda Garcia|555-168-2129|2483 Cedar Rd, Franklin|PE
16196|Jennifer Brown|555-972-5736|8388 Oak Ave, Springfield|CL
16197|Michael Brown|555-194-2224|2264 Maple St, Riverside|MX
16198|James Johnson|555-417-4453|343 Cedar Rd, Riverside|CO
16199|James Miller|555-578-9012|236 Lakeview Dr, Riverside|PE
16200|Robert Jones|555-490-7122|2625 Lakeview Dr, Riverside|CL
16201|James Williams|555-507-9265|6999 Oak Ave, Springfield|MX
16202|John Williams|555-168-7103|8487 Main St, Springfield|CO
16203|Linda Smith|555-722-9030|5169 Cedar Rd, Bristol|PE
16204|John Jones|555-759-3788|5383 Maple St, Greenville|CL
16205|James Davis|555-216-2554|3432 Cedar Rd, Springfield|MX
16206|John Williams|555-807-5709|3031 Lakeview Dr, Riverside|CO
16207|Mary Smith|555-402-5973|6086 Maple St, Franklin|PE
16208|Patricia Davis|555-219-7456|7257 Pine St, Greenville|CL
16209|Mary Garcia|555-658-1286|8132 Oak Ave, Greenville|MX
16210|John Brown|555-769-2004|4924 Main St, Franklin|CO
16211|Jennifer Davis|555-444-3626|1021 Oak Ave, Bristol|PE
16212|Mary Smith|555-694-5838|9120 Pine St, Springfield|CL
16213|James Davis|555-651-8946|4496 Cedar Rd, Franklin|MX
16214|Jennifer Garcia|555-828-7883|3287 Pine St, Madison|CO
16215|John Davis|555-675-7339|2286 Maple St, Bristol|PE
16216|Jennifer Davis|555-252-5386|4452 Cedar Rd, Franklin|CL
16217|Michael Garcia|555-638-5774|2421 Maple St, Bristol|MX
16218|Linda Davis|555-713-3913|919 Maple St, Riverside|CO
16219|Patricia Miller|555-950-8171|7628 Pine St, Riverside|PE
16220|Jennifer Johnson|555-452-8126|3869 Main St, Springfield|CL
16221|Mary Jones|555-272-7331|6679 Maple St, Madison|MX
16222|James Garcia|555-112-2229|2994 Lakeview Dr, Bristol|CO
16223|James Brown|555-473-9725|2970 Oak Ave, Franklin|PE
16224|Jennifer Williams|555-242-1226|7125 Main St, Madison|CL
16225|James Garcia|555-217-7677|1230 Pine St, Bristol|MX
16226|Robert Jones|555-885-1712|9201 Cedar Rd, Riverside|CO
16227|James Jones|555-962-1080|3452 Main St, Springfield|PE
16228|James Davis|555-725-2835|7250 Pine St, Franklin|CL
16229|James Garcia|555-361-1401|5873 Pine St, Madison|MX
16230|Mary Johnson|555-884-2713|9113 Oak Ave, Bristol|CO
16231|Robert Miller|555-296-9976|6061 Pine St, Riverside|PE
16232|Mary Williams|555-630-6744|9213 Maple St, Bristol|CL
16233|Robert Brown|555-282-1962|1708 Cedar Rd, Madison|MX
16234|Robert Davis|555-237-6109|243 Lakeview Dr, Riverside|CO
16235|Michael Johnson|555-837-1246|7414 Cedar Rd, Springfield|PE
16236|Robert Miller|555-234-3176|5173 Maple St, Bristol|CL
16237|Linda Jones|555-450-7757|8802 Maple St, Greenville|MX
16238|Linda Miller|555-685-9965|1093 Main St, Franklin|CO
16239|Jennifer Brown|555-764-8457|208 Maple St, Springfield|PE
16240|Jennifer Miller|555-346-5471|9530 Cedar Rd, Franklin|CL
16241|Linda Brown|555-888-5833|1564 Maple St, Riverside|MX
16242|Mary Johnson|555-461-6605|6670 Pine St, Bristol|CO
16243|Michael Williams|555-272-7703|6787 Oak Ave, Springfield|PE
16244|Robert Miller|555-757-8582|1813 Pine St, Springfield|CL
16245|John Miller|555-530-8973|3938 Oak Ave, Bristol|MX
16246|Linda Williams|555-239-3451|5241 Pine St, Bristol|CO
16247|James Garcia|555-424-2632|6601 Pine St, Franklin|PE
16248|Jennifer Miller|555-239-9437|8602 Cedar Rd, Franklin|CL
16249|Michael Smith|555-674-8527|3679 Maple St, Bristol|MX
16250|Michael Johnson|555-580-7891|6394 Lakeview Dr, Riverside|CO
16251|Linda Davis|555-761-6291|7756 Cedar Rd, Bristol|PE
16252|John Miller|555-697-1197|7206 Maple St, Bristol|CL
16253|John Miller|555-280-3529|5954 Pine St, Riverside|MX
16254|Linda Jones|555-855-1885|2627 Maple St, Madison|CO
16255|Mary Miller|555-284-2924|5951 Pine St, Greenville|PE
16256|Linda Jones|555-804-2901|225 Lakeview Dr, Bristol|CL
16257|Robert Johnson|555-693-5134|5241 Oak Ave, Greenville|MX
16258|James Brown|555-746-2266|2997 Lakeview Dr, Greenville|CO
16259|Robert Smith|555-743-7242|7738 Maple St, Franklin|PE
16260|Patricia Miller|555-339-7084|8833 Main St, Riverside|CL
16261|Mary Davis|555-552-7213|8462 Lakeview Dr, Greenville|MX
16262|James Jones|555-288-4781|2216 Cedar Rd, Riverside|CO
16263|Jennifer Miller|555-651-9811|1145 Pine St, Madison|PE
16264|Mary Brown|555-554-9936|6887 Pine St, Greenville|CL
16265|Robert Garcia|555-730-7843|2615 Oak Ave, Franklin|MX
16266|Patricia Williams|555-162-3807|3538 Main St, Springfield|CO
16267|Patricia Brown|555-358-7663|1598 Maple St, Franklin|PE
16268|Robert Jones|555-198-8706|6899 Lakeview Dr, Madison|CL
16269|Jennifer Davis|555-140-5818|4418 Cedar Rd, Bristol|MX
16270|Linda Jones|555-332-6315|7623 Cedar Rd, Greenville|CO
16271|Mary Davis|555-635-8196|5418 Pine St, Riverside|PE
16272|Patricia Williams|555-177-4735|9139 Maple St, Franklin|CL
16273|Linda Brown|555-507-7389|291 Main St, Springfield|MX
16274|Jennifer Johnson|555-778-2374|9807 Main St, Madison|CO
16275|Jennifer Johnson|555-176-4160|4818 Pine St, Madison|PE
16276|Robert Miller|555-540-2610|2772 Oak Ave, Greenville|CL
16277|Linda Smith|555-904-6312|7131 Oak Ave, Springfield|MX
16278|James Davis|555-128-6021|3733 Maple St, Madison|CO
16279|Robert Brown|555-328-5370|6665 Maple St, Springfield|PE
16280|Robert Williams|555-973-4725|1899 Pine St, Franklin|CL
16281|Linda Davis|555-507-3487|1566 Lakeview Dr, Bristol|MX
16282|Jennifer Smith|555-349-5356|9810 Maple St, Springfield|CO
16283|Michael Smith|555-467-9724|6950 Lakeview Dr, Riverside|PE
16284|Mary Davis|555-514-8089|3268 Maple St, Bristol|CL
16285|John Johnson|555-241-2130|7604 Lakeview Dr, Greenville|MX
16286|Robert Jones|555-303-6373|4015 Cedar Rd, Franklin|CO
16287|Mary Williams|555-869-6148|4292 Lakeview Dr, Franklin|PE
16288|Michael Jones|555-907-3634|793 Oak Ave, Franklin|CL
16289|Michael Jones|555-460-5331|7377 Main St, Riverside|MX
16290|Linda Smith|555-978-1928|2986 Main St, Riverside|CO
16291|James Smith|555-690-5785|4988 Cedar Rd, Greenville|PE
16292|Jennifer Smith|555-831-9371|4367 Pine St, Springfield|CL
16293|Linda Jones|555-571-1683|6162 Oak Ave, Greenville|MX
16294|Linda Williams|555-619-2843|443 Pine St, Franklin|CO
16295|Mary Williams|555-335-5491|4454 Pine St, Greenville|PE
16296|Patricia Miller|555-197-1212|3180 Oak Ave, Madison|CL
16297|Linda Smith|555-591-3668|7222 Oak Ave, Springfield|MX
16298|James Davis|555-846-7493|5525 Oak Ave, Bristol|CO
16299|James Smith|555-513-2217|9973 Lakeview Dr, Greenville|PE
16300|Linda Miller|555-427-9981|2304 Maple St, Madison|CL
16301|John Brown|555-617-1762|9694 Main St, Bristol|MX
16302|James Jones|555-421-1741|3108 Pine St, Greenville|CO
16303|John Brown|555-153-5169|6339 Cedar Rd, Riverside|PE
16304|Michael Brown|555-249-7646|6207 Lakeview Dr, Franklin|CL
16305|Robert Davis|555-904-8021|3574 Cedar Rd, Bristol|MX
16306|Michael Garcia|555-325-8159|8912 Maple St, Riverside|CO
16307|John Williams|555-703-1768|2403 Cedar Rd, Bristol|PE
16308|Mary Miller|555-893-8958|6051 Oak Ave, Madison|CL
16309|Robert Williams|555-284-8143|6408 Oak Ave, Greenville|MX
16310|John Smith|555-780-5338|1858 Main St, Bristol|CO
16311|Mary Davis|555-829-5082|9682 Main St, Greenville|PE
16312|Patricia Johnson|555-915-5377|5218 Maple St, Riverside|CL
16313|Robert Smith|555-516-1260|6494 Maple St, Madison|MX
16314|Michael Garcia|555-121-6737|9824 Maple St, Madison|CO
16315|Mary Garcia|555-205-2621|2667 Main St, Madison|PE
16316|John Smith|555-417-4787|1939 Oak Ave, Franklin|CL
16317|Michael Miller|555-969-3207|9405 Pine St, Madison|MX
16318|John Johnson|555-980-8048|6189 Pine St, Franklin|CO
16319|Michael Brown|555-872-1957|5701 Oak Ave, Franklin|PE
16320|Jennifer Jones|555-494-1718|6539 Lakeview Dr, Riverside|CL
16321|Linda Brown|555-439-6890|2122 Lakeview Dr, Riverside|MX
16322|James Miller|555-368-7442|6370 Main St, Madison|CO
16323|John Jones|555-627-7120|6120 Main St, Springfield|PE
16324|Patricia Brown|555-531-7600|4511 Pine St, Riverside|CL
16325|Robert Smith|555-833-3133|2393 Cedar Rd, Riverside|MX
16326|Michael Brown|555-619-1813|7147 Lakeview Dr, Greenville|CO
16327|John Brown|555-243-5543|5561 Main St, Springfield|PE
16328|Patricia Johnson|555-913-9697|3919 Pine St, Springfield|CL
16329|Michael Williams|555-189-8565|9277 Maple St, Bristol|MX
16330|Robert Brown|555-226-4199|9224 Lakeview Dr, Riverside|CO
16331|Patricia Smith|555-158-6833|5768 Cedar Rd, Franklin|PE
16332|Michael Williams|555-233-1962|8010 Main St, Riverside|CL
16333|Michael Smith|555-592-3657|8081 Oak Ave, Bristol|MX
16334|Michael Miller|555-431-9553|8277 Main St, Greenville|CO
16335|Jennifer Brown|555-818-5600|3598 Maple St, Madison|PE
16336|John Miller|555-604-5778|7667 Maple St, Greenville|CL
16337|Robert Smith|555-101-8464|7509 Oak Ave, Riverside|MX
16338|Michael Garcia|555-283-3265|9873 Oak Ave, Madison|CO
16339|Robert Johnson|555-255-1558|3869 Oak Ave, Franklin|PE
16340|Linda Davis|555-662-1591|2148 Maple St, Bristol|CL
16341|Mary Miller|555-721-8688|5643 Lakeview Dr, Madison|MX
16342|Linda Johnson|555-129-8741|3543 Oak Ave, Greenville|CO
16343|Michael Brown|555-562-3130|1493 Oak Ave, Madison|PE
16344|Jennifer Johnson|555-482-2640|6014 Cedar Rd, Bristol|CL
16345|Linda Johnson|555-450-3822|3730 Pine St, Greenville|MX
16346|Patricia Williams|555-681-5637|7678 Main St, Greenville|CO
16347|Robert Brown|555-873-9242|4156 Lakeview Dr, Bristol|PE
16348|Patricia Miller|555-402-4072|3072 Pine St, Bristol|CL
16349|Mary Davis|555-883-3995|6120 Main St, Bristol|MX
16350|John Jones|555-513-6083|9163 Cedar Rd, Franklin|CO
16351|John Jones|555-756-5600|6718 Pine St, Springfield|PE
16352|Patricia Jones|555-562-6175|4204 Cedar Rd, Bristol|CL
16353|Patricia Garcia|555-323-4191|2352 Oak Ave, Riverside|MX
16354|Mary Brown|555-293-6048|2863 Cedar Rd, Riverside|CO
16355|Michael Smith|555-676-8074|3910 Pine St, Riverside|PE
16356|Robert Smith|555-526-8367|5573 Main St, Springfield|CL
16357|Mary Williams|555-440-6656|4707 Cedar Rd, Riverside|MX
16358|Robert Jones|555-212-5087|3782 Cedar Rd, Bristol|CO
16359|Robert Smith|555-652-1621|8971 Maple St, Springfield|PE
16360|Mary Brown|555-629-8984|7455 Main St, Springfield|CL
16361|Mary Williams|555-242-7315|5070 Pine St, Riverside|MX
16362|Robert Garcia|555-385-8322|6182 Main St, Madison|CO
16363|Michael Brown|555-487-7524|6767 Oak Ave, Riverside|PE
16364|James Williams|555-173-7904|8276 Main St, Franklin|CL
16365|Jennifer Miller|555-799-7938|6308 Cedar Rd, Springfield|MX
16366|Mary Williams|555-973-1524|6555 Lakeview Dr, Madison|CO
16367|Jennifer Davis|555-356-7284|4508 Oak Ave, Riverside|PE
16368|Jennifer Davis|555-994-9738|2242 Main St, Greenville|CL
16369|Linda Williams|555-803-4267|1955 Lakeview Dr, Madison|MX
16370|Linda Jones|555-251-3432|5682 Main St, Riverside|CO
16371|Linda Williams|555-867-8613|4358 Main St, Franklin|PE
16372|Patricia Johnson|555-136-5707|5322 Maple St, Greenville|CL
16373|Mary Brown|555-846-8319|1502 Maple St, Springfield|MX
16374|Jennifer Brown|555-247-4439|7055 Lakeview Dr, Madison|CO
16375|Robert Garcia|555-260-6539|5722 Pine St, Greenville|PE
16376|Mary Miller|555-834-3710|5036 Cedar Rd, Franklin|CL
16377|Robert Davis|555-214-7422|5294 Oak Ave, Riverside|MX
16378|Linda Brown|555-943-8831|9270 Oak Ave, Madison|CO
16379|Jennifer Williams|555-827-5777|5100 Main St, Greenville|PE
16380|John Williams|555-678-6586|109 Maple St, Bristol|CL
16381|Michael Miller|555-842-6524|4153 Oak Ave, Riverside|MX
16382|John Davis|555-307-3692|3398 Lakeview Dr, Greenville|CO
16383|Linda Johnson|555-573-9092|6787 Main St, Madison|PE
16384|Mary Brown|555-201-4948|3493 Pine St, Bristol|CL
